SMILES,6Y9S_SP,4WHZ_SP,Weight,LogP,SA,QED,TPSA,HBA,HBD,RotBond,Filtered,3D_best_gsk3b,3D_sim_gsk3b,3D_best_jnk3,3D_sim_jnk3,3D_sim_2D_gsk3b,3D_sim_2D_jnk3
CC(Oc1cc(C(=O)N(C)C)ccc1Nc1nc(OC2CCC(C)(O)CC2)c2c(Cl)c[nH]c2n1)C(F)(F)F,-7.597275214,-7.933666633,555.985,5.4587,3.742990665,0.354753706,112.6,7,3,7,TRUE,CHEMBL319467,0.503586801,CHEMBL4546504,1,0.21,1
NC(=O)c1ccccc1Nc1nc(Nc2ccc(N3CCCC3=O)cc2)ncc1Cl,-9.452909072,-7.892653082,422.876,3.8429,2.308541296,0.555768587,113.24,6,3,6,TRUE,CHEMBL402932,0.652684564,CHEMBL3220502,1,0.337837838,1
NC(=O)c1ccccc1Nc1nc(Nc2ccc(N3CCOCC3)c(F)c2)ncc1Cl,-8.356277677,-7.657584023,442.882,3.6918,2.376420558,0.53420597,105.4,7,3,6,FALSE,CHEMBL402932,0.638913344,CHEMBL3220499,1,0.283950617,1
NC(=O)c1ccccc1Nc1nc(Nc2ccc(N3CCOCC3)cc2)ncc1Cl,-8.960214591,-7.766591614,424.892,3.5527,2.267454935,0.555193669,105.4,7,3,6,FALSE,CHEMBL402932,0.637328899,CHEMBL3220493,1,0.352112676,1
COc1cc(Nc2ncc(Cl)c(Nc3ccccc3C(N)=O)n2)ccc1N1CCOCC1,-9.192848032,-7.775077688,454.918,3.5613,2.386941508,0.496086348,114.63,8,3,7,FALSE,13918,0.595094124,CHEMBL3220497,1,0.274725275,1
C=CC(=O)Nc1cccc(C(=O)Nc2ccc(Nc3cc(-c4c(-c5ccc(F)cc5)nc(SC)n4C)ccn3)cc2)c1,-6.86431978,-8.537298043,578.673,7.1305,2.71555312,0.127086689,100.94,7,3,9,FALSE,51376218,0.498567546,CHEMBL4077018,1,0.178294574,1
NC(=O)c1ccccc1Nc1nc(Nc2ccc(N3CCOCC3)cc2F)ncc1Cl,-7.898694126,-8.017898916,442.882,3.6918,2.400937584,0.53420597,105.4,7,3,6,TRUE,CHEMBL2391123,0.576948627,CHEMBL3220496,1,0.151162791,1
Cc1cc(Nc2ncc(Cl)c(Nc3ccccc3C(N)=O)n2)ccc1N1CCOCC1,-7.552206317,-7.753609283,438.919,3.86112,2.371054784,0.5361549,105.4,7,3,6,FALSE,CHEMBL402541,0.628140704,CHEMBL3220498,1,0.264367816,1
COc1ccc(Nc2ncc(Cl)c(Nc3ccccc3C(N)=O)n2)cc1,-8.821209422,-7.601799762,369.812,3.7247,2.051694354,0.611554127,102.16,6,3,6,TRUE,13896,0.678787879,CHEMBL3220494,1,0.210526316,1
CN(C)CC=CC(=O)Nc1cccc(C(=O)Nc2ccc(Nc3nccc(-c4c(-c5ccccc5)nn5ccccc45)n3)cc2)c1,-7.204224223,-8.687015827,608.706,6.5105,2.815382501,0.151873483,116.55,8,3,10,FALSE,346043,0.457924034,CHEMBL3393608,1,0.14953271,1
Cc1ccc(C(=O)Nc2ccc(Nc3nccc(-c4cccnc4)n3)cc2)cc1NC(=O)C=CCN(C)C,-6.757126142,-8.206790737,507.598,4.89922,2.52971409,0.276339356,112.14,7,3,9,FALSE,CHEMBL4278287,0.513909686,188576,1,0.18487395,1
Cc1ccc(NC(=O)C=CCN(C)C)cc1C(=O)Nc1ccc(Nc2nccc(-c3cccnc3)n2)cc1,-8.814706323,-8.783692428,507.598,4.89922,2.55412397,0.276339356,112.14,7,3,9,FALSE,50234923,0.524183007,188575,1,0.13,1
C=CC(=O)Nc1cccc(C(=O)Nc2ccc(Nc3cc(-c4[nH]c(SC)nc4-c4ccc(F)cc4)ccn3)cc2)c1,-7.537605719,-11.44116047,564.646,7.1201,2.669363932,0.112046792,111.8,6,4,9,FALSE,CHEMBL4293305,0.494649417,CHEMBL4062023,1,0.176470588,1
CN(C)CC=CC(=O)Nc1cccc(C(=O)Nc2ccc(Nc3nccc(-c4cccnc4)n3)cc2)c1,-7.817887424,-8.472323709,493.571,4.5908,2.482171927,0.29242007,112.14,7,3,9,FALSE,CHEMBL2046466,0.552618601,CHEMBL3393607,1,0.175257732,1
N#Cc1ccc(Nc2ncc(Cl)c(Nc3ccccc3C(N)=O)n2)cc1,-9.082744653,-8.077906227,364.796,3.58778,2.205618679,0.636529011,116.72,6,3,5,TRUE,CHEMBL188938,0.691363312,CHEMBL3220500,1,0.25,1
COc1cc(N2CCOCC2)ccc1Nc1ncc(Cl)c(Nc2ccccc2C(N)=O)n1,-7.427918039,-7.951000106,454.918,3.5613,2.400504719,0.496086348,114.63,8,3,7,TRUE,CHEMBL404565,0.608640259,CHEMBL3220495,1,0.233333333,1
C=CC(=O)Nc1cccc(C(=O)Nc2ccc(Nc3nccc(-c4cccnc4)n3)cc2)c1,-7.184481044,-7.486908868,436.475,4.659,2.258809795,0.363723215,108.9,6,3,7,FALSE,CHEMBL4293305,0.603813356,188571,1,0.155963303,1
Cc1cc(NC(=O)c2cccc(NC(=O)C=CCN(C)C)c2)ccc1Nc1nccc(-c2cccnc2)n1,-8.013760084,-8.298019749,507.598,4.89922,2.572198917,0.276339356,112.14,7,3,9,FALSE,CHEMBL407730,0.490772885,188574,1,0.2,1
Oc1onc(-c2ccnc(Nc3ccc(N4CCOCC4)cc3)c2)c1-c1ccc(F)cc1,-7.920663975,-11.92793043,432.455,4.8285,2.53664914,0.467370099,83.65,7,2,5,FALSE,CHEMBL4802108,0.607477642,CHEMBL3099975,1,0.157894737,1
O=C(NC1CC1)c1cc(-n2ncc3cc(Nc4ccccc4Cl)c(F)cc32)cs1,-6.798932622,-8.903148454,426.904,5.5153,2.650198378,0.441717266,58.95,5,2,5,TRUE,14648,0.584745763,CHEMBL4861739,1,0.189473684,1
[H]C([H])([H])N1CCC(NC(=O)c2cc(-n3ncc4cc(Nc5ccccc5Cl)ccc43)cs2)C1,-8.864652768,-9.029351068,451.983,4.9179,3.07053139,0.451884029,62.19,6,2,5,TRUE,1216168,0.58364701,CHEMBL4875508,1,0.138888889,1
NC(=O)c1ccccc1Nc1nc(Nc2ccc(F)cc2)ncc1Cl,-8.93646913,-7.632196116,357.776,3.8552,2.066125126,0.644469382,92.93,5,3,5,TRUE,CHEMBL2203556,0.706027596,CHEMBL3217784,1,0.28,1
O=C(NC1CCNCC1)c1cccc(-c2n[nH]c3cc(Nc4ccccc4Cl)ccc23)c1,-7.847306974,-9.071138689,445.954,5.1087,2.403733428,0.343867898,81.84,4,4,5,TRUE,CHEMBL4228654,0.579760053,CHEMBL194806,1,0.157894737,1
CCCn1c(C2CCNCC2)nc(-c2ccc(Cl)c(Cl)c2)c1-c1ccnc(NC2CCCCC2)n1,-6.732711225,-5.915316202,513.517,6.9355,2.840122208,0.358464592,67.66,6,2,7,TRUE,CHEMBL4455711,0.491826581,CHEMBL437747,1,0.186813187,1
CCCn1c(C2CCN(C)CC2)nc(-c2ccc(Cl)c(Cl)c2)c1-c1ccnc(NC2CC2)n1,-7.664658306,-6.154364435,485.463,6.1074,2.766987854,0.43786648,58.87,6,1,7,TRUE,CHEMBL3099839,0.467929437,50383517,1,0.105263158,1
CN(C)CCNC(=O)c1ccc(-c2n[nH]c3cc(Nc4ccccc4Cl)ccc23)cc1,-7.528251912,-8.912476255,433.943,4.9183,2.234712174,0.386569846,73.05,4,3,7,TRUE,CHEMBL261660,0.534580567,CHEMBL399167,1,0.269230769,1
Cc1cc(Nc2nc3ccccc3[nH]2)c2ccccc2c1Oc1ncccc1-c1ccnc(NC2CCC(N)CC2)n1,-7.886658318,-7.360263575,556.674,7.09422,2.955704721,0.164073213,126.66,8,4,7,TRUE,CHEMBL178945,0.506366549,CHEMBL3356001,1,0.117117117,1
NC1CCC(Nc2nccc(-c3cccnc3Oc3ccc(Nc4nc5ccccc5[nH]4)c4ccccc34)n2)CC1,-8.396781343,-9.086415915,542.647,6.7858,2.831635834,0.173746844,126.66,8,4,7,TRUE,CHEMBL427726,0.481946625,CHEMBL3355999,1,0.10619469,1
C=CC(=O)Nc1cccc(C(=O)Nc2ccc(Nc3cc(-c4c(-c5ccc(F)cc5)nc(SC)n4C)ccn3)cc2)c1C,-6.192957766,-8.318912007,592.7,7.43892,2.775316369,0.121513239,100.94,7,3,9,FALSE,13934,0.350584182,CHEMBL4086457,1,0.238095238,1
C=CC(=O)Nc1cccc(C(=O)Nc2ccc(Nc3cc(-c4[nH]c(SC)nc4C)ccn3)cc2)c1,-8.176668433,-10.53491119,484.585,5.62242,2.684523447,0.190701208,111.8,6,4,8,FALSE,CHEMBL3735176,0.519209957,CHEMBL4082278,1,0.147826087,1
CCC(=O)Nc1cccc(C(=O)Nc2ccc(Nc3cc(-c4[nH]c(SC)nc4-c4ccc(F)cc4)ccn3)cc2)c1,-6.88241069,-12.00072196,566.662,7.3441,2.573338508,0.138913355,111.8,6,4,9,TRUE,CHEMBL2391117,0.467235465,CHEMBL4069805,1,0.135416667,1
N#Cc1ccc2c(ccc(=O)n2CC(=O)Nc2scc(Br)c2-c2ncn[nH]2)c1,-7.131472249,-7.597213091,455.297,3.12098,2.930133122,0.490652937,116.46,7,2,4,TRUE,CHEMBL569998,0.579034307,CHEMBL1822151,1,0.122222222,1
C=CC(=O)Nc1cccc(C(=O)Nc2ccc(Nc3cc(-c4c(-c5ccc(F)cc5)nc(SC)n4C)ccn3)c(C)c2)c1,-8.149500263,-8.704416985,592.7,7.43892,2.79796164,0.121513239,100.94,7,3,9,FALSE,CHEMBL4288850,0.47334706,CHEMBL4092555,1,0.185483871,1
CNC(=O)c1cc(-n2ncc3cc(Nc4c(F)cccc4Cl)ncc32)cs1,-8.082582469,-8.9230878,401.854,4.3777,2.855891396,0.532060013,71.84,6,2,4,TRUE,CHEMBL4633727,0.640795889,CHEMBL4877727,1,0.2,1
CNC(=O)c1cc(-n2ncc3cc(Nc4c(F)cccc4Cl)cnc32)cs1,-8.62472224,-8.696615678,401.854,4.3777,2.783084004,0.532060013,71.84,6,2,4,TRUE,CHEMBL4633607,0.626631854,CHEMBL4857979,1,0.191489362,1
N#Cc1ccc2ccc(=O)n(CC(=O)Nc3scc(Br)c3-c3ncn[nH]3)c2c1,-6.75774687,-7.603296454,455.297,3.12098,2.949900237,0.490652937,116.46,7,2,4,TRUE,339353,0.49874561,CHEMBL1822152,1,0.126315789,1
CNC(=O)c1cc(-n2ncc3cc(Nc4c(F)cccc4Cl)c(F)cc32)cs1,-7.343278926,-9.447971062,418.856,5.1218,2.798884662,0.483190251,58.95,5,2,4,TRUE,14660,0.603139832,CHEMBL4874573,1,0.166666667,1
O=C(NC1CCOC1)c1cc(-n2ncc3cc(Nc4ccccc4Cl)c(F)cc32)cs1,-7.160092682,-9.237693596,456.93,5.1418,3.246042159,0.435949111,68.18,6,2,5,TRUE,CHEMBL4228654,0.586672721,CHEMBL4874575,1,0.206185567,1
CC(C)NC(=O)c1cc(-n2ncc3cc(Nc4ccccc4Cl)c(F)cc32)cs1,-6.815533774,-8.877149823,428.92,5.7613,2.656977867,0.424448849,58.95,5,2,5,TRUE,CHEMBL4228654,0.579075708,CHEMBL4865870,1,0.282352941,1
O=C(NC1CCOCC1)c1cc(-n2ncc3cc(Nc4ccccc4Cl)c(F)cc32)cs1,-7.017923914,-8.974780815,470.957,5.5319,2.780785564,0.402040968,68.18,6,2,5,TRUE,14673,0.584202375,CHEMBL4867426,1,0.130841121,1
N#Cc1ccc2c(ccc(=O)n2CC(=O)Nc2scc(Br)c2-c2nnc[nH]2)c1,-7.16603015,-7.590648704,455.297,3.12098,3.135963122,0.490652937,116.46,7,2,4,TRUE,CHEMBL569998,0.579710145,50659455,1,0.122222222,1
N#Cc1ccc2ccc(=O)n(CC(=O)Nc3scc(Br)c3-c3nnc[nH]3)c2c1,-6.844533559,-7.869395953,455.297,3.12098,3.155730237,0.490652937,116.46,7,2,4,TRUE,CHEMBL4288850,0.477105288,50659456,1,0.155172414,1
CCCNc1nccc(-c2c(-c3ccc(F)cc3)nc3n2C(CO)CC3)n1,-8.786875415,-11.31399493,367.428,3.4477,3.096713648,0.697897332,75.86,6,2,6,TRUE,13948,0.553745567,CHEMBL198756,1,0.204301075,1
NC(=O)c1ccccc1Nc1nc(Nc2ccc(Cl)cc2)ncc1Cl,-8.904063463,-7.676722731,374.231,4.3695,2.061089806,0.616764395,92.93,5,3,5,TRUE,CHEMBL256518,0.705891354,CHEMBL3220501,1,0.322033898,1
CCOc1nc(NC(=O)Cc2cc(OC)ccc2OC)cc(N)c1C#N,-6.504639758,-7.216942383,356.382,2.13258,2.403662182,0.779550882,119.49,7,2,7,TRUE,CHEMBL3828150,0.532949856,51238616,1,0.166666667,1
CN(C)CCCC(=O)Nc1cc(C(=O)O)cc(-c2n[nH]c3cc(Nc4ccccc4Cl)ccc23)c1,-7.320493007,-8.778024892,491.979,5.6054,2.488084692,0.242204988,110.35,5,4,9,TRUE,CHEMBL407730,0.530634146,CHEMBL1092764,1,0.255102041,1
C=CC(=O)Nc1cccc(C(=O)Nc2cccc(Nc3cc(-c4c(-c5ccc(F)cc5)nc(SC)n4C)ccn3)c2)c1,-7.592240563,-8.573514641,578.673,7.1305,2.746319274,0.127086689,100.94,7,3,9,FALSE,CHEMBL4561291,0.473167247,CHEMBL4094220,1,0.356321839,1
C=CC(=O)Nc1ccc(C(=O)Nc2ccc(Nc3cc(-c4[nH]c(SC)nc4-c4ccc(F)cc4)ccn3)cc2)cc1,-5.984243585,-7.540596811,564.646,7.1201,2.645147243,0.112046792,111.8,6,4,9,FALSE,CHEMBL2386093,0.410734624,CHEMBL4082212,1,0.1,1
Cn1cnc(-c2c(Br)csc2NC(=O)CN2C(=O)CCc3ncccc32)n1,-6.412757792,-7.957578779,447.318,2.619,3.080039049,0.66403326,93.01,7,1,4,TRUE,CHEMBL4561291,0.497945675,CHEMBL1822305,1,0.184782609,1
C=CC(=O)Nc1cccc(C(=O)Nc2cccc(Nc3cc(-c4c(-c5ccc(F)cc5)nc(SC)n4C)ccn3)c2)c1C,-7.708820561,-8.856287647,592.7,7.43892,2.80557816,0.121513239,100.94,7,3,9,FALSE,51159605,0.522103039,CHEMBL4071770,1,0.104,1
CN(c1nccc(-c2cnc3ccccn23)n1)C1CCCCC1,-7.175554934,-7.742183057,307.401,3.5602,2.574327782,0.742025411,46.32,5,0,3,TRUE,CHEMBL253956,0.68832911,CHEMBL482708,1,0.151898734,1
O=C(Nc1cc(-c2ccnc(Nc3ccc(F)cc3)c2)ccn1)C1CCOC1,-9.415353356,-10.78237724,378.407,4.0013,2.76750949,0.70179099,76.14,5,2,5,TRUE,CHEMBL1092134,0.662478733,CHEMBL203839,1,0.173333333,1
COCCNC(=O)c1cc(-n2ncc3cc(Nc4ccccc4Cl)c(F)cc32)cs1,-6.735023133,-9.309877562,444.919,4.9993,2.665760795,0.393516498,68.18,6,2,7,TRUE,14673,0.583846317,CHEMBL4876387,1,0.19,1
COc1ccc(CCNc2nccc(C(C#N)=C3Nc4ccccc4S3)n2)cc1,-7.615740567,-9.562562759,401.495,4.54978,2.643347093,0.586379688,82.86,7,2,6,FALSE,50885167,0.641674781,CHEMBL370516,1,0.73015873,1
COc1ccc(CCNc2nccc(C(C#N)c3nc4ccccc4s3)n2)cc1,-7.111221161,-9.913009601,401.495,4.40498,2.945958038,0.49393999,83.72,7,1,7,TRUE,CHEMBL2391120,0.616231555,50383506,1,0.092783505,1
NC(=O)c1cccc(-c2[nH]nc3cc(Nc4ccccc4Cl)ccc23)c1,-7.850475397,-10.6718684,362.82,4.7258,2.22124672,0.49053925,83.8,3,3,4,TRUE,14656,0.572076744,CHEMBL199136,1,0.1,1
NC(=O)c1cccc(-c2n[nH]c3cc(Nc4ccccc4Cl)ccc23)c1,-9.574622867,-9.22940877,362.82,4.7258,2.141088566,0.49053925,83.8,3,3,4,TRUE,CHEMBL4633607,0.657369428,50319425,1,0.226190476,1
O=C(NCCCN1CCOCC1)c1cccc(-c2[nH]nc3cc(Nc4ccccc4Cl)ccc23)c1,-7.582088256,-10.44286465,490.007,5.079,2.448258499,0.300614247,82.28,5,3,8,TRUE,1216168,0.543390418,CHEMBL198687,1,0.211538462,1
O=C(NCCCN1CCOCC1)c1cccc(-c2n[nH]c3cc(Nc4ccccc4Cl)ccc23)c1,-8.418710954,-8.709666124,490.007,5.079,2.389890911,0.300614247,82.28,5,3,8,TRUE,CHEMBL4636722,0.557097018,50319407,1,0.112244898,1
CS(=O)(=O)Nc1ccc(-c2ccnc(Nc3ccc(-n4ccnn4)cc3)n2)cc1,-7.463641674,-7.440878622,407.459,2.8394,2.393134702,0.504930299,114.69,8,2,6,TRUE,CHEMBL4472042,0.562187926,CHEMBL571626,1,0.170731707,1
C=CC(=O)Nc1ccc(C(=O)Nc2cccc(Nc3cc(-c4c(-c5ccc(F)cc5)nc(SC)n4C)ccn3)c2)cc1,-7.64395979,-8.02788604,578.673,7.1305,2.722506197,0.127086689,100.94,7,3,9,FALSE,51159605,0.521225636,CHEMBL4072555,1,0.116666667,1
COc1c(-c2cnn(C)c2)ccc2cnc(Nc3ccc(-n4cnc(N5CCOCC5)n4)cc3)nc12,-9.969024624,-8.007878941,483.536,3.1998,2.925651449,0.389433092,108.04,11,1,6,TRUE,CHEMBL304172,0.633837571,CHEMBL1761584,1,0.226804124,1
CC(=O)N1CCC(NC(=O)c2cc(-n3ncc4cc(Nc5ccccc5Cl)c(F)cc43)cs2)C1,-7.978635137,-9.788787411,497.983,4.9737,3.245256883,0.407633668,79.26,6,2,5,TRUE,13923,0.587316271,CHEMBL4862656,1,0.138888889,1
O=C(NCC(F)F)c1cc(-n2ncc3cc(Nc4ccccc4Cl)c(F)cc32)cs1,-7.391429616,-8.866359039,450.873,5.618,2.834633128,0.400704343,58.95,5,2,6,TRUE,CHEMBL4550702,0.634543929,CHEMBL4879188,1,0.266666667,1
Cc1nc2c(cnn2-c2csc(C(=O)NC3COC3)c2)cc1Nc1c(F)cccc1Cl,-7.739248679,-10.06064719,457.918,4.45512,2.98672748,0.462317915,81.07,7,2,5,TRUE,1216168,0.593411265,CHEMBL4845770,1,0.166666667,1
CCNC(=O)N1CCC(Nc2nccc(-c3c(-c4ccccc4)[nH]c4ccccc34)n2)CC1,-8.653229047,-7.857081497,440.551,4.8977,2.475043583,0.412102642,85.94,4,3,5,TRUE,CHEMBL256987,0.530825166,CHEMBL245936,1,0.204819277,1
O=C(CN1C(=O)CCc2ccccc21)Nc1scc(Cl)c1-c1ncn[nH]1,-7.851562828,-8.066392636,387.852,3.1045,2.757735336,0.719172292,90.98,5,2,4,TRUE,CHEMBL3827219,0.601330203,CHEMBL1682014,1,0.168674699,1
CC(=O)N1CCCC(C(=O)Nc2cc(-c3ccnc(Nc4ccc(F)cc4)c3)ccn2)C1,-9.844707155,-11.32164709,433.487,4.2233,2.786932205,0.62905137,87.22,5,2,5,TRUE,13924,0.603243243,CHEMBL202639,1,0.179775281,1
CNC(=O)c1cc(-n2ncc3cc(Nc4c(F)cccc4OC)c(F)cc32)cs1,-6.964473602,-9.345333632,414.437,4.477,2.827187623,0.505439599,68.18,6,2,5,TRUE,CHEMBL3828571,0.580916403,CHEMBL4875476,1,0.186046512,1
O=C(Cn1c(=O)ccc2cc(F)c(F)cc21)Nc1scc(Br)c1-c1ncn[nH]1,-7.446366689,-8.209049884,466.267,3.5275,2.943119521,0.481613555,92.67,6,2,4,TRUE,CHEMBL253533,0.483068417,CHEMBL1822145,1,0.127659574,1
CNC(=O)c1cc(-n2ncc3cc(Nc4ccccc4Cl)c(F)cc32)cs1,-7.472968909,-8.943006218,400.866,4.9827,2.664411676,0.507427041,58.95,5,2,4,TRUE,14691,0.62525355,CHEMBL4874134,1,0.150537634,1
O=C(NC1COC1)c1cc(-n2ncc3cc(Nc4ccccc4Cl)ncc32)cs1,-7.483069536,-9.513157201,425.901,4.0076,2.846322614,0.504646757,81.07,7,2,5,TRUE,CHEMBL4228654,0.599291617,CHEMBL4872832,1,0.193548387,1
[H]C([H])([H])N1CCC(NC(=O)c2cc(-n3ncc4cc(Nc5ccccc5Cl)c(F)cc43)cs2)C1,-7.523170695,-9.46287652,469.973,5.057,3.214120666,0.428754854,62.19,6,2,5,TRUE,14673,0.595524244,CHEMBL4847175,1,0.138888889,1
O=C(CN1C(=O)CCc2ccccc21)Nc1scc(Cl)c1-c1nnc[nH]1,-7.794229606,-8.068514718,387.852,3.1045,2.977287336,0.719172292,90.98,5,2,4,TRUE,CHEMBL3827219,0.595730834,50626383,1,0.168674699,1
O=C(Cn1c(=O)ccc2cc(F)c(F)cc21)Nc1scc(Br)c1-c1nnc[nH]1,-7.414701315,-8.20048814,466.267,3.5275,3.151554964,0.481613555,92.67,6,2,4,TRUE,CHEMBL4288850,0.488661163,50659449,1,0.159292035,1
O=C(O)c1cccc(-c2[nH]nc3cc(Nc4ccccc4Cl)ccc23)c1,-6.955311274,-10.63976784,363.804,5.3251,2.186804874,0.457909044,78.01,3,3,4,TRUE,CHEMBL524059,0.628922992,CHEMBL197613,1,0.246753247,1
O=C(O)c1cccc(-c2n[nH]c3cc(Nc4ccccc4Cl)ccc23)c1,-8.566800147,-8.607920541,363.804,5.3251,2.10664672,0.457909044,78.01,3,3,4,TRUE,CHEMBL4093930,0.59831353,50319431,1,0.094736842,1
CN1CCCC(Nc2nccc(-c3cccnc3Oc3ccc(Nc4nc5ccccc5[nH]4)c4ccccc34)n2)C1,-9.303498348,-8.787950834,542.647,6.6101,3.231149119,0.207046475,103.88,8,3,7,TRUE,CHEMBL4752296,0.514300135,CHEMBL3355996,1,0.189189189,1
O=C(CN1C(=O)CCc2ncccc21)Nc1scc(Br)c1-c1ncco1,-6.269254418,-7.759261575,433.287,3.4785,3.017088566,0.680907683,88.33,6,1,4,TRUE,51159565,0.585686226,CHEMBL1822153,1,0.101010101,1
N#Cc1csc(NC(=O)CN2C(=O)CCc3ncccc32)c1-c1ncn[nH]1,-6.376225966,-8.196847505,379.405,1.71778,3.069746672,0.710273372,127.66,7,2,4,TRUE,CHEMBL3828150,0.54912787,CHEMBL1822139,1,0.113402062,1
O=C(Cn1c(=O)ccc2cnc(C(F)(F)F)cc21)Nc1scc(Br)c1-c1ncn[nH]1,-7.338432345,-7.693355221,499.272,3.6631,3.117754802,0.446149456,105.56,7,2,4,TRUE,346055,0.487371575,CHEMBL1822141,1,0.107843137,1
O=C(Cn1c(=O)ccc2cc(OC(F)(F)F)ccc21)Nc1scc(Br)c1-c1ncn[nH]1,-7.092693795,-6.889138904,514.283,4.1479,2.958087788,0.417003884,101.9,7,2,5,TRUE,CHEMBL4288850,0.519598737,CHEMBL1822149,1,0.161016949,1
OC1CCC(Nc2ncc3nc(Nc4c(F)cc(F)cc4F)n(C4CCOC4)c3n2)CC1,-8.507599618,-12.02657196,448.449,3.664,3.455200265,0.548092637,97.12,8,3,5,TRUE,CHEMBL3719193,0.599115353,CHEMBL1950289,1,0.127659574,1
N#Cc1csc(NC(=O)CN2C(=O)CCc3ccccc32)c1-c1ncn[nH]1,-6.387324068,-8.093916473,378.417,2.32278,2.830740755,0.722925788,114.77,6,2,4,TRUE,CHEMBL3593777,0.5156712,CHEMBL1682015,1,0.176470588,1
O=C(NC1COC1)c1cc(-n2ncc3cc(Nc4ccccc4Cl)cnc32)cs1,-7.357588634,-8.866750093,425.901,4.0076,2.787959427,0.504646757,81.07,7,2,5,TRUE,CHEMBL524059,0.586531226,CHEMBL4872493,1,0.177777778,1
O=C(Nc1cc(-c2ccnc(Nc3ccc(F)cc3)c2)ccn1)C1CCOCC1,-9.54698265,-10.53091005,392.434,4.3914,2.312217139,0.673436783,76.14,5,2,5,TRUE,50397446,0.616398795,CHEMBL205078,1,0.131578947,1
N#Cc1csc(NC(=O)CN2C(=O)CCc3ncccc32)c1-c1nnc[nH]1,-6.581762467,-8.226107684,379.405,1.71778,3.280854364,0.710273372,127.66,7,2,4,TRUE,13934,0.477499213,50659443,1,0.111111111,1
O=C(Cn1c(=O)ccc2cnc(C(F)(F)F)cc21)Nc1scc(Br)c1-c1nnc[nH]1,-7.045176889,-7.628375385,499.272,3.6631,3.313783373,0.446149456,105.56,7,2,4,TRUE,346055,0.480964061,50659445,1,0.107843137,1
O=C(Cn1c(=O)ccc2cc(OC(F)(F)F)ccc21)Nc1scc(Br)c1-c1nnc[nH]1,-7.079926701,-7.043183431,514.283,4.1479,3.147356754,0.417003884,101.9,7,2,5,TRUE,CHEMBL4288850,0.520230676,50659453,1,0.161016949,1
N#Cc1csc(NC(=O)CN2C(=O)CCc3ccccc32)c1-c1nnc[nH]1,-6.201172428,-8.065179221,378.417,2.32278,3.041848447,0.722925788,114.77,6,2,4,TRUE,CHEMBL4561291,0.438276441,50626384,1,0.157894737,1
O=C(Nc1cc(-c2ccnc(Nc3ccccc3)c2)ccn1)C1CCOC1,-9.317019387,-10.69687746,360.417,3.8622,2.711478456,0.722443976,76.14,5,2,5,TRUE,50230999,0.662987781,CHEMBL203535,1,0.289855072,1
Fc1ccc(-c2n[nH]cc2-c2ccnc(Nc3ccc(N4CCOCC4)cc3)c2)cc1,-9.260944707,-11.10994738,415.472,4.858,2.55416775,0.487428377,66.07,5,2,5,FALSE,CHEMBL4580131,0.594642022,CHEMBL3099962,1,0.207317073,1
N#Cc1csc(NC(=O)Cc2cccc3cnccc23)c1-c1ncn[nH]1,-7.808436082,-8.948819342,360.402,3.13428,2.847598113,0.581226714,107.35,6,2,4,TRUE,CHEMBL524059,0.538501561,CHEMBL1682018,1,0.166666667,1
COc1ccc(Oc2ncc(Cl)c(Nc3ccccc3C(N)=O)n2)cc1,-7.619869323,-7.498703348,370.796,3.7734,2.153250279,0.684697382,99.36,6,2,6,TRUE,CHEMBL402932,0.651095093,CHEMBL1923217,1,0.216216216,1
c1cc(-c2nccs2)c2nc(Nc3ccc(-n4cnc(N5CCOCC5)n4)cc3)ncc2c1,-9.014848835,-8.520641696,456.535,3.9142,2.809269017,0.425420788,93.88,10,1,5,TRUE,CHEMBL253740,0.557875624,CHEMBL1761566,1,0.253012048,1
Cc1cc(Nc2nc3ccccc3o2)c2ccccc2c1Oc1ncccc1-c1ccnc(NC2CCC(N)CC2)n1,-6.741724288,-8.096578231,557.658,7.35912,2.970993554,0.184589083,124.01,9,3,7,TRUE,CHEMBL3736462,0.499959227,CHEMBL3356003,1,0.172727273,1
CS(=O)(=O)Nc1ccc(-c2ccnc(Nc3ccc(S(N)(=O)=O)cc3)n2)cc1,-7.581697675,-7.993518024,419.488,1.9061,2.140953699,0.553280627,144.14,7,3,6,TRUE,CHEMBL2391123,0.585489834,CHEMBL585916,1,0.078947368,1
Cc1nc(C)n(-c2ccc(Nc3cc(-c4nn(C)cc4-c4ccc(F)cc4)ccn3)cc2)n1,-9.081372967,-11.35957072,439.498,5.22934,2.560137402,0.405971503,73.45,7,1,5,TRUE,CHEMBL4557420,0.60318521,CHEMBL1771718,1,0.353658537,1
O=C(Cn1c(=O)ccc2cnccc21)Nc1scc(Br)c1-c1ncn[nH]1,-6.227147089,-8.708737644,431.275,2.6443,2.930876874,0.51702481,105.56,7,2,4,TRUE,14383,0.523056002,CHEMBL1822140,1,0.127659574,1
CNC(=O)C1CCC(Nc2ncc3nc(Nc4c(F)cc(F)cc4F)n(C4CCOC4)c3n2)CC1,-7.20223358,-10.83645109,489.502,3.6653,3.471342211,0.485258884,105.99,8,3,6,TRUE,CHEMBL1957955,0.561500494,CHEMBL1950304,1,0.138888889,1
COc1cc(NC(=O)c2cccc(-n3cc(NC(=O)Nc4cccc(C)c4)cn3)c2)cc(OC)c1OC,-7.998128005,-6.826389711,501.543,5.10282,2.327458923,0.309302819,115.74,7,3,8,TRUE,CHEMBL1092754,0.548157846,CHEMBL3393599,1,0.156862745,1
Fc1ccc(-c2nc3n(c2-c2ccnc(NC4CCC4)n2)C(Cn2ccnc2)CC3)cc1,-7.948394841,-8.063554465,429.503,4.4946,3.325706385,0.488738002,73.45,7,1,6,TRUE,CHEMBL4514346,0.557928953,50383514,1,0.154639175,1
N#Cc1csc(NC(=O)Cc2cccc3cnccc23)c1-c1nnc[nH]1,-7.825889248,-8.95838909,360.402,3.13428,3.064261271,0.581226714,107.35,6,2,4,TRUE,CHEMBL524059,0.538381064,50626254,1,0.166666667,1
O=C(Cn1c(=O)ccc2cnccc21)Nc1scc(Br)c1-c1nnc[nH]1,-7.185126544,-8.812326644,431.275,2.6443,3.150428874,0.51702481,105.56,7,2,4,TRUE,CHEMBL3827219,0.597809077,50659444,1,0.197530864,1
N#Cc1csc(NC(=O)Cn2c(=O)ccc3cc(C(F)(F)F)ccc32)c1-c1ncco1,-7.750976443,-7.883318131,444.394,4.24718,2.969702643,0.507285327,100.92,7,1,4,TRUE,310209,0.580485232,CHEMBL1822307,1,0.12962963,1
O=C(Nc1cc(-c2ccnc(Nc3ccccc3)c2)ccn1)C1CCOCC1,-9.41831977,-10.75871404,374.444,4.2523,2.255207545,0.698081086,76.14,5,2,5,TRUE,CHEMBL4568087,0.612526291,CHEMBL203059,1,0.178571429,1
O=C(Cn1c(=O)ccn2nccc12)Nc1scc(Br)c1-c1ncn[nH]1,-6.213008079,-7.227675838,420.252,1.7438,3.334699313,0.522861717,109.97,8,2,4,TRUE,CHEMBL3828150,0.555987055,CHEMBL1822143,1,0.119565217,1
N#Cc1csc(NC(=O)Cn2c(=O)ccc3cc(C(F)(F)F)ccc32)c1-c1cscn1,-7.400504402,-8.319621942,460.462,4.71568,2.967854897,0.477609645,87.78,7,1,4,TRUE,346055,0.51969941,CHEMBL1822309,1,0.118811881,1
O=C(Nc1cnn(-c2csc(C(=O)NC3CCOC3)c2)c1)Nc1ccccc1Cl,-7.53004494,-8.073653171,431.905,3.7499,3.076277883,0.572689309,97.28,6,3,5,TRUE,CHEMBL4648047,0.641170684,CHEMBL4753310,1,0.210526316,1
C=CC(=O)Nc1ccc(C(=O)Nc2ccc(Nc3cc(-c4c(-c5ccc(F)cc5)nc(SC)n4C)ccn3)c(C)c2)cc1,-4.745703055,-7.762546332,592.7,7.43892,2.774538941,0.121513239,100.94,7,3,9,FALSE,CHEMBL3647952,0.341390925,CHEMBL4063964,1,0.140625,1
O=C(Cn1c(=O)ccn2nccc12)Nc1scc(Br)c1-c1nnc[nH]1,-6.213842356,-7.329751225,420.252,1.7438,3.563399313,0.522861717,109.97,8,2,4,TRUE,CHEMBL3828150,0.556822599,50659447,1,0.119565217,1
CC(=O)N1CCCC(C(=O)Nc2cc(-c3ccnc(Nc4ccccc4)c3)ccn2)C1,-9.922764174,-10.89736635,415.497,4.0842,2.730508313,0.655549561,87.22,5,2,5,TRUE,CHEMBL3398205,0.601870337,CHEMBL203225,1,0.090909091,1
COc1cc(NC(=O)c2cccc(-n3ncc4cc(Nc5ccccc5F)ccc43)c2)cc(OC)c1OC,-9.739542875,-9.290716089,512.541,6.1863,2.378230815,0.258006043,86.64,7,2,8,TRUE,14673,0.611034888,CHEMBL1233748,1,0.216494845,1
N#Cc1csc(NC(=O)Cn2c(=O)ccc3cc(C(F)(F)F)ccc32)c1-c1nccs1,-8.344243996,-8.444619353,460.462,4.71568,2.888398664,0.477609645,87.78,7,1,4,TRUE,CHEMBL1809122,0.568266979,CHEMBL1822308,1,0.126315789,1
O=C(Cn1c(=O)ccc2cc(C(F)(F)F)ccc21)Nc1scc(Br)c1-c1ncn[nH]1,-7.069485925,-7.41154587,498.284,4.2681,2.913491066,0.439904994,92.67,6,2,4,TRUE,CHEMBL4288850,0.524601001,CHEMBL1822146,1,0.153846154,1
Cn1cc(-c2ccc3cnc(Nc4ccc(-n5cnc(N6CCOCC6)n5)cc4)nc3c2-c2cnn(C)c2)cn1,-10.84872442,-7.199218077,533.6,3.5917,3.134612236,0.342761758,116.63,12,1,6,TRUE,CHEMBL304172,0.565128901,CHEMBL1761582,1,0.16,1
O=C(Cn1c(=O)ccc2ccc(C(F)(F)F)cc21)Nc1scc(Br)c1-c1ncn[nH]1,-7.096145502,-7.568469397,498.284,4.2681,2.934486121,0.439904994,92.67,6,2,4,TRUE,CHEMBL3828150,0.517656594,CHEMBL1822147,1,0.126315789,1
O=C(Cn1c(=O)ccc2cc(C(F)(F)F)ccc21)Nc1scc(Br)c1-c1nnc[nH]1,-7.054306976,-7.352228383,498.284,4.2681,3.109519637,0.439904994,92.67,6,2,4,TRUE,CHEMBL4288850,0.528931891,50659450,1,0.153846154,1
O=C(Cn1c(=O)ccc2ccc(C(F)(F)F)cc21)Nc1scc(Br)c1-c1nnc[nH]1,-7.388368574,-7.408886151,498.284,4.2681,3.130514692,0.439904994,92.67,6,2,4,TRUE,346055,0.504423824,50659451,1,0.121212121,1
Cc1c(-c2cnn(C)c2)ccc2cnc(Nc3ccc(-n4cnc(N5CCOCC5)n4)cc3)nc12,-10.1549494,-8.132696432,467.537,3.49962,2.884596512,0.419394653,98.81,10,1,5,TRUE,CHEMBL304172,0.61339487,CHEMBL1761579,1,0.16,1
Cn1cc(-c2ccc3cnc(Nc4ccc(-n5cnc(N6CCOCC6)n5)cc4)nc3c2-c2ccccc2)cn1,-10.96904403,-7.466918918,529.608,4.8582,2.91234167,0.326749332,98.81,10,1,6,TRUE,CHEMBL304172,0.569263649,CHEMBL1761583,1,0.165048544,1
C=CC(=O)Nc1ccc(C(=O)Nc2ccc(Nc3cc(-c4c(-c5ccc(F)cc5)nc(SC)n4C)ccn3)cc2)cc1,-6.554311567,-8.203158154,578.673,7.1305,2.691740043,0.127086689,100.94,7,3,9,FALSE,50721052,0.426917081,CHEMBL4101953,1,0.192307692,1
CCCNc1nccc(-c2c(-c3ccc(F)cc3)nc3n2C(Cc2ccc(OC)cc2)CC3)n1,-7.05791562,-8.666082554,457.553,5.7067,3.056598849,0.367319627,64.86,6,1,8,TRUE,CHEMBL1080901,0.58625498,CHEMBL1094013,1,0.161904762,1
CCCNc1nccc(-c2c(-c3ccc(F)cc3)nc3n2C(COCc2ccc(OC)cc2)CC3)n1,-7.344502119,-8.736846916,487.579,5.6808,3.129376224,0.310217852,74.09,7,1,10,TRUE,CHEMBL252669,0.517701334,CHEMBL383348,1,0.206521739,1
N#Cc1csc(NC(=O)CN2C(=O)CCc3ncccc32)c1-c1nccs1,-6.952818637,-8.717491493,395.469,3.05618,2.977478033,0.731908913,98.98,7,1,4,TRUE,CHEMBL3827219,0.607147448,CHEMBL1822306,1,0.152941176,1
CC(C)NC(=O)NC1CCC(Nc2ncc3ccc(=O)n(C4CCCC4)c3n2)CC1,-8.939579098,-7.914012518,412.538,3.3373,2.615581367,0.699219329,100.94,6,3,5,TRUE,CHEMBL1834315,0.545983958,CHEMBL3577877,1,0.172043011,1
O=C(Cc1cccc2cnccc12)Nc1scc(Cl)c1-c1ncn[nH]1,-7.272303493,-8.693564059,369.837,3.916,2.775606136,0.570782252,83.56,5,2,4,TRUE,CHEMBL3828624,0.669562612,CHEMBL1682017,1,0.151162791,1
CN(C)CC=CC(=O)Nc1cccc(C(=O)Nc2ccc(Nc3nccc(C(C#N)c4nc5ccccc5s4)n3)cc2)c1,-8.657971677,-10.60698503,588.697,5.79398,3.346645944,0.174407355,135.93,9,3,10,FALSE,CHEMBL4857955,0.547055497,188578,1,0.216216216,1
O=C(Cc1cccc2cnccc12)Nc1scc(Cl)c1-c1nnc[nH]1,-7.760877545,-8.715893344,369.837,3.916,3.001173259,0.570782252,83.56,5,2,4,TRUE,CHEMBL3828624,0.641323529,50626253,1,0.151162791,1
COC(Cn1c(SC=CC(=O)O)nc(-c2ccc(F)cc2)c1-c1ccnc(NC2CC2)c1)OC,-6.426188667,-6.602240816,484.553,4.6348,3.102383977,0.230870164,98.5,8,2,11,FALSE,13948,0.526463203,CHEMBL3394120,1,0.107142857,1
OC1CCC(Nc2ncc3nc(Nc4ccccc4F)n(C4CCCC4)c3n2)CC1,-9.250691388,-10.18798464,410.497,4.5395,2.663242215,0.572384255,87.89,7,3,5,TRUE,CHEMBL261127,0.620555758,CHEMBL1946333,1,0.107142857,1
N#Cc1csc(NC(=O)Cc2cccc3ncccc23)c1-c1ncn[nH]1,-7.185094917,-8.646775691,360.402,3.13428,2.768501959,0.581226714,107.35,6,2,4,TRUE,50520423,0.47979408,CHEMBL1682021,1,0.144578313,1
CNC(=O)c1cc(-n2ncc3cc(Nc4c(F)cccc4Cl)c(C)nc32)cs1,-7.953562487,-8.462108891,415.881,4.68612,2.855347175,0.50704385,71.84,6,2,4,TRUE,CHEMBL3719193,0.581969186,CHEMBL4859957,1,0.134020619,1
COc1ccc2c(c1)OCC(C(=O)NC(=O)N(CC(=O)NCCCCCCNC(=O)c1ccc(-c3n[nH]c4ccccc34)cc1)CC(C)C)O2,-7.269436605,-9.668931028,684.794,4.6791,3.44219565,0.131242782,163.98,8,4,15,TRUE,50721053,0.368188312,CHEMBL3393604,1,0.203389831,1
CC(C)N1CCC(NC(=O)c2cc(-n3cc(NC(=O)Nc4ccccc4Cl)cn3)cs2)C1,-7.758309842,-8.209895199,473.002,4.4437,3.097114348,0.494138903,91.29,6,3,6,TRUE,1038839,0.625067531,CHEMBL4784095,1,0.129310345,1
CNC(=O)c1ccccc1Nc1nc(Nc2ccc(N3CCOCC3)cc2OC)ncc1Cl,-7.290536938,-7.368732378,468.945,3.822,2.427061288,0.48082264,100.64,8,3,7,TRUE,CHEMBL3736164,0.562610781,CHEMBL458997,1,0.183673469,1
OCCNc1nccc(-c2cccnc2Oc2ccc(Nc3nc4ccccc4[nH]3)c3ccccc23)n1,-7.994990984,-9.798378238,489.539,5.5082,2.664654847,0.22091158,120.87,8,4,8,TRUE,CHEMBL4078436,0.564816732,CHEMBL3355995,1,0.099009901,1
COc1cc(NC(=O)c2cccc(-n3ncc4cc(Nc5ccccc5Cl)ccc43)c2)cc(OC)c1OC,-9.127959342,-9.724874436,528.996,6.7006,2.375042389,0.232898029,86.64,7,2,8,TRUE,CHEMBL4228654,0.538264047,CHEMBL2376910,1,0.233333333,1
N#Cc1csc(NC(=O)Cc2cccc3ncccc23)c1-c1nnc[nH]1,-7.047498874,-8.644906796,360.402,3.13428,2.985165117,0.581226714,107.35,6,2,4,TRUE,50520423,0.464700626,50626257,1,0.144578313,1
NC1CCC(Nc2ncc3nc(Nc4c(F)cccc4F)n(C4CCCC4)c3n2)CC1,-7.543672399,-10.89588291,427.503,4.645,2.803679088,0.549023474,93.68,7,3,5,TRUE,50234934,0.603392939,CHEMBL1946646,1,0.172839506,1
c1cnc(Oc2ccc(Nc3nc4ccccc4[nH]3)c3ccccc23)c(-c2ccnc(NC3CCCNC3)n2)c1,-8.01795991,-8.815037648,528.62,6.2679,3.243270607,0.191853105,112.67,8,4,7,TRUE,CHEMBL4788045,0.532532533,CHEMBL3355997,1,0.096,1
O=C(Cn1c(=O)ccn2nc(C(F)(F)F)cc12)Nc1scc(Br)c1-c1ncn[nH]1,-6.97907266,-7.579481171,488.249,2.7626,3.429049537,0.459405208,109.97,8,2,4,TRUE,CHEMBL3828624,0.623450906,CHEMBL1822144,1,0.164835165,1
O=c1[nH]nc(-c2ccnc(NC3CCOCC3)c2)n1-c1ccc2cccc(Cl)c2c1,-9.729571351,-11.76591994,421.888,4.0201,2.663881026,0.519523385,84.83,6,2,4,TRUE,CHEMBL2386106,0.641488578,CHEMBL1644637,1,0.139784946,1
O=C(Cn1c(=O)ccc2nc(C(F)(F)F)ccc21)Nc1scc(Br)c1-c1ncn[nH]1,-7.188456842,-7.215556505,499.272,3.6631,2.98770645,0.446149456,105.56,7,2,4,TRUE,CHEMBL4288850,0.518920449,CHEMBL1822142,1,0.144067797,1
O=C(CN1C(=O)CCc2ncccc21)Nc1scc(Br)c1-c1ncn[nH]1,-7.140770963,-8.666525342,433.291,2.6086,3.018735336,0.658563645,103.87,6,2,4,TRUE,CHEMBL3828624,0.673093777,CHEMBL1822138,1,0.16091954,1
CNC(=O)CN1CCC(Nc2ncc(Cl)c(-c3c[nH]c4ccccc34)n2)CC1,-8.136610285,-6.943676344,398.898,2.9006,2.478952844,0.614875982,85.94,5,3,5,TRUE,CHEMBL255948,0.655472468,CHEMBL245336,1,0.311688312,1
O=C(NC1COC1)c1cc(-n2ncc3cc(Nc4ccccc4Cl)c(F)cc32)cs1,-6.967178321,-9.231879338,442.903,4.7517,2.812798899,0.467666211,68.18,6,2,5,TRUE,51304711,0.597277556,CHEMBL4847784,1,0.131313131,1
O=C(Cn1c(=O)ccc2nc(C(F)(F)F)ccc21)Nc1scc(Br)c1-c1nnc[nH]1,-6.935127202,-7.171845337,499.272,3.6631,3.183735022,0.446149456,105.56,7,2,4,TRUE,CHEMBL4288850,0.516978647,50659446,1,0.144067797,1
O=C(Cn1c(=O)ccn2nc(C(F)(F)F)cc12)Nc1scc(Br)c1-c1nnc[nH]1,-7.016834484,-7.585617449,488.249,2.7626,3.632338426,0.459405208,109.97,8,2,4,TRUE,CHEMBL3828624,0.602307796,50659448,1,0.164835165,1
O=C(CN1C(=O)CCc2ncccc21)Nc1scc(Br)c1-c1nnc[nH]1,-7.211361417,-8.623750529,433.291,2.6086,3.238287336,0.658563645,103.87,6,2,4,TRUE,CHEMBL3828624,0.662154294,50659442,1,0.16091954,1
COC1CCC(C(=O)Nc2cc(-c3ccnc(Nc4ccc(F)cc4)c3)ccn2)CC1,-9.258940147,-10.69913157,420.488,5.17,2.386299088,0.575358114,76.14,5,2,6,TRUE,CHEMBL191384,0.595109632,CHEMBL202676,1,0.086956522,1
COc1ccc(Oc2cc(Nc3ccccc3C(N)=O)c(Cl)cn2)cc1,-8.028346954,-7.88436598,369.808,4.3784,2.11086608,0.672980125,86.47,5,2,6,TRUE,CHEMBL188938,0.639724138,CHEMBL1923187,1,0.1625,1
O=C(CN1C(=O)CCc2ncccc21)Nc1scc(Br)c1-c1nccs1,-6.677001013,-7.923893591,449.355,3.947,2.922775951,0.654849702,75.19,6,1,4,TRUE,CHEMBL3827219,0.603998462,CHEMBL1822154,1,0.160493827,1
CC(C)NC(=O)NC1CCC(Nc2ncc3ccc(=O)n(C(C)C)c3n2)CC1,-8.973850543,-9.686859149,386.5,2.8031,2.630418787,0.733494797,100.94,6,3,5,TRUE,CHEMBL3735506,0.536111411,CHEMBL3577868,1,0.161290323,1
O=C(NCCCN1CCOCC1)c1cccc(-n2ncc3cc(Nc4ccccc4Cl)ccc32)c1,-7.610327505,-9.742449579,490.007,4.8746,2.360558574,0.345262773,71.42,6,2,8,TRUE,13924,0.54789272,CHEMBL2376919,1,0.21,1
NC1CCC(Nc2ncc3nc(Nc4c(F)cc(F)cc4F)n(C4CCCC4)c3n2)CC1,-6.677113688,-10.87943647,445.493,4.7841,2.895975789,0.523179382,93.68,7,3,5,TRUE,50721054,0.542528246,CHEMBL1946647,1,0.098039216,1
OC1CCC(c2n[nH]cc2-c2ccnc(NC3CCCC3)n2)CC1,-8.516802723,-9.582063113,327.432,3.2397,2.880523595,0.802307189,86.72,5,3,4,TRUE,CHEMBL495696,0.608410549,CHEMBL507249,1,0.22972973,1
Cc1ncn(-c2ccc(Nc3cc(-c4nocc4-c4cn[nH]c4C)ccn3)cc2)n1,-8.213769258,-9.349204059,398.43,4.06784,2.987080152,0.459042433,110.34,8,2,5,TRUE,13912,0.58012742,CHEMBL3100085,1,0.220930233,1
O=c1n(C2CCOCC2)nc(-c2ccnc(NC3CCCCC3)c2)n1-c1ccc2ccccc2c1,-7.017481028,-6.48174536,469.589,5.3453,2.745004299,0.426779698,73.97,7,1,5,TRUE,13955,0.525467626,CHEMBL1644639,1,0.183673469,1
OC1CCC(c2[nH]ncc2-c2ccnc(NC3CCCC3)n2)CC1,-8.516802723,-9.582063113,327.432,3.2397,2.693553714,0.802307189,86.72,5,3,4,TRUE,CHEMBL495696,0.608410549,CHEMBL507249,1,0.22972973,1
CCC(=O)Nc1cccc(C(=O)Nc2ccc(Nc3cc(-c4c(-c5ccc(F)cc5)nc(SC)n4C)ccn3)cc2)c1C,-7.804625463,-9.017412589,594.716,7.66292,2.681254452,0.151528904,100.94,7,3,9,TRUE,CHEMBL304533,0.454931906,CHEMBL4066691,1,0.158333333,1
COc1ccc(Oc2cc(Nc3cc(OC)ccc3C(N)=O)c(C(F)(F)F)cn2)cc1,-7.658669584,-6.788066501,433.386,4.7524,2.388508355,0.558267043,95.7,6,2,7,TRUE,CHEMBL257993,0.574135889,CHEMBL1923211,1,0.14,1
O=C(O)C=CSc1nc(-c2ccc(F)cc2)c(-c2ccnc(Nc3ccccc3)c2)[nH]1,-7.104474293,-11.34704185,432.48,5.7118,2.66303755,0.255879529,90.9,5,3,7,TRUE,CHEMBL254582,0.517135863,CHEMBL3394125,1,0.138888889,1
COc1ccc(Nc2ncc3nc(Nc4ccccc4F)n(C4CCC(O)CC4)c3n2)cc1,-8.271109148,-10.56138869,448.502,4.9372,2.551374699,0.38446962,97.12,8,3,6,TRUE,CHEMBL4633727,0.54791099,CHEMBL1946340,1,0.153846154,1
Fc1ccc(Nc2cc(-c3ccnc(Nc4ccc(F)cc4)c3)ccn2)cc1,-9.500548583,-11.15709994,374.394,5.909,2.0449009,0.455959597,49.84,4,2,5,TRUE,50230999,0.629464286,CHEMBL205672,1,0.245614035,1
O=C(Nc1cc(-c2ccnc(Nc3ccccc3)c2)ccn1)c1ccco1,-9.378290065,-10.22845694,356.385,4.7325,2.165237308,0.540137042,80.05,5,2,5,TRUE,CHEMBL4648047,0.659686553,CHEMBL380724,1,0.328571429,1
O=C(Cc1cccc2ncccc12)Nc1scc(Cl)c1-c1ncn[nH]1,-7.584681242,-8.647452412,369.837,3.916,2.693259455,0.570782252,83.56,5,2,4,TRUE,CHEMBL3828624,0.687792365,CHEMBL1682020,1,0.170731707,1
CC(=O)Nc1cc(-c2c(-c3ccc(F)cc3)nc(SC=CC(=O)O)n2CC2CC2)ccn1,-6.721449568,-8.387599909,452.511,4.81,2.873426358,0.37606703,97.11,6,2,8,TRUE,CHEMBL593374,0.486781139,CHEMBL3394106,1,0.140350877,1
O=C(Cc1cccc2ncccc12)Nc1scc(Cl)c1-c1nnc[nH]1,-7.87408077,-8.589909115,369.837,3.916,2.918826579,0.570782252,83.56,5,2,4,TRUE,CHEMBL3828624,0.662990013,50626256,1,0.170731707,1
Cn1cc(-c2conc2-c2ccnc(Nc3ccc(N4CCOCC4)cc3)c2)cn1,-6.931164018,-10.42699405,402.458,3.7173,2.67407386,0.544817075,81.24,8,1,5,FALSE,CHEMBL2386089,0.579433984,CHEMBL3099977,1,0.126315789,1
O=C(Cn1c(=O)ccc2ccc(OC(F)(F)F)cc21)Nc1scc(Br)c1-c1ncn[nH]1,-7.291967957,-8.516545213,514.283,4.1479,2.981239513,0.417003884,101.9,7,2,5,TRUE,CHEMBL471833,0.538684319,CHEMBL1822150,1,0.111111111,1
O=C(Cn1c(=O)ccc2ccc(OC(F)(F)F)cc21)Nc1scc(Br)c1-c1nnc[nH]1,-7.200919402,-8.510109247,514.283,4.1479,3.170508478,0.417003884,101.9,7,2,5,TRUE,CHEMBL4288850,0.505858474,50659454,1,0.172413793,1
Cn1cc(-c2ccc3cnc(Nc4ccc(-n5cnc(N6CCOCC6)n5)cc4)nc3c2C2CC2)cn1,-9.637395797,-7.211387261,493.575,4.0686,3.025401038,0.37803917,98.81,10,1,6,TRUE,CHEMBL304172,0.592106612,CHEMBL1761581,1,0.155339806,1
COCCC(=O)Nc1cc(-c2ccnc(Nc3ccccc3)c2)ccn1,-9.172817529,-10.26965272,348.406,3.8622,2.137862485,0.677895735,76.14,5,2,7,TRUE,51109194,0.676343777,CHEMBL379254,1,0.318181818,1
Cc1ncn(-c2ccc(Nc3ncc4cccc(-c5nccs5)c4n3)cc2)n1,-8.830217329,-8.962878803,385.456,4.38602,2.664428119,0.494191639,81.41,8,1,4,TRUE,CHEMBL257188,0.655709571,CHEMBL1761569,1,0.226666667,1
Cc1cc(Nc2nc3ccccc3[nH]2)c2ccccc2c1Oc1ncccc1-c1ccnc(NC2CCCNC2)n1,-6.583450682,-7.234148846,542.647,6.57632,3.368203344,0.179043167,112.67,8,4,7,TRUE,CHEMBL3734973,0.410622501,CHEMBL3356002,1,0.161016949,1
Cn1cc(-c2cccc3cnc(Nc4ccc(-n5cnc(N6CCOCC6)n5)cc4)nc23)cn1,-9.23300707,-9.072792139,453.51,3.1912,2.794761595,0.433249657,98.81,10,1,5,TRUE,CHEMBL257188,0.562798635,CHEMBL1761564,1,0.204819277,1
CNC(=O)c1cc(-n2ncc3cc(Nc4ccccc4Cl)c(OC)cc32)cs1,-7.194946163,-9.08112861,412.902,4.8522,2.636798891,0.491223232,68.18,6,2,5,TRUE,14690,0.607428303,CHEMBL4853326,1,0.170212766,1
CN(C)CCNC(=O)c1cccc(-c2[nH]nc3cc(Nc4ccccc4Cl)ccc23)c1,-7.505002939,-10.66314951,433.943,4.9183,2.346869131,0.386569846,73.05,4,3,7,TRUE,14673,0.583151326,CHEMBL198821,1,0.171717172,1
CCN(CC)CCn1cc(NC(=O)c2cccc(-n3cc(NC(=O)Nc4ccccc4Cl)cn3)c2)cn1,-7.748454582,-8.527221458,521.025,4.9603,2.548643244,0.273651886,109.11,7,3,10,TRUE,1216148,0.539824713,CHEMBL3355175,1,0.156862745,1
CN(C)CCNC(=O)c1cccc(-c2n[nH]c3cc(Nc4ccccc4Cl)ccc23)c1,-7.643275233,-9.007522887,433.943,4.9183,2.279320125,0.386569846,73.05,4,3,7,TRUE,14673,0.592178187,50319424,1,0.173469388,1
O=c1n(CC2CCOCC2)nc(-c2ccnc(NC3CCCCC3)c2)n1-c1ccc2ccccc2c1,-6.97452007,-11.54465935,483.616,5.4204,2.723937843,0.396384497,73.97,7,1,6,TRUE,CHEMBL4476843,0.578756477,CHEMBL1644638,1,0.25,1
O=C(NCCCN1CCOCC1)c1cccc(-n2ncc3cc(Nc4ccccc4F)ccc32)c1,-7.688345428,-9.36375478,473.552,4.3603,2.363932733,0.372283654,71.42,6,2,8,TRUE,14673,0.57061369,CHEMBL2376918,1,0.160377358,1
CCC(=O)Nc1cccc(C(=O)Nc2ccc(Nc3cc(-c4c(-c5ccc(F)cc5)nc(SC)n4C)ccn3)cc2)c1,-7.987360249,-9.19111951,580.689,7.3545,2.62112812,0.157624984,100.94,7,3,9,TRUE,CHEMBL4759253,0.488814143,CHEMBL4092482,1,0.236363636,1
O=C(Nc1cnn(-c2cccc(C(=O)Nc3cnn(CCN4CCCC4)c3)c2)c1)Nc1ccccc1Cl,-7.748907608,-7.607551732,519.009,4.7143,2.499593098,0.312692228,109.11,7,3,8,TRUE,CHEMBL4458206,0.541708044,CHEMBL3355176,1,0.15,1
O=C(Nc1cnn(-c2cccc(C(=O)Nc3cnn(C4CCNCC4)c3)c2)c1)Nc1ccccc1Cl,-8.261906489,-9.176080328,504.982,4.543,2.642569857,0.307220088,117.9,7,4,6,TRUE,CHEMBL521871,0.60496614,CHEMBL3355177,1,0.114035088,1
COc1cc(NC(=O)c2cccc(-n3cc(NC(=O)Nc4ccccc4Cl)cn3)c2)cc(OC)c1OC,-7.768427414,-7.722238171,521.961,5.4478,2.331007494,0.283878854,115.74,7,3,8,TRUE,50943622,0.592023928,200726,1,0.15625,1
COC(=O)N1CCC(n2nc(-c3ccnc(NC4CCOCC4)c3)n(-c3ccc4ccccc4c3)c2=O)CC1,-7.393981413,-6.596472843,528.613,4.2434,2.898096286,0.413198935,103.51,9,1,5,TRUE,CHEMBL4476843,0.495041088,CHEMBL1644646,1,0.287234043,1
O=C(Cc1ccc(F)c2cnccc12)Nc1scc(Br)c1-c1ncn[nH]1,-7.095328101,-8.050390597,432.278,4.1642,2.932119336,0.507390008,83.56,5,2,4,TRUE,CHEMBL3828624,0.645082204,CHEMBL1822132,1,0.137931034,1
COc1ccc(Nc2ncc3nc(Nc4ccccc4F)n(C4CCC(C(N)=O)CC4)c3n2)cc1,-8.17225949,-10.43787375,475.528,4.6778,2.582752448,0.35498357,119.98,8,3,7,TRUE,CHEMBL1089723,0.559318378,CHEMBL1946495,1,0.12,1
COc1cc(NC(=O)c2cccc(-n3ncc4cc(Nc5ccccc5)ccc43)c2)cc(OC)c1OC,-8.521117718,-9.344968274,494.551,6.0472,2.301645255,0.273233122,86.64,7,2,8,TRUE,14673,0.559831917,CHEMBL2376909,1,0.22826087,1
O=c1[nH]nc(-c2ccnc(NC3CCCCC3)c2)n1-c1ccc2ccccc2c1,-10.34603735,-12.00605489,385.471,4.5204,2.427246496,0.541504159,75.6,5,2,4,TRUE,CHEMBL489210,0.628899426,CHEMBL1644618,1,0.088888889,1
Cc1ncn(-c2ccc(Nc3cc(-c4nocc4-c4cn[nH]c4)ccn3)cc2)n1,-8.077337428,-9.728212766,384.403,3.75942,2.968088535,0.474534453,110.34,8,2,5,TRUE,13922,0.596903097,CHEMBL3099963,1,0.215909091,1
O=C(Nc1cnn(-c2csc(C(=O)NCC3CCOCC3)c2)c1)Nc1ccccc1Cl,-7.329089462,-7.755864188,459.959,4.3876,2.642765242,0.508932318,97.28,6,3,6,TRUE,1038839,0.62436436,CHEMBL4744992,1,0.196261682,1
CSc1nc(-c2ccc(F)cc2)c(-c2ccnc(Nc3ccc(N)cc3)c2)[nH]1,-6.741771168,-11.56504776,391.475,5.3255,2.417672502,0.316657777,79.62,5,3,5,FALSE,CHEMBL4571942,0.683545871,CHEMBL4074524,1,0.485714286,1
CNC(=O)c1cc(-n2ncc3cc(Nc4ccccc4Cl)cnc32)cs1,-7.588544022,-8.691571308,383.864,4.2386,2.639507643,0.552582927,71.84,6,2,4,TRUE,CHEMBL68450,0.635321698,CHEMBL4851793,1,0.155555556,1
O=C(Cc1ccc(F)c2cnccc12)Nc1scc(Br)c1-c1nnc[nH]1,-7.568191584,-8.143627241,432.278,4.1642,3.151671336,0.507390008,83.56,5,2,4,TRUE,CHEMBL3091540,0.534670008,50659435,1,0.108910891,1
NC1CCC(Nc2ncc3nc(Nc4ccc(F)cc4F)n(C4CCCC4)c3n2)CC1,-7.366540113,-10.68955683,427.503,4.645,2.756072934,0.549023474,93.68,7,3,5,TRUE,50721054,0.581577496,50715940,1,0.104761905,1
CCC(=O)Nc1ccc(C(=O)Nc2ccc(Nc3cc(-c4c(-c5ccc(F)cc5)nc(SC)n4C)ccn3)c(C)c2)cc1,-5.510265233,-7.972438562,594.716,7.66292,2.681661892,0.151528904,100.94,7,3,9,TRUE,CHEMBL397771,0.365304874,CHEMBL4093282,1,0.093457944,1
Cc1csc(NC(=O)CN2C(=O)CCc3ccccc32)c1-c1ncn[nH]1,-7.603365744,-8.262237467,367.434,2.75952,2.714618413,0.741738784,90.98,5,2,4,TRUE,CHEMBL1738953,0.486867393,CHEMBL1614820,1,0.11627907,1
Cc1n[nH]c(-c2c(C)csc2NC(=O)CN2C(=O)CCc3ccccc32)n1,-7.987233081,-7.864768341,381.461,3.06794,2.884054833,0.726576491,90.98,5,2,4,TRUE,CHEMBL3828624,0.652441644,CHEMBL1682012,1,0.21686747,1
CC(=O)Nc1cc(-c2c(-c3ccc(F)cc3)nc(SC=CC(=O)O)n2CC2CCCCC2)ccn1,-6.873466658,-6.640375501,494.592,5.9803,2.89291637,0.295334661,97.11,6,2,8,TRUE,CHEMBL4647659,0.434476917,CHEMBL3394107,1,0.196581197,1
COc1cc(NC(=O)c2cccc(-n3cc(NC(=O)Nc4ccccc4)cn3)c2)cc(OC)c1OC,-7.667470436,-7.47646915,487.516,4.7944,2.250149193,0.329017431,115.74,7,3,8,TRUE,CHEMBL4455516,0.574155653,CHEMBL1233747,1,0.117021277,1
Cc1nnc(-c2c(C)csc2NC(=O)CN2C(=O)CCc3ccccc32)[nH]1,-7.075334084,-8.086469231,381.461,3.06794,2.937236651,0.726576491,90.98,5,2,4,TRUE,CHEMBL4648941,0.514720368,50626380,1,0.113207547,1
Cc1csc(NC(=O)CN2C(=O)CCc3ccccc32)c1-c1nnc[nH]1,-7.441915198,-8.260929577,367.434,2.75952,2.934170413,0.741738784,90.98,5,2,4,TRUE,339353,0.517333333,50626381,1,0.170454545,1
Fc1ccc(-c2conc2-c2ccnc(Nc3ccc(N4CCOCC4)cc3)c2)cc1,-8.063793122,-11.14328214,416.456,5.1229,2.449830961,0.487060187,63.42,6,1,5,FALSE,CHEMBL4637462,0.618151071,CHEMBL3099965,1,0.091836735,1
c1ccc(-c2noc(CN3CCCCC3)c2-c2ccnc(NC3CCCCC3)n2)cc1,-6.950572931,-9.278757219,417.557,5.5291,2.528889312,0.568791234,67.08,6,1,6,TRUE,51189863,0.563226021,CHEMBL1080582,1,0.155555556,1
CCC(C)Nc1cc(-c2c(-c3ccc(F)cc3)nc(SC=CC(=O)O)n2CC(OC)OC)ccn1,-6.808363006,-6.967219901,500.596,5.2709,3.570819959,0.197150479,98.5,8,2,12,FALSE,CHEMBL1834328,0.508846226,CHEMBL3394121,1,0.183486239,1
CCC(=O)Nc1ccc(C(=O)Nc2ccc(Nc3cc(-c4c(-c5ccc(F)cc5)nc(SC)n4C)ccn3)cc2)cc1,-6.44810542,-8.326255008,580.689,7.3545,2.597315043,0.157624984,100.94,7,3,9,TRUE,CHEMBL4640300,0.391140827,CHEMBL4085536,1,0.136363636,1
CNc1onc(-c2ccnc(Nc3ccc(N4CCOCC4)cc3)c2)c1-c1ccc(F)cc1,-8.686180726,-11.24362066,445.498,5.1646,2.566676573,0.424320724,75.45,7,2,6,FALSE,CHEMBL4557420,0.62448156,CHEMBL3099972,1,0.275862069,1
CC(C)(C)Oc1ccc(Oc2cc(Nc3ccccc3C(N)=O)c(C(F)(F)F)cn2)cc1,-7.637594599,-6.946122653,445.441,5.9125,2.487907197,0.49243467,86.47,5,2,6,TRUE,CHEMBL191384,0.573259867,CHEMBL1923194,1,0.129032258,1
CC(C)NC(=O)N1CCC(Nc2ncc3ccc(=O)n(C(C)C)c3n2)CC1,-8.814636481,-9.134339672,372.473,2.3667,2.605370885,0.859544478,92.15,6,2,4,TRUE,CHEMBL599428,0.581429375,CHEMBL3577874,1,0.3375,1
O=C(CN1C(=O)CCc2ccccc21)Nc1scc(Br)c1-c1ncn[nH]1,-7.638625336,-8.439330679,432.303,3.2136,2.770169182,0.662646379,90.98,5,2,4,TRUE,CHEMBL3827219,0.61414749,CHEMBL1682013,1,0.170731707,1
O=C(CN1C(=O)CCc2ccccc21)Nc1scc(Br)c1-c1nnc[nH]1,-7.779779985,-7.894296976,432.303,3.2136,2.989721182,0.662646379,90.98,5,2,4,TRUE,CHEMBL3827219,0.620594424,50626382,1,0.170731707,1
O=C(Nc1cnn(-c2cccc(C(=O)NC3CCNC3)c2)c1)Nc1ccccc1Cl,-8.757622801,-8.934856362,424.892,3.2614,2.75974156,0.504722673,100.08,5,4,5,TRUE,CHEMBL4632807,0.606759534,CHEMBL3355184,1,0.134615385,1
O=c1n(Cc2ccncc2)nc(-c2ccnc(NC3CCCCC3)c2)n1-c1ccc2ccccc2c1,-6.881654387,-6.96579229,476.584,5.4371,2.595622818,0.35324608,77.63,7,1,6,TRUE,14650,0.491512915,CHEMBL1644642,1,0.188888889,1
COC(=O)c1c(-c2ccccc2)c2cc(Br)ccc2c(=O)n1Cc1ccc(S(C)(=O)=O)cc1,-6.972685202,-6.075116773,526.408,4.6694,2.262579674,0.353339975,82.44,6,0,5,TRUE,CHEMBL251196,0.520693391,CHEMBL259060,1,0.129032258,1
Clc1ccccc1Nc1ccc2c(-c3ccccc3)[nH]nc2c1,-7.781537628,-10.55171435,319.795,5.6269,2.019830044,0.513726294,40.71,2,2,3,TRUE,CHEMBL1082236,0.642781876,CHEMBL440566,1,0.179104478,1
Cc1ccc(-c2cccc3cnc(Nc4ccc(-n5cnc(C)n5)cc4)nc23)cn1,-9.056957481,-9.170594796,393.454,4.63294,2.553936271,0.479275035,81.41,7,1,4,TRUE,CHEMBL257188,0.656842645,CHEMBL1761571,1,0.25,1
CSc1nc(-c2ccc(F)cc2)c(-c2ccnc(Nc3ccc(NC(=O)c4cccc(N)c4)cc3)c2)n1C,-6.388949425,-8.534029221,524.625,6.5882,2.562725099,0.164173793,97.86,7,3,7,TRUE,CHEMBL1809109,0.442586498,CHEMBL4104351,1,0.166666667,1
O=C(Cc1cccc2ncc(F)cc12)Nc1scc(Br)c1-c1ncn[nH]1,-7.846127762,-8.061672741,432.278,4.1642,2.845117489,0.507390008,83.56,5,2,4,TRUE,CHEMBL3828624,0.657772622,CHEMBL1822133,1,0.162790698,1
Cc1ccc(-c2cccc3cnc(NC4CCC(C(=O)N5CCCC5)CC4)nc23)cn1,-8.420266852,-9.160424994,415.541,4.59332,2.492148674,0.674619149,71.01,5,1,4,TRUE,50721049,0.611968704,CHEMBL1761576,1,0.159574468,1
Cc1ccc(-c2cccc3cnc(Nc4ccc(-n5cnc(N6CCOCC6)n5)cc4)nc23)cn1,-9.261084731,-8.706857802,464.533,4.16112,2.727892317,0.414420367,93.88,9,1,5,TRUE,CHEMBL257188,0.558542546,CHEMBL1761563,1,0.219512195,1
COc1ccc(Oc2cc(Nc3ccc(Cl)cc3C(N)=O)c(C(F)(F)F)cn2)cc1,-7.725584501,-7.014545324,437.805,5.3972,2.380811197,0.539086305,86.47,5,2,6,TRUE,CHEMBL2391123,0.569303584,CHEMBL1923208,1,0.068965517,1
COc1ccc(Oc2nccc(C(C#N)c3nc4ccccc4s3)n2)cc1,-6.996821069,-8.940631457,374.425,4.54268,2.962048117,0.509951464,80.92,7,0,5,TRUE,CHEMBL215803,0.620273237,CHEMBL3947385,1,0.071428571,1
CNC(=O)c1cc(-n2ncc3cc(Oc4ccccc4Cl)ccc32)cs1,-7.625057674,-8.872660388,383.86,4.8923,2.491167336,0.54536214,56.15,5,1,4,TRUE,14691,0.633738995,CHEMBL4864514,1,0.164835165,1
Clc1ccccc1Nc1ccc2c(-c3ccccc3)n[nH]c2c1,-9.205739393,-8.63692141,319.795,5.6269,1.933144977,0.513726294,40.71,2,2,3,TRUE,CHEMBL557354,0.70769933,50319404,1,0.152777778,1
O=C(Cc1cccc2ncc(F)cc12)Nc1scc(Br)c1-c1nnc[nH]1,-7.896798353,-8.205239997,432.278,4.1642,3.064669489,0.507390008,83.56,5,2,4,TRUE,CHEMBL3828624,0.653379549,50659436,1,0.162790698,1
CNC(=O)CN1CCCC(Nc2ncc(Cl)c(-c3c[nH]c4ccccc34)n2)C1,-8.52692157,-8.045642636,398.898,2.9006,2.955799504,0.614875982,85.94,5,3,5,TRUE,13903,0.62628009,CHEMBL392615,1,0.129032258,1
NC1CCC(Nc2ncc3nc(Nc4ccccc4F)n(C4CCCC4)c3n2)CC1,-8.285885608,-10.73320934,409.513,4.5059,2.683415117,0.574190659,93.68,7,3,5,TRUE,50234934,0.603756086,CHEMBL1946334,1,0.170731707,1
CC(C)N1CCC(NC(=O)c2cc(-n3ncc4cc(Nc5ccccc5Cl)ccc43)cs2)C1,-8.065560295,-9.010598564,480.037,5.6965,3.126504116,0.37228716,62.19,6,2,6,TRUE,50234923,0.574229979,CHEMBL4869300,1,0.212121212,1
CC(C)C(=O)NC1CCC(Nc2ncc3ccc(=O)n(C(C)C)c3n2)CC1,-9.159543058,-9.006425254,371.485,2.8677,2.600628116,0.843561436,88.91,6,2,5,TRUE,CHEMBL3673435,0.562060331,CHEMBL3577866,1,0.207317073,1
Fc1ccccc1Nc1cc(-c2ccnc(Nc3ccccc3F)c2)ccn1,-9.579954242,-11.26822728,374.394,5.909,2.172991785,0.455959597,49.84,4,2,5,TRUE,50230999,0.668584129,CHEMBL203289,1,0.216666667,1
CCNC(=O)N1CCCC(Nc2ncc(Cl)c(-c3c[nH]c4ccccc34)n2)C1,-8.694241526,-7.556393785,398.898,3.8841,2.960038821,0.622011525,85.94,4,3,4,TRUE,51159603,0.606416465,CHEMBL392614,1,0.173469388,1
COC1CCC(C(=O)Nc2cc(-c3ccnc(Nc4ccccc4)c3)ccn2)CC1,-9.19994024,-10.61992751,402.498,5.0309,2.330604103,0.604659215,76.14,5,2,6,TRUE,CHEMBL191384,0.609211609,CHEMBL203009,1,0.113636364,1
CC(C)CCNc1nccc(-c2cccnc2Oc2ccc(Nc3nc4ccccc4[nH]3)c3ccccc23)n1,-7.421912525,-8.608088103,515.621,7.562,2.707732773,0.182579834,100.64,7,3,9,TRUE,CHEMBL3735459,0.527254527,CHEMBL3355994,1,0.150943396,1
Cc1onc(-c2ccnc(Nc3ccc(N4CCOCC4)cc3)c2)c1-c1ccc(F)cc1,-8.651352261,-11.36773314,430.483,5.43132,2.374370744,0.455451254,63.42,6,1,5,FALSE,CHEMBL4557420,0.635340074,CHEMBL3099968,1,0.297619048,1
Cc1cc(NC(=O)c2cccc(-n3ncc4cc(Nc5ccccc5Cl)ccc43)c2)ccc1N1CCOCC1,-8.622120611,-10.00181993,538.051,6.81982,2.447201144,0.248549457,71.42,6,2,6,FALSE,CHEMBL469509,0.558457602,CHEMBL2376913,1,0.084745763,1
CN(C)c1ccc(-c2cnc3[nH]cc(-c4cn[nH]c4)c3c2)cc1,-9.129849201,-9.005317546,303.369,3.686,2.522218074,0.606626809,60.6,3,2,3,TRUE,CHEMBL406062,0.687518662,CHEMBL3393595,1,0.246376812,1
O=c1[nH]nc(-c2ccnc(NC3CCCOC3)c2)n1-c1ccc2ccccc2c1,-10.37736151,-12.04750302,387.443,3.3667,3.001916293,0.560847365,84.83,6,2,4,TRUE,CHEMBL489210,0.629368871,CHEMBL1644619,1,0.095744681,1
O=C(O)c1ccc(-c2[nH]nc3cc(Nc4ccccc4Cl)ccc23)cc1,-6.831619203,-10.59194857,363.804,5.3251,2.133425182,0.457909044,78.01,3,3,4,TRUE,50597772,0.64039604,CHEMBL197698,1,0.123595506,1
O=C(O)c1ccc(-c2n[nH]c3cc(Nc4ccccc4Cl)ccc23)cc1,-7.796685595,-8.630401073,363.804,5.3251,2.05483072,0.457909044,78.01,3,3,4,TRUE,CHEMBL261660,0.666617495,50319408,1,0.308823529,1
O=C(Cc1cccc2cnccc12)Nc1scc(Br)c1-c1ncn[nH]1,-6.921798862,-8.559254841,414.288,4.0251,2.788380636,0.528425777,83.56,5,2,4,TRUE,CHEMBL3828624,0.638548951,CHEMBL1682016,1,0.152941176,1
Cc1cnc(C(=O)Nc2cc(-c3ccnc(Nc4ccccc4)c3)ccn2)cn1,-8.858986025,-9.733811668,382.427,4.23792,2.318934967,0.536323058,92.69,6,2,5,TRUE,CHEMBL2046466,0.664640817,CHEMBL205402,1,0.182926829,1
O=C(NCCCN1CCOCC1)c1ccc(-n2ncc3cc(Nc4ccccc4Cl)ccc32)cc1,-5.925324953,-8.898816007,490.007,4.8746,2.32402758,0.345262773,71.42,6,2,8,TRUE,CHEMBL3828321,0.420117781,CHEMBL2376906,1,0.141414141,1
O=C(Nc1cnn(-c2csc(C(=O)NC3COC3)c2)c1)Nc1c(F)cccc1Cl,-7.587449687,-8.179048669,435.868,3.4989,2.809052539,0.571018791,97.28,6,3,5,TRUE,1216148,0.601607348,CHEMBL4778645,1,0.158415842,1
COC(Cn1c(SC=CC(=O)O)nc(-c2ccc(F)cc2)c1-c1ccnc(NC(C)=O)c1)OC,-7.01834758,-6.035128903,486.525,4.0189,3.067916801,0.250852846,115.57,8,2,10,FALSE,CHEMBL4792678,0.422570482,CHEMBL3394101,1,0.23853211,1
O=C(Cc1cccc2cnccc12)Nc1scc(Br)c1-c1nnc[nH]1,-6.916455936,-8.563502163,414.288,4.0251,3.013947759,0.528425777,83.56,5,2,4,TRUE,CHEMBL3828624,0.641567142,50626252,1,0.152941176,1
O=C(Cc1cccc2ncccc12)Nc1scc(Br)c1-c1ncn[nH]1,-7.341168224,-8.418710002,414.288,4.0251,2.706033955,0.528425777,83.56,5,2,4,TRUE,CHEMBL3828624,0.660632818,CHEMBL1682019,1,0.172839506,1
O=C(Nc1cnn(-c2cccc(C(=O)NC3CNC3)c2)c1)Nc1ccccc1Cl,-8.586858826,-9.098364346,410.865,2.8713,2.304681789,0.51928509,100.08,5,4,5,TRUE,1216148,0.627073114,CHEMBL3355183,1,0.131313131,1
NC(=O)c1ccccc1Nc1cc(Oc2ccc(N3CCNCC3)cc2)ncc1C(F)(F)F,-8.200085137,-8.154630194,457.456,4.1448,2.544581798,0.515287525,92.51,6,3,6,TRUE,CHEMBL1834318,0.572294825,CHEMBL1923203,1,0.193877551,1
CN(C)CCn1cc(NC(=O)c2cccc(-n3cc(NC(=O)Nc4ccccc4Cl)cn3)c2)cn1,-7.771641366,-8.595365454,492.971,4.1801,2.47173437,0.341652611,109.11,7,3,8,TRUE,CHEMBL4458206,0.562519392,CHEMBL3352845,1,0.142857143,1
O=C(Cc1cccc2ncccc12)Nc1scc(Br)c1-c1nnc[nH]1,-7.427138274,-8.423041597,414.288,4.0251,2.931601078,0.528425777,83.56,5,2,4,TRUE,CHEMBL3828624,0.66656796,50626255,1,0.172839506,1
NC(=O)c1ccccc1Nc1cc(Oc2ccc(OC(F)(F)F)cc2)ncc1C(F)(F)F,-7.460100756,-8.093777986,457.33,5.6338,2.492814714,0.468587106,86.47,5,2,6,TRUE,CHEMBL2048675,0.538645245,CHEMBL1923191,1,0.136842105,1
O=C(NCCO)c1cccc(-n2ncc3cc(Nc4ccccc4Cl)ccc32)c1,-8.336160679,-9.579676588,406.873,4.1446,2.185509976,0.449248805,79.18,5,3,6,TRUE,CHEMBL4228654,0.601753139,CHEMBL2376922,1,0.247058824,1
O=C(Nc1cnn(-c2csc(C(=O)NC3COC3)c2)c1)Nc1ccccc1Cl,-7.99492759,-8.039185712,417.878,3.3598,2.639190814,0.592542042,97.28,6,3,5,TRUE,CHEMBL4550702,0.633292079,CHEMBL4753641,1,0.230769231,1
CC(=O)Nc1cc(-c2c(-c3ccc(F)cc3)nc(SC=CC(=O)O)n2CC2CCCO2)ccn1,-7.042551052,-7.135579877,482.537,4.579,3.355937613,0.357547551,106.34,7,2,8,TRUE,CHEMBL4647659,0.458015267,CHEMBL3394108,1,0.191666667,1
O=c1n(C2CCN(CC(F)(F)F)CC2)nc(-c2ccnc(NC3CCOCC3)c2)n1-c1ccc2ccccc2c1,-7.587829412,-6.803967726,552.601,5.0393,2.991708478,0.361364702,77.21,8,1,6,TRUE,50932565,0.505715082,CHEMBL1644645,1,0.12,1
COc1ccc(Oc2cc(Nc3ccccc3C(N)=O)c(C(F)(F)F)cn2)cc1,-8.009578544,-7.758566507,403.36,4.7438,2.283456375,0.620689095,86.47,5,2,6,TRUE,CHEMBL3828350,0.573085557,CHEMBL1923188,1,0.148148148,1
CCNC(=O)NC1CCC(Nc2ncc3ccc(=O)n(C(C)C)c3n2)CC1,-9.192715812,-9.375948407,372.473,2.4146,2.610554302,0.748190452,100.94,6,3,5,TRUE,CHEMBL1940976,0.54432583,CHEMBL3577871,1,0.108910891,1
CCOc1nc(C(=O)NCc2ccccc2S(N)(=O)=O)cc(N)c1C#N,-6.907051417,-7.273686532,375.41,0.51158,2.52083014,0.662341076,161.19,7,3,6,TRUE,CHEMBL2386090,0.518157294,CHEMBL377408,1,0.103773585,1
COc1cc(-n2ccc(CNc3ccc(Cl)cc3)cc2=O)ccc1OCC(C)(C)O,-6.432281925,-8.223410823,428.916,4.2613,2.376528978,0.560451649,72.72,6,2,8,TRUE,51452262,0.527062374,222129,1,0.193877551,1
Cc1cc(NC(=O)c2cccc(-n3ncc4cc(Nc5ccccc5F)ccc43)c2)ccc1N1CCOCC1,-9.387294668,-9.616733021,521.596,6.30552,2.450249727,0.274229935,71.42,6,2,6,FALSE,1216168,0.534449453,CHEMBL2376914,1,0.175925926,1
Cc1ccc(NC(=O)c2cccc(-n3cc(NC(=O)Nc4ccccc4Cl)cn3)c2)cn1,-7.525776195,-9.312248451,446.898,5.12542,2.2331589,0.395444635,100.94,5,3,5,TRUE,CHEMBL4085289,0.577464789,CHEMBL3355146,1,0.100917431,1
CN1CCC(NC(=O)c2cc(-n3cc(NC(=O)Nc4ccccc4Cl)cn3)cs2)C1,-8.241101715,-8.195394765,444.948,3.6651,3.042008767,0.559626217,91.29,6,3,5,TRUE,CHEMBL4559169,0.605724299,CHEMBL4754584,1,0.189473684,1
O=C(NCCN1CCN(C2CCC2)CC1)c1cccc(-n2ncc3cc(Nc4ccccc4Cl)ccc32)c1,-7.731438946,-9.438087198,529.088,5.3224,2.485158004,0.323780346,65.43,6,2,8,TRUE,CHEMBL2048659,0.53444564,CHEMBL3393598,1,0.165137615,1
Cn1cc(-c2ccc3cnc(Nc4ccc(-n5cnc(N6CCOCC6)n5)cc4)nc3c2Cl)cn1,-10.01756416,-8.278889165,487.955,3.8446,2.92071481,0.398945127,98.81,10,1,5,TRUE,CHEMBL304172,0.63538961,CHEMBL1761577,1,0.158415842,1
O=c1[nH]nc(-c2ccnc(Nc3ccccn3)c2)n1-c1ccc2ccccc2c1,-10.01046147,-11.94168686,380.411,3.9144,2.428869394,0.493399524,88.49,6,2,4,TRUE,CHEMBL565612,0.683652816,CHEMBL1644625,1,0.141176471,1
Cc1cccc(Nc2ccc3c(cnn3-c3cccc(C(=O)NCCN4CCN(C5CCC5)CC4)c3)c2)c1Cl,-8.157003799,-9.657491532,543.115,5.63082,2.613123415,0.301927899,65.43,6,2,8,TRUE,50721049,0.540242165,CHEMBL2376926,1,0.159292035,1
O=C1NC(=Nc2ccccc2Cl)SC1=C1C(=O)Nc2ccc(F)cc21,-8.57558095,-10.43797382,373.796,3.693,2.999307141,0.748768457,70.56,4,2,1,TRUE,51185472,0.589820789,CHEMBL4470981,1,0.279411765,1
N#CC(=C1Nc2ccccc2S1)c1ccnc(NCCc2ccc(S(N)(=O)=O)cc2)n1,-7.707022899,-9.782554101,450.549,3.18858,2.780101284,0.487611369,133.79,8,3,6,FALSE,CHEMBL401303,0.507699076,CHEMBL363355,1,0.152173913,1
O=C(Cc1cc(F)cc2ncccc12)Nc1scc(Br)c1-c1ncn[nH]1,-7.229203205,-8.326970017,432.278,4.1642,2.851501489,0.507390008,83.56,5,2,4,TRUE,CHEMBL3828624,0.670371454,CHEMBL1822134,1,0.151162791,1
O=C(Cc1cc(F)cc2ncccc12)Nc1scc(Br)c1-c1nnc[nH]1,-7.236131998,-8.457126943,432.278,4.1642,3.071053489,0.507390008,83.56,5,2,4,TRUE,CHEMBL3828624,0.668857727,50659437,1,0.151162791,1
N#CC(c1ccnc(NCCc2ccc(S(N)(=O)=O)cc2)n1)c1nc2ccccc2s1,-8.417245389,-10.67627874,450.549,3.04378,3.087844804,0.441683351,134.65,8,2,7,TRUE,50885167,0.587875354,50383522,1,0.696969697,1
COc1ccccc1Nc1ccc2c(cnn2-c2cccc(C(=O)NCCCN3CCOCC3)c2)c1,-7.625382113,-9.620265945,485.588,4.2298,2.364882218,0.345551958,80.65,7,2,9,TRUE,1216168,0.560717039,CHEMBL2376917,1,0.183486239,1
CC(=O)N1CCC(C(=O)Nc2cc(-c3ccnc(Nc4ccccc4)c3)ccn2)CC1,-9.000052247,-10.72878097,415.497,4.0842,2.253743704,0.655549561,87.22,5,2,5,TRUE,CHEMBL2390958,0.624575378,CHEMBL204757,1,0.093333333,1
COc1ccc(Oc2cc(Nc3ccc(F)cc3C(N)=O)c(C(F)(F)F)cn2)cc1,-7.959921234,-7.837469295,421.35,4.8829,2.394583949,0.554141515,86.47,5,2,6,TRUE,CHEMBL3828350,0.567465167,CHEMBL1923207,1,0.117647059,1
CC1(NC(=O)c2cc(-n3cc(NC(=O)Nc4ccccc4Cl)cn3)cs2)COC1,-7.572201007,-7.686165033,431.905,3.7499,2.823726085,0.572689309,97.28,6,3,5,TRUE,CHEMBL3950215,0.640313745,CHEMBL4758113,1,0.12371134,1
CC(=O)Nc1cc(-c2c(-c3ccc(F)cc3)nc(SC=CC(=O)O)n2C2CCCC2)ccn1,-6.706182907,-6.476355615,466.538,5.5151,2.863245137,0.351760036,97.11,6,2,7,TRUE,CHEMBL4455711,0.51875,CHEMBL3394104,1,0.44,1
CCOc1ccc(NC(=O)c2cccc(-n3ncc4cc(Nc5ccccc5F)ccc43)c2)cc1OC,-9.495668955,-9.50802027,496.542,6.5678,2.285614774,0.254158815,77.41,6,2,8,TRUE,14673,0.596836003,CHEMBL2376911,1,0.217821782,1
CC(=O)Nc1cc(-c2c(-c3ccc(F)cc3)nc(SC=CC(=O)O)n2C2CCC2)ccn1,-6.982652013,-8.032006872,452.511,5.125,2.860160204,0.381255034,97.11,6,2,7,TRUE,CHEMBL593375,0.492586491,CHEMBL3394103,1,0.129310345,1
CC1CCN(C(=O)N2CCC(Nc3ncc(Cl)c(-c4c[nH]c5ccccc45)n3)CC2)CC1,-8.013043215,-8.747038469,452.99,5.0065,2.618663479,0.585384515,77.15,4,2,3,TRUE,CHEMBL597754,0.572356652,CHEMBL245733,1,0.307692308,1
NC(=O)c1ccccc1Nc1cc(Oc2ccc3c(c2)OCO3)ncc1C(F)(F)F,-7.895830364,-7.647560572,417.343,4.4639,2.494125254,0.636334762,95.7,6,2,5,TRUE,CHEMBL326688,0.573293506,CHEMBL1923201,1,0.11827957,1
COc1ccc(Oc2cc(Nc3ccccc3C(N)=O)c(F)cn2)cc1,-8.784775842,-7.985590097,353.353,3.8641,2.115186454,0.702548758,86.47,5,2,6,TRUE,50234940,0.631683694,CHEMBL1923186,1,0.189189189,1
c1ccc(Nc2ccc3c(-c4ccccc4)n[nH]c3c2)cc1,-7.355407478,-8.368756262,285.35,4.9735,1.83850098,0.557452215,40.71,2,2,3,TRUE,CHEMBL1802358,0.688119616,CHEMBL383177,1,0.229508197,1
COc1ccc(Oc2cc(Nc3cc(F)ccc3C(N)=O)c(C(F)(F)F)cn2)cc1,-7.964209388,-6.670264158,421.35,4.8829,2.393157629,0.554141515,86.47,5,2,6,TRUE,CHEMBL3828131,0.564179478,CHEMBL1923209,1,0.142857143,1
Fc1ccccc1Nc1nc2cnc(NC3CCCCC3)nc2n1C1CCCC1,-6.870168575,-9.921548757,394.498,5.5687,2.522921809,0.592158462,67.66,6,2,5,TRUE,CHEMBL4446355,0.595988871,CHEMBL1946332,1,0.151162791,1
O=C(Nc1cnn(-c2csc(C(=O)NC3CCOCC3)c2)c1)Nc1ccccc1Cl,-7.6028921,-7.805146205,445.932,4.14,2.608799232,0.549387596,97.28,6,3,5,TRUE,1216168,0.606181348,CHEMBL4762965,1,0.202020202,1
c1cc(-n2cnc(N3CCOCC3)n2)ccc1Nc1ncc2ccc(-c3cn[nH]c3)cc2n1,-9.840961159,-7.995323889,439.483,3.1808,2.815449437,0.429735735,109.67,9,2,5,TRUE,CHEMBL3891139,0.648234201,CHEMBL1761555,1,0.212765957,1
Cc1ccc(-c2ncn(-c3ccc(Nc4ncc5ccc(-c6cn[nH]c6)cc5n4)cc3)n2)cn1,-9.146270535,-7.623633246,445.49,4.71462,2.784841717,0.395168714,110.09,8,2,5,TRUE,CHEMBL3735500,0.597441049,CHEMBL1761561,1,0.134615385,1
Cc1ccc(-c2cccc3cnc(NC4CCC(O)CC4)nc23)cn1,-9.395996218,-9.148138261,334.423,3.71562,2.455807401,0.763778903,70.93,5,2,3,TRUE,CHEMBL256517,0.784226646,CHEMBL1761575,1,0.390625,1
CN1CCN(CCNC(=O)c2cccc(-n3ncc4cc(Nc5c(Cl)cccc5Cl)ccc43)c2)CC1,-8.286009846,-10.1450539,523.468,5.0531,2.461748825,0.355015042,65.43,6,2,7,TRUE,1216168,0.537063068,CHEMBL2376925,1,0.184466019,1
O=C(Nc1cnn(-c2csc(C(=O)NC3CNC3)c2)c1)Nc1ccccc1Cl,-8.074811525,-8.279673065,416.894,2.9328,2.650935814,0.513419568,100.08,6,4,5,TRUE,1216158,0.635920599,CHEMBL4783382,1,0.125,1
COc1cc2c(cc1Cl)C(c1ccc(Cl)c(Cl)c1)=NCC2,-7.005903658,-7.90416977,340.637,5.0489,2.331866567,0.749474761,21.59,2,0,2,TRUE,CHEMBL54547,0.645369814,CHEMBL1087421,1,0.114285714,1
O=C(Cc1cccc2ncc(C(F)(F)F)cc12)Nc1scc(Br)c1-c1ncn[nH]1,-7.117051941,-7.337158026,482.285,5.0439,2.896735841,0.42698513,83.56,5,2,4,TRUE,CHEMBL3901767,0.55237885,CHEMBL1822135,1,0.157894737,1
Cc1ncn(-c2ccc(Nc3cc(-c4nocc4-c4cnn(C)c4)ccn3)cc2)n1,-8.445946019,-10.5658232,398.43,3.76982,2.892696585,0.480936647,99.48,9,1,5,TRUE,CHEMBL1834328,0.598955439,CHEMBL3100084,1,0.111111111,1
O=C(Nc1ccc2[nH]nc(-c3cc4ccccc4s3)c2c1)C1CCOC1,-8.074267295,-8.156913256,363.442,4.4196,2.90902247,0.566141244,67.01,4,2,3,TRUE,CHEMBL1809110,0.606449955,50383511,1,0.177777778,1
O=C(Cc1cccc2ncc(C(F)(F)F)cc12)Nc1scc(Br)c1-c1nnc[nH]1,-7.258079488,-7.406921572,482.285,5.0439,3.097545597,0.42698513,83.56,5,2,4,TRUE,346055,0.491448365,50659438,1,0.089108911,1
S=c1[nH]nc(-c2ccnc(NC3CCCCC3)c2)n1-c1ccc2ccccc2c1,-7.972642835,-11.56327468,401.539,5.88969,2.455993365,0.418698778,58.53,5,2,4,TRUE,CHEMBL4453072,0.672772149,CHEMBL1784650,1,0.263157895,1
Cc1sc(C(=O)NC2CCOC2)cc1-n1cc(NC(=O)Nc2c(F)cccc2Cl)cn1,-6.354374838,-8.707215342,463.922,4.19742,3.284955376,0.527964113,97.28,6,3,5,TRUE,CHEMBL1957945,0.555304498,CHEMBL4749547,1,0.174757282,1
O=C(Nc1cnn(-c2csc(C(=O)NC3COC3)c2)c1)Nc1ccc(F)cc1Cl,-7.926825301,-7.973946827,435.868,3.4989,2.728977867,0.571018791,97.28,6,3,5,TRUE,1216148,0.605087477,CHEMBL4754908,1,0.147058824,1
CCNC(=O)N1CCC(Nc2ncc3ccc(=O)n(C(C)C)c3n2)CC1,-9.010681352,-9.246222133,358.446,1.9782,2.588642767,0.871803592,92.15,6,2,4,TRUE,CHEMBL599428,0.590262519,CHEMBL3577873,1,0.325301205,1
O=c1[nH]nc(-c2ccnc(NC3CCOCC3)c2)n1-c1ccc2cccc(F)c2c1,-9.900074437,-11.77756688,405.433,3.5058,2.665555152,0.542845109,84.83,6,2,4,TRUE,CHEMBL2386106,0.648171343,CHEMBL1644635,1,0.153846154,1
O=C(NCCN1CCOCC1)c1cccc(-n2ncc3cc(Nc4ccccc4Cl)ccc32)c1,-7.400250614,-9.056345674,475.98,4.4845,2.337688939,0.411999091,71.42,6,2,7,TRUE,CHEMBL4228654,0.56978233,CHEMBL2376915,1,0.223404255,1
O=c1n(Cc2ccccn2)nc(-c2ccnc(NC3CCOCC3)c2)n1-c1ccc2ccccc2c1,-7.175387218,-9.732335577,478.556,4.2834,2.69934345,0.391990758,86.86,8,1,6,TRUE,CHEMBL2022419,0.539975894,CHEMBL1644615,1,0.125,1
O=C(O)C=CSc1nc(-c2ccc(F)cc2)c(-c2ccnc(Nc3ccccc3)c2)n1CC1CC1,-7.559103058,-6.449643044,486.572,6.5952,2.792875373,0.205073364,80.04,6,2,9,TRUE,CHEMBL254582,0.497977613,CHEMBL3394123,1,0.165217391,1
CC(=O)Nc1cc(-c2c(-c3ccc(F)cc3)nc(SC=CC(=O)O)n2C)ccn1,-7.321922588,-6.762241333,412.446,3.937,2.792287144,0.470237028,97.11,6,2,6,TRUE,CHEMBL3647950,0.453099174,CHEMBL3394100,1,0.107843137,1
Cc1cncc(NC(=O)c2cccc(-n3cc(NC(=O)Nc4ccccc4Cl)cn3)c2)c1,-8.559791727,-7.372386491,446.898,5.12542,2.299557227,0.395444635,100.94,5,3,5,TRUE,50943622,0.665501297,200729,1,0.182795699,1
CCNC(=O)N1CCC(Nc2ncc(Cl)c(-c3c[nH]c4ccccc34)n2)CC1,-8.880396528,-8.079312322,398.898,3.8841,2.497270793,0.622011525,85.94,4,3,4,TRUE,CHEMBL599224,0.583042274,CHEMBL248176,1,0.35443038,1
CC(C)n1c(=O)ccc2cnc(NC3CCC(O)CC3)nc21,-9.652238913,-9.392785372,302.378,2.0878,2.599664796,0.907201535,80.04,6,2,3,TRUE,CHEMBL256517,0.692425872,CHEMBL3577855,1,0.396825397,1
COc1cc(NC(=O)c2cccc(-n3ncc4cc(Nc5ccccc5C)ccc43)c2)cc(OC)c1OC,-8.238168726,-9.892095782,508.578,6.35562,2.358297435,0.253814579,86.64,7,2,8,TRUE,CHEMBL521871,0.53453269,CHEMBL2376912,1,0.165137615,1
O=C(NCCCN1CCCC1=O)c1cnccc1Nc1nc(-c2cc(Br)ccc2F)nc2nccnc12,-7.781106033,-7.589198056,565.407,3.8693,2.88081693,0.308727608,125.89,8,2,8,TRUE,13970,0.493802588,CHEMBL234655,1,0.157894737,1
COc1ccc(Oc2cc(Nc3c(F)cccc3C(N)=O)c(C(F)(F)F)cn2)cc1,-7.812997824,-7.465117003,421.35,4.8829,2.428133347,0.554141515,86.47,5,2,6,TRUE,50840603,0.505415561,CHEMBL1923212,1,0.099009901,1
N#CC(c1ccnc(OCc2ccccc2)n1)c1nc2ccccc2s1,-7.290962102,-8.575654288,358.426,4.32078,2.93881328,0.531139788,71.69,6,0,5,TRUE,CHEMBL495751,0.6043232,CHEMBL3899711,1,0.113402062,1
Cc1ccc(-c2cccc3cnc(Nc4ccc5c(c4)OCO5)nc23)cn1,-9.193094973,-8.379657704,356.385,4.47252,2.353868654,0.583902498,69.16,6,1,3,TRUE,CHEMBL256517,0.66619758,CHEMBL1761572,1,0.189873418,1
Cc1cccc(NC(=O)c2ccc(Br)o2)c1N1CCC2(CC1)OCCO2,-7.124178821,-6.93131726,421.291,3.94612,3.059754099,0.813562763,63.94,5,1,3,FALSE,50840603,0.603064575,CHEMBL1783587,1,0.150537634,1
c1ccc(-c2cccc3cnc(Nc4ccc(-n5cnc(N6CCOCC6)n5)cc4)nc23)cc1,-9.251699686,-7.996071575,449.518,4.4577,2.543781092,0.424308919,80.99,8,1,5,TRUE,CHEMBL257188,0.567463026,CHEMBL1761567,1,0.25,1
Cn1cc(-c2ccc3cnc(Nc4ccc(-n5cnc(-c6ccccn6)n5)cc4)nc3c2)cn1,-9.817994034,-7.933329707,445.49,4.4166,2.696064565,0.419360331,99.23,9,1,5,TRUE,CHEMBL304172,0.614104249,CHEMBL1761562,1,0.2,1
CCOc1nc(C(=O)NCc2ccc(S(C)(=O)=O)cc2)cc(N)c1C#N,-6.262090848,-7.536865073,374.422,1.26768,2.367297745,0.776873801,135.17,7,2,6,TRUE,CHEMBL250369,0.546119086,CHEMBL424872,1,0.139534884,1
O=c1[nH]nc(-c2ccnc(Nc3ccccc3)c2)n1-c1ccc2ccccc2c1,-10.21506986,-12.30644531,379.423,4.5194,2.271718768,0.481383038,75.6,5,2,4,TRUE,CHEMBL2048673,0.662249935,CHEMBL1644624,1,0.176470588,1
CNC(=O)c1ccccc1Nc1cc(Nc2ccc(N3CCOCC3)cc2)ncc1C(F)(F)F,-8.477125485,-7.943404496,471.483,4.7838,2.480606469,0.480240803,78.52,6,3,6,FALSE,607846,0.576053821,CHEMBL3220469,1,0.137254902,1
CCNC(=O)N1CCC(Nc2cc(-c3c(-c4ccc(F)cc4)nc(SC=CC(=O)O)n3C)ccn2)CC1,-7.32613177,-6.686680316,524.622,4.5844,3.000887055,0.291983746,112.38,7,3,8,TRUE,CHEMBL4877117,0.444652908,CHEMBL3394122,1,0.166666667,1
COc1ccc(COCC2CCc3nc(-c4ccc(F)cc4)c(-c4ccnc(N)n4)n32)cc1,-7.969230636,-9.947468456,445.498,4.4411,3.069224886,0.452469826,88.08,7,1,7,TRUE,13928,0.533283945,CHEMBL372082,1,0.184782609,1
COC(=O)c1c(C)csc1NC(=O)Cc1cccc2cnccc12,-7.519689158,-8.970563784,340.404,3.57252,2.30224027,0.737313149,68.29,5,1,4,TRUE,CHEMBL156987,0.522788896,CHEMBL1681791,1,0.108433735,1
Cc1ncc(NC(=O)c2cccc(-n3cc(NC(=O)Nc4ccccc4Cl)cn3)c2)cn1,-7.409886006,-8.564801762,447.886,4.52042,2.359493013,0.415869629,113.83,6,3,5,TRUE,14649,0.589475973,CHEMBL3355167,1,0.258426966,1
COc1ccc(Nc2ncc3nc(Nc4ccccc4F)n(C4CCOCC4)c3n2)cc1,-7.640036409,-9.497883116,434.475,4.8127,2.52564734,0.450231084,86.12,8,2,6,TRUE,CHEMBL4633727,0.594062947,CHEMBL1946341,1,0.204545455,1
NC(=O)c1cccc(-n2ncc3cc(Nc4ccccc4F)ccc32)c1,-9.306391124,-9.556628947,346.365,4.0071,2.105439336,0.586357805,72.94,4,2,4,TRUE,51243403,0.63659111,CHEMBL2376924,1,0.158536585,1
CC(C)n1cc(-c2ccc3cnc(Nc4ccc(-n5cnc(N6CCOCC6)n5)cc4)nc3c2Cl)cn1,-9.487092468,-8.937407844,516.009,4.8885,3.017803355,0.341120217,98.81,10,1,6,TRUE,CHEMBL304172,0.601655088,CHEMBL1761578,1,0.152380952,1
CC(O)CNc1nccc(-n2c(CC#N)cnc2-c2ccc3ccccc3c2)n1,-7.749006041,-11.84554666,384.443,3.34128,3.225051509,0.5288474,99.65,7,2,6,TRUE,14630,0.505235301,784813,1,0.163043478,1
CC(O)CNc1nccc(-n2c(CC#N)cnc2-c2ccc3ccccc3n2)n1,-7.848757767,-11.59791617,385.431,2.73628,3.314255355,0.524588282,112.54,8,2,6,TRUE,CHEMBL3827895,0.510938205,784812,1,0.2,1
CC(O)CNc1nccc(-n2c(CC#N)cnc2-c2ccc3c(c2)OCCO3)n1,-8.149917101,-10.85747892,392.419,1.95928,3.399221289,0.653548208,118.11,9,2,6,TRUE,CHEMBL469508,0.574863515,784811,1,0.161616162,1
CC(O)CNc1nccc(-n2c(CC#N)cnc2-c2ccc(Cl)c(Cl)c2)n1,-6.967429608,-10.48978051,403.273,3.49488,3.332536118,0.653737611,99.65,7,2,6,TRUE,CHEMBL1081617,0.538295835,784814,1,0.111111111,1
CC(O)CNc1nccc(-n2c(CC#N)cnc2-c2ccc(F)c(C(F)(F)F)c2)n1,-7.746627906,-7.353739443,420.37,3.34598,3.46878841,0.59365339,99.65,7,2,6,TRUE,CHEMBL3949162,0.473018123,784815,1,0.155963303,1
N#CCc1cnc(-c2ccc3c(c2)OCCO3)n1-c1ccnc(NC2CCCNC2)n1,-7.909766217,-11.06632818,417.473,2.33048,3.456457778,0.650933413,109.91,9,2,5,TRUE,CHEMBL4557360,0.585666414,784817,1,0.122641509,1
N#CCc1cnc(-c2ccc3ccccc3n2)n1-c1ccnc(NC2CCCNC2)n1,-8.47829848,-11.64980936,410.485,3.10748,3.378880186,0.52081679,104.34,8,2,5,TRUE,CHEMBL4781112,0.579533515,784818,1,0.168224299,1
N#CCc1cnc(-c2ccc(Cl)c(Cl)c2)n1-c1ccnc(NC2CCCNC2)n1,-7.423867052,-11.3452444,428.327,3.86608,3.388961948,0.641371742,91.45,7,2,5,TRUE,CHEMBL1081617,0.502713091,784820,1,0.105263158,1
N#CCc1cnc(-c2ccc(F)c(C(F)(F)F)c2)n1-c1ccnc(NC2CCCNC2)n1,-7.616209009,-10.25683456,445.424,3.71718,3.523022041,0.582059845,91.45,7,2,5,TRUE,13931,0.487462813,784821,1,0.189473684,1
N#CCc1cnc(-c2ccc3c(c2)OCO3)n1-c1ccnc(NC2CCCN(C(=O)C3CC3)C2)n1,-6.754914637,-6.613738767,471.521,2.93698,3.434566907,0.583028188,118.19,9,1,6,TRUE,CHEMBL4851835,0.504828186,784822,1,0.2,1
N#CCc1cnc(-c2ccc3c(c2)OCCO3)n1-c1ccnc(NC2CCCN(C(=O)C3CC3)C2)n1,-7.125195424,-7.225758383,485.548,2.97948,3.453868092,0.566185511,118.19,9,1,6,TRUE,CHEMBL4851835,0.526407227,784823,1,0.2,1
N#CCc1cnc(-c2ccc(Cl)c(Cl)c2)n1-c1ccnc(NC2CCCN(C(=O)C3CC3)C2)n1,-7.182964227,-9.19980672,496.402,4.51508,3.371752205,0.539090217,99.73,7,1,6,TRUE,CHEMBL461139,0.534966067,784826,1,0.158878505,1
N#CCc1cnc(-c2ccc(F)c(C(F)(F)F)c2)n1-c1ccnc(NC2CCCN(C(=O)C3CC3)C2)n1,-6.839596611,-7.702446215,513.499,4.36618,3.515504601,0.491839416,99.73,7,1,6,TRUE,CHEMBL4877117,0.445791539,784827,1,0.106557377,1
N#CCc1cnc(-c2ccc3c(c2)OCO3)n1-c1ccnc(NC2CCOCC2)n1,-6.397647283,-10.47569315,404.43,2.71498,2.973435485,0.691689795,107.11,9,1,5,TRUE,14630,0.475972284,784798,1,0.108910891,1
N#CCc1cnc(-c2ccc3ccccc3n2)n1-c1ccnc(NC2CCOCC2)n1,-7.813568764,-11.42196582,411.469,3.53448,2.908626279,0.535867606,101.54,8,1,5,TRUE,CHEMBL3093050,0.584139028,784800,1,0.157303371,1
N#CCc1cnc(-c2ccc(Cl)c(Cl)c2)n1-c1ccnc(NC2CCOCC2)n1,-6.66170809,-10.77702651,429.311,4.29308,2.913618218,0.651028551,88.65,7,1,5,TRUE,13908,0.535546087,784802,1,0.163265306,1
N#CCc1cnc(-c2ccc(F)c(C(F)(F)F)c2)n1-c1ccnc(NC2CCOCC2)n1,-7.062968245,-9.454612445,446.408,4.14418,3.052180846,0.592855547,88.65,7,1,5,TRUE,CHEMBL1081617,0.512765957,784803,1,0.09,1
N#CCc1cnc(-c2ccc3ccccc3c2)n1-c1ccnc(NC2CCCCC2)n1,-7.319218543,-11.86663807,408.509,5.29318,2.718666078,0.485076445,79.42,6,1,5,TRUE,CHEMBL1081617,0.500889284,784807,1,0.097826087,1
N#CCc1cnc(-c2ccc(Cl)c(Cl)c2)n1-c1ccnc(NC2CCCCC2)n1,-6.436586052,-10.88938669,427.339,5.44678,2.794770416,0.586106545,79.42,6,1,5,TRUE,CHEMBL1081617,0.48483835,784808,1,0.098901099,1
CC(O)CNc1nccc(-n2c(CC#N)cnc2-c2ccc3c(c2)OCO3)n1,-7.173273254,-10.51633206,378.392,1.91678,3.390864462,0.667806893,118.11,9,2,6,TRUE,51159563,0.580053074,784810,1,0.130841121,1
Cc1sc(C(=O)NC2COC2)cc1-n1cc(NC(=O)Nc2c(F)cccc2Cl)cn1,-6.580497616,-8.610229667,449.895,3.80732,2.853909747,0.551430503,97.28,6,3,5,TRUE,CHEMBL380946,0.557842288,CHEMBL4784092,1,0.152380952,1
CNC(=O)c1ccccc1Nc1cc(Nc2ccc(N3CCOCC3)cc2OC)ncc1Br,-6.498381014,-7.673604565,512.408,4.5361,2.510317483,0.428758598,87.75,7,3,7,TRUE,14669,0.550255363,CHEMBL3220467,1,0.171717172,1
O=C(NC(c1ccccn1)C1CC1)c1ccc2[nH]nc(-c3ccc(N4C5CCC4CC(O)C5)cc3)c2c1,-8.378631691,-7.893219913,493.611,4.9981,4.373150465,0.351533854,94.14,5,3,6,TRUE,1216138,0.54777379,50329723,1,0.278350515,1
Clc1cnc(Nc2ccc(N3CCOCC3)cc2)cc1-c1cc[nH]n1,-8.105612275,-6.854663199,355.829,3.7053,2.66344396,0.746530983,66.07,5,2,4,FALSE,CHEMBL402932,0.682059372,CHEMBL1771661,1,0.168831169,1
COc1cccc(Oc2cc(Nc3ccccc3C(N)=O)c(C(F)(F)F)cn2)c1,-7.608315114,-7.153861533,403.36,4.7438,2.334958939,0.620689095,86.47,5,2,6,TRUE,346052,0.551237162,CHEMBL1923189,1,0.120879121,1
N#CC(c1ccnc(NCCc2c[nH]cn2)n1)c1nc2ccccc2s1,-8.505686701,-10.32537728,361.434,3.11948,3.442322371,0.546805016,103.17,7,2,6,TRUE,CHEMBL191384,0.730952058,CHEMBL254651,1,0.656716418,1
COc1ccc(-c2cccc3cnc(Nc4ccc(-n5cnc(N6CCOCC6)n5)cc4)nc23)cc1F,-9.236079614,-8.058387473,497.534,4.6054,2.700072315,0.363976958,90.22,9,1,6,TRUE,CHEMBL257188,0.530527878,CHEMBL1761565,1,0.188888889,1
N#CC(=C1Nc2ccccc2S1)c1ccnc(NCCc2cccnc2)n1,-8.061465775,-10.21179786,372.457,3.93618,2.78052577,0.656115247,86.52,7,2,5,FALSE,CHEMBL191384,1,CHEMBL1788116,1,1,1
O=c1[nH]nc(-c2ccnc(NC3CCOCC3)c2)n1-c1ccc2cc(F)ccc2c1,-10.41675119,-11.83079994,405.433,3.5058,2.63728697,0.542845109,84.83,6,2,4,TRUE,CHEMBL3398197,0.636273292,CHEMBL1644632,1,0.107526882,1
Fc1ccc(-c2c(-c3ccnc(Nc4ccc(N5CCOCC5)cc4)c3)noc2C2CC2)cc1,-6.456297263,-11.13806749,456.521,6.0003,2.569851554,0.383930571,63.42,6,1,6,FALSE,51236887,0.507098405,CHEMBL3099967,1,0.180851064,1
N#CC(c1ccnc(NC2Cc3c[nH]c2n3)n1)c1nc2ccccc2s1,-8.266078595,-9.638144912,359.418,3.17418,4.773217619,0.579969251,103.17,7,2,4,TRUE,CHEMBL191384,0.607850658,CHEMBL3909478,1,0.5,1
O=c1[nH]nc(-c2ccnc(NC3CCC3)c2)n1-c1ccc2ccccc2c1,-10.21441258,-11.72247928,357.417,3.7402,2.409464423,0.583325504,75.6,5,2,4,TRUE,CHEMBL345348,0.664046338,CHEMBL1644622,1,0.130952381,1
NC(=O)c1ccccc1Nc1ccnc(Oc2ccc(N3CCNCC3)cc2)c1,-8.025370401,-8.592463379,389.459,3.126,2.285010261,0.599879326,92.51,6,3,6,TRUE,50234924,0.552911177,CHEMBL1923185,1,0.197802198,1
N#CC(=C1Nc2ccccc2S1)c1ccnc(NCCc2cccnc2)n1.O=C(O)C(F)(F)F.O=C(O)C(F)(F)F,-8.061465775,-10.21179786,600.501,5.20278,3.153878425,0.224972011,161.12,9,4,5,FALSE,CHEMBL191384,1,CHEMBL1788116,1,1,1
N#CC(c1ccnc(NCCc2cccnc2)n1)c1nc2ccccc2s1,-7.509455009,-9.731783093,372.457,3.79138,3.075999225,0.55394577,87.38,7,1,6,TRUE,50885167,1,188581,1,1,1
N#CC(c1ccnc(NCCc2cnc[nH]2)n1)c1nc2ccccc2s1,-8.300280555,-9.95694826,361.434,3.11948,3.282987306,0.546805016,103.17,7,2,6,TRUE,50885167,0.753712871,50383515,1,0.656716418,1
O=C(Cn1c(=O)ccc2c(C(F)(F)F)cccc21)Nc1scc(Br)c1-c1ncn[nH]1,-7.378003548,-8.08749681,498.284,4.2681,2.942632274,0.439904994,92.67,6,2,4,TRUE,CHEMBL1809122,0.576145472,CHEMBL1822148,1,0.152173913,1
Cc1ccc(NC(=O)c2cc(-n3cc(NC(=O)Nc4ccccc4Cl)cn3)ccc2F)cn1,-7.08686367,-8.670130881,464.888,5.26452,2.344183762,0.374482878,100.94,5,3,5,TRUE,CHEMBL2046466,0.612433862,CHEMBL3355158,1,0.20212766,1
O=C(Nc1cnn(-c2csc(C(=O)NCC3CCOC3)c2)c1)Nc1ccccc1Cl,-8.292444415,-7.8072553,445.932,3.9975,3.083774982,0.533858221,97.28,6,3,6,TRUE,1216148,0.590504781,CHEMBL4755895,1,0.260416667,1
O=C(Cn1c(=O)ccc2c(C(F)(F)F)cccc21)Nc1scc(Br)c1-c1nnc[nH]1,-7.151127105,-8.090174982,498.284,4.2681,3.138660846,0.439904994,92.67,6,2,4,TRUE,CHEMBL1809122,0.56606233,50659452,1,0.152173913,1
NC(=O)c1ccccc1Nc1cc(Oc2ccc(-c3cccnc3)cc2)ncc1C(F)(F)F,-8.067493286,-7.517898075,450.42,5.7972,2.429996037,0.387680657,90.13,5,2,6,TRUE,CHEMBL402541,0.597757533,CHEMBL1923204,1,0.235294118,1
CNC1CC2OC(C)(C1OC)n1c3ccccc3c3c4c(c5c6ccccc6n2c5c31)C(=O)NC4,-11.21402213,-7.656206258,466.541,4.354,4.953655654,0.405842479,69.45,6,2,2,TRUE,50414711,1,51422453,1,1,1
c1cc(-c2nocc2C2CC2)cc(Nc2ccc(N3CCOCC3)cc2)n1,-8.135705911,-9.251564326,362.433,4.1942,2.599315962,0.734048637,63.42,6,1,5,FALSE,CHEMBL255735,0.647543126,CHEMBL3100083,1,0.141176471,1
O=C(Cc1cccc2cnccc12)Nc1scnc1-c1cscn1,-7.984034323,-8.824359438,352.444,3.996,2.757755014,0.602767328,67.77,6,1,4,TRUE,339350,0.600482543,CHEMBL1288160,1,0.117647059,1
O=C(NCCN1CCOCC1)c1cccc(-n2ncc3cc(Nc4c(Cl)cccc4Cl)ccc32)c1,-7.714626912,-9.766927088,510.425,5.1379,2.444677411,0.360564269,71.42,6,2,7,TRUE,CHEMBL469509,0.580376369,CHEMBL2376916,1,0.090909091,1
COc1ccc(Oc2cc(Nc3cc(Cl)ccc3C(N)=O)c(C(F)(F)F)cn2)cc1,-7.876682526,-7.647682776,437.805,5.3972,2.38224419,0.539086305,86.47,5,2,6,TRUE,CHEMBL323944,0.542606082,CHEMBL1923210,1,0.071428571,1
N#Cc1cc(-c2ccnc(Nc3ccc(-n4cnc(-c5ccccn5)n4)cc3)n2)cc(N2CCOCC2)c1,-9.160750232,-9.243024474,501.554,4.23818,2.818801862,0.364439426,117.67,10,1,6,TRUE,CHEMBL4749550,0.526,CHEMBL584899,1,0.157894737,1
COC(Cn1c(SCC#N)nc(-c2ccc(F)cc2)c1-c1ccnc(NC2CC2)c1)OC,-6.09067142,-5.68873468,453.543,4.56008,2.928702064,0.355752465,84.99,8,1,10,FALSE,CHEMBL1834328,0.540078844,CHEMBL3394119,1,0.146788991,1
Cc1ncn(-c2ccc(Nc3nccc(-c4cc(C#N)cc(N5CCOCC5)c4)n3)cc2)n1,-9.344615701,-8.154840193,438.495,3.4846,2.71218252,0.50492852,104.78,9,1,5,TRUE,CHEMBL4749550,0.572447912,CHEMBL570554,1,0.125,1
Cc1nc2c(cnn2-c2csc(C(=O)NC3COC3)c2)cc1Nc1ccc(F)cc1Cl,-7.296175841,-8.887145947,457.918,4.45512,2.947149508,0.462317915,81.07,7,2,5,TRUE,1216148,0.590349527,CHEMBL4854405,1,0.152380952,1
CC(=O)Nc1cc(-c2c(-c3ccc(F)cc3)nc(SC3CCC(C(=O)O)CC3O)n2C2CCCCC2)ccn1,-7.607471473,-7.493049023,552.672,5.9211,3.870460542,0.332982896,117.34,7,3,7,TRUE,CHEMBL3949162,0.468776879,CHEMBL3394110,1,0.172413793,1
Cc1n[nH]c(-c2c(C)csc2NC(=O)Cc2cccc3ncccc23)n1,-6.918911527,-8.82593743,363.446,3.87944,2.82280672,0.576257602,83.56,5,2,4,TRUE,310208,0.515448113,CHEMBL1682010,1,0.170454545,1
Cc1cccc(NC(=O)c2ccc(Cl)o2)c1N1CCC2(CC1)OCCO2,-7.31524631,-6.900729781,376.84,3.83702,3.102931945,0.881338654,63.94,5,1,3,FALSE,CHEMBL2391121,0.600096246,CHEMBL1783588,1,0.113636364,1
Cc1ccc(NC(=O)c2ccc(F)c(-n3cc(NC(=O)Nc4ccccc4Cl)cn3)c2)cn1,-8.31485424,-8.782731781,464.888,5.26452,2.339375906,0.374482878,100.94,5,3,5,TRUE,50943622,0.608522544,CHEMBL3355156,1,0.177083333,1
O=C(NCCN1CCOCC1)c1cccc(-n2ncc3cc(Nc4ccccc4Cl)ncc32)c1,-8.139957322,-8.822617142,476.968,3.8795,2.491270477,0.420891735,84.31,7,2,7,TRUE,50234923,0.58090131,CHEMBL2376931,1,0.181818182,1
COc1ccc(-c2cccc3cnc(Nc4ccc(-n5cnc(C)n5)cc4)nc23)cc1F,-9.133068218,-8.133017513,426.455,5.07722,2.509098715,0.422442967,77.75,7,1,5,TRUE,CHEMBL256517,0.596467558,CHEMBL1761568,1,0.172413793,1
NC(=O)c1ccccc1Nc1cc(Oc2ccc(-n3cncn3)cc2)ncc1C(F)(F)F,-7.838808692,-8.207551533,440.385,4.3159,2.569263518,0.462499974,107.95,7,2,6,TRUE,CHEMBL2391131,0.575726378,CHEMBL1923202,1,0.101123596,1
O=C(Nc1cnn(-c2csc(C(=O)NC3CC3)c2)c1)Nc1ccccc1Cl,-8.084144501,-7.901697776,401.879,4.1234,2.462423265,0.600364234,88.05,5,3,5,TRUE,1216148,0.607738729,CHEMBL4793809,1,0.144329897,1
CCOC(=O)C=CSc1nc(-c2ccc(F)cc2)c(-c2ccnc(Nc3ccccc3)c2)[nH]1,-6.409408362,-10.12965606,460.534,6.1903,2.689583834,0.18539344,79.9,6,2,8,TRUE,CHEMBL1272270,0.467259499,CHEMBL3394126,1,0.345238095,1
Cc1nnc(-c2c(C)csc2NC(=O)Cc2cccc3ncccc23)[nH]1,-7.210842526,-9.072558612,363.446,3.87944,2.87740672,0.576257602,83.56,5,2,4,TRUE,CHEMBL3828150,0.590583951,50626378,1,0.149425287,1
CC(C)n1c(=O)ccc2cnc(NC3CCC(NC(=O)NC4CCCC4)CC3)nc21,-9.200539201,-8.742841251,412.538,3.3373,2.63926795,0.699219329,100.94,6,3,5,TRUE,CHEMBL3673435,0.520920965,CHEMBL3577869,1,0.204819277,1
CCOC(=O)N1CCC(Nc2ncc(Cl)c(-c3c[nH]c4ccccc34)n2)CC1,-7.784019555,-7.867076778,399.882,4.3111,2.449865664,0.682512526,83.14,5,2,4,TRUE,CHEMBL403385,0.576720197,CHEMBL245533,1,0.235294118,1
CC(=O)Nc1cc(-c2c(-c3ccc(F)cc3)nc(SC=CC(=O)O)n2C2CC2)ccn1,-6.906426601,-8.210974632,438.484,4.7349,2.848625189,0.408708324,97.11,6,2,7,TRUE,CHEMBL3647951,0.453993056,CHEMBL3394102,1,0.142857143,1
CNC(=O)c1ccccc1Nc1cc(Nc2ccc(N3CCOCC3)cc2OC)ncc1Cl,-6.288191301,-8.164909755,467.957,4.427,2.450719264,0.473495733,87.75,7,3,7,TRUE,14683,0.522873778,CHEMBL3220466,1,0.206185567,1
[H]C([H])([H])N1CCC(NC(=O)c2cc(-n3cc(NC(=O)Nc4ccccc4Cl)cn3)cs2)C1,-8.450532809,-8.194604587,444.948,3.6651,3.042008767,0.559626217,91.29,6,3,5,TRUE,CHEMBL4559169,0.605216984,CHEMBL4799926,1,0.189473684,1
CN1CCC(NC(=O)c2cc(-n3cc(NC(=O)Nc4ccccc4Cl)cn3)cs2)CC1,-7.704221363,-7.986533931,458.975,4.0552,2.588988578,0.537419764,91.29,6,3,5,TRUE,1216154,0.594959592,CHEMBL4759538,1,0.161904762,1
c1cncc(-c2ncn(-c3ccc(Nc4nccc(-c5cccc(N6CCOCC6)c5)n4)cc3)n2)c1,-9.390913378,-8.517316557,476.544,4.3665,2.579093007,0.386255487,93.88,9,1,6,TRUE,13912,0.573296703,CHEMBL571023,1,0.270588235,1
O=c1[nH]nc(-c2ccnc(NC3CCOCC3)c2)n1-c1ccc2ccccc2c1,-10.46087888,-11.79018159,387.443,3.3667,2.543330396,0.560847365,84.83,6,2,4,TRUE,50374906,0.640251572,CHEMBL1644620,1,0.133333333,1
Cn1cc(-c2c[nH]c3ncc(C4CCC(N5CCOCC5)CC4)cc23)cn1,-9.684952183,-6.942938504,365.481,3.3218,2.758557116,0.77348586,58.97,5,1,3,TRUE,CHEMBL4443821,0.645356917,CHEMBL3393596,1,0.271604938,1
CN1CCCC1CNC(=O)c1cc(-n2cc(NC(=O)Nc3ccccc3Cl)cn2)cs1,-8.561045419,-7.972875278,458.975,4.0552,3.092431148,0.519212706,91.29,6,3,6,TRUE,CHEMBL4559169,0.575457917,CHEMBL4798047,1,0.181818182,1
Oc1c2ccccc2c2c3c(cccc13)N=N2,-7.400840842,-7.548312256,220.231,4.4274,2.71406412,0.43763445,44.95,3,1,0,TRUE,CHEMBL413188,0.681407035,CHEMBL1725279,1,0.163636364,1
COc1ccc(-c2cccc3cnc(Nc4ccc(-n5cnc(-c6ccccn6)n5)cc4)nc23)cc1F,-8.913128189,-8.525029301,489.514,5.8308,2.637957707,0.314712347,90.64,8,1,6,TRUE,13960,0.531998467,CHEMBL1761570,1,0.234693878,1
c1ccc2c(c1)Cc1cccc3[nH]nc-2c13,-9.056846282,-8.321086061,206.248,3.1341,2.252460975,0.470166621,28.68,1,1,0,TRUE,29987,0.682688125,CHEMBL4462592,1,0.318181818,1
O=C1c2ccccc2-c2n[nH]c3cccc1c23,-9.157068628,-8.543582665,220.231,2.7743,2.126782274,0.494951167,45.75,2,1,0,TRUE,29987,0.661554622,CHEMBL7064,1,0.325581395,1
Cn1cc(-c2ccc3cnc(Nc4ccc(-n5cnc(N6CCOCC6)n5)cc4)nc3c2)cn1,-10.25022428,-7.648524621,453.51,3.1912,2.763099143,0.433249657,98.81,10,1,5,TRUE,CHEMBL3891139,0.610771793,CHEMBL1761554,1,0.212765957,1
Cc1ccc(-c2cccc3cnc(Nc4ccc(C(=O)N5CCOCC5)cc4)nc23)cn1,-8.693922895,-9.223190285,425.492,4.21622,2.356774345,0.527454892,80.24,6,1,4,TRUE,CHEMBL257188,0.622786944,CHEMBL1761574,1,0.297297297,1
CC(=O)Nc1cc(-c2c(-c3ccc(F)cc3)nc(SCCC(=O)O)n2C)ccn1,-7.80857509,-8.343139043,414.462,3.8134,2.502704238,0.570787688,97.11,6,2,7,TRUE,346049,0.566216669,CHEMBL3394098,1,0.215909091,1
O=c1n(C2CCOC2)nc(-c2ccnc(NC3CCOCC3)c2)n1-c1ccc2ccccc2c1,-7.48252864,-7.227994513,457.534,3.8015,3.289468626,0.490881894,83.2,8,1,5,TRUE,CHEMBL4518634,0.515625,CHEMBL1644640,1,0.241758242,1
Nc1cccc2ccc(-n3c(-c4ccnc(NC5CCOCC5)c4)n[nH]c3=O)cc12,-10.45119812,-11.74547671,402.458,2.9489,2.708193438,0.452761037,110.85,7,3,4,TRUE,50374906,0.634810597,CHEMBL1644636,1,0.126315789,1
COc1ccc(Nc2ncc3nc(Nc4ccccc4F)n(C(C)C)c3n2)cc1,-7.725378979,-8.987271061,392.438,5.0421,2.396089759,0.478574741,76.89,7,2,6,TRUE,CHEMBL4633607,0.57320374,CHEMBL1946336,1,0.120879121,1
Cc1cc(NC(=O)c2cccc(-n3cc(NC(=O)Nc4ccccc4Cl)cn3)c2)ccn1,-7.406304213,-8.393675139,446.898,5.12542,2.276524451,0.395444635,100.94,5,3,5,TRUE,CHEMBL1957959,0.586471103,CHEMBL3355165,1,0.183673469,1
COC(=O)c1c(C)csc1NC(=O)Cc1ccc(OCCCN2CCCCC2)cc1,-5.865099081,-6.269878527,430.57,4.27912,2.249935035,0.475079622,67.87,6,1,9,TRUE,CHEMBL4634672,0.501241722,CHEMBL1682000,1,0.104166667,1
NC(=O)c1ccccc1Nc1cc(Oc2ccc(Cl)c(Cl)c2)ncc1C(F)(F)F,-7.530607751,-7.624423854,442.224,6.042,2.405827422,0.505139872,77.24,4,2,5,TRUE,CHEMBL3828131,0.575689223,CHEMBL1921815,1,0.144578313,1
Fc1cnc(Nc2ccc(N3CCOCC3)cc2)cc1-c1ccn(Cc2ccccc2)n1,-9.201886932,-8.332427803,429.499,4.7127,2.380289192,0.481011494,55.21,6,1,6,FALSE,CHEMBL255735,0.630238095,CHEMBL1771711,1,0.195402299,1
O=C(Nc1cnn(-c2cccc(C(=O)NCCCN3CCCC3)c2)c1)Nc1ccccc1Cl,-7.677499658,-7.766146872,466.973,4.3854,2.249607872,0.429346567,91.29,5,3,8,TRUE,50234923,0.566131026,CHEMBL3355180,1,0.217391304,1
O=c1n(-c2ccccn2)nc(-c2ccnc(NC3CCOCC3)c2)n1-c1ccc2ccccc2c1,-7.112622373,-8.433848371,464.529,4.2243,2.718892317,0.41905774,86.86,8,1,5,TRUE,CHEMBL1650951,0.522634492,CHEMBL1644641,1,0.158415842,1
COc1cc(N2CCN(C(C)C)CC2)ccc1Nc1nc(Nc2cccc(F)c2C(N)=O)c2cc[nH]c2n1,-7.809912638,-7.86976437,518.597,4.2221,2.797114172,0.27333195,124.43,8,4,8,TRUE,CHEMBL404242,0.526232272,CHEMBL507625,1,0.207920792,1
COc1ccc(Oc2cc(Nc3ccccc3C(N)=O)c(C(F)(F)F)cn2)c(Cl)c1,-7.239079057,-8.010847491,437.805,5.3972,2.409064023,0.539086305,86.47,5,2,6,TRUE,CHEMBL513878,0.559515571,CHEMBL1923198,1,0.18556701,1
O=C(NC1COC1)c1cc(-n2ncc3nc(Nc4ccccc4Cl)ccc32)cs1,-7.172523045,-9.366447435,425.901,4.0076,2.787961075,0.504646757,81.07,7,2,5,TRUE,CHEMBL524059,0.590520493,CHEMBL4853789,1,0.175824176,1
CS(=O)(=O)NC1CCC(Nc2nccc(-n3ccc4c(OCC5CCS(=O)(=O)C5)cccc43)n2)CC1,-9.209616378,-8.396325053,533.676,2.5063,3.442336506,0.451441107,132.28,9,2,8,TRUE,13924,0.494153675,51195194,1,0.165048544,1
COc1nccc(C(C#N)c2nc3ccccc3s2)n1,-7.078684081,-7.749540978,282.328,2.75038,3.103136638,0.738267686,71.69,6,0,3,TRUE,CHEMBL1276127,0.650574713,CHEMBL3947134,1,0.084507042,1
Nc1ccccc1Nc1cc(-c2ccnc(Nc3ccccc3N)c2)ccn1,-9.899743669,-10.93913864,368.444,4.7952,2.301484093,0.377634842,101.88,6,4,5,TRUE,CHEMBL1092134,0.656103896,CHEMBL203792,1,0.134328358,1
Cc1nc(C)n(-c2ccc(Nc3cc(-c4nn(C)cc4-c4cccnc4)ccn3)cc2)n1,-7.234927902,-10.65553083,422.496,4.48524,2.642572661,0.449239144,86.34,8,1,5,TRUE,CHEMBL3735835,0.551668977,CHEMBL1771719,1,0.106796117,1
CN1CCN(CCNC(=O)c2cncc(-n3ncc4cc(Nc5c(Cl)cccc5Cl)ccc43)c2)CC1,-7.935273587,-9.397463297,524.456,4.4481,2.63032708,0.372246368,78.32,7,2,7,TRUE,CHEMBL3099833,0.568890104,CHEMBL2376929,1,0.165137615,1
CC(C)Nc1ncc2nc(Nc3ccccc3F)n(C3CCCC3)c2n1,-8.288253401,-8.408186084,354.433,4.6444,2.535307028,0.698267412,67.66,6,2,5,TRUE,CHEMBL318208,0.58361439,CHEMBL1946331,1,0.098765432,1
CCOc1ccc(Oc2cc(Nc3ccccc3C(N)=O)c(C(F)(F)F)cn2)cc1,-7.484868675,-7.969368418,417.387,5.1339,2.322739967,0.556348244,86.47,5,2,7,TRUE,CHEMBL256306,0.639794383,CHEMBL1923192,1,0.295774648,1
COC(=O)c1c(C)csc1NC(=O)Cc1cccc2ncccc12,-6.372730512,-7.578585268,340.404,3.57252,2.213838686,0.737313149,68.29,5,1,4,TRUE,111128,0.532448178,CHEMBL1682004,1,0.154761905,1
CC#Cc1ccc(C(=O)Nc2cccc(C)c2N2CCC3(CC2)OCCO3)o1,-7.945387324,-7.438884886,380.444,3.55502,3.389484975,0.825264473,63.94,5,1,3,TRUE,CHEMBL2391121,0.630197196,CHEMBL1783594,1,0.134831461,1
CS(=O)(=O)NC1CCC(Nc2nccc(-n3nnc4ccccc43)n2)CC1,-8.612574126,-9.245584483,387.469,1.4828,2.565830104,0.681300579,114.69,8,2,5,TRUE,CHEMBL410926,0.581032113,CHEMBL2425655,1,0.144578313,1
CC(C)n1cc(NC(=O)c2cccc(-n3cc(NC(=O)Nc4ccccc4Cl)cn3)c2)cn1,-7.59451558,-8.135254329,463.929,5.1994,2.4255417,0.365090178,105.87,6,3,6,TRUE,CHEMBL7463,0.613709161,CHEMBL3355174,1,0.133333333,1
Cc1ccc(NC(=O)c2cccc(-n3cc(NC(=O)Nc4ccccc4)cn3)c2)cn1,-7.568674746,-8.325356837,412.453,4.47202,2.147668319,0.450048989,100.94,5,3,5,TRUE,CHEMBL4458206,0.640759524,CHEMBL3355145,1,0.172413793,1
Cc1nn(C)cc1NC(=O)c1cccc(-n2cc(NC(=O)Nc3ccccc3Cl)cn2)c1,-7.721685518,-8.626432007,449.902,4.46392,2.380376113,0.41775995,105.87,6,3,5,TRUE,CHEMBL558512,0.613764655,CHEMBL3355172,1,0.13,1
CNC(=O)c1cc(-n2cc(NC(=O)Nc3ccccc3Cl)cn2)cs1,-6.977406091,-8.438693591,375.841,3.5908,2.473260554,0.650695891,88.05,5,3,4,TRUE,CHEMBL1092134,0.63754175,CHEMBL4757583,1,0.256756757,1
CN(C)CC(=O)N1CCC(Nc2ncc(Cl)c(-c3c[nH]c4ccccc34)n2)CC1,-8.413580056,-7.623207342,412.925,3.2428,2.543144254,0.672276637,77.15,5,2,5,TRUE,CHEMBL599428,0.612846264,CHEMBL245732,1,0.380952381,1
O=C(Nc1cc(-c2n[nH]c(=O)n2-c2ccc3ccccc3c2)ccn1)C1CC1,-10.41731232,-11.24409737,371.4,3.1243,2.365486177,0.576392779,92.67,5,2,4,TRUE,CHEMBL4647220,0.676503689,CHEMBL1644630,1,0.163043478,1
CS(=O)(=O)Nc1ccc(-c2cnc3cccc(Nc4ccc(Cl)cn4)c3c2)cc1,-8.07537053,-7.352811189,424.913,5.0653,2.237292725,0.467153664,83.98,5,2,5,TRUE,CHEMBL2064522,0.617528911,CHEMBL248983,1,0.090909091,1
O=C(NCCN1CCOCC1)c1ccnc(-n2ncc3cc(Nc4ccccc4Cl)ccc32)c1,-7.370771405,-8.990987873,476.968,3.8795,2.4748614,0.420891735,84.31,7,2,7,TRUE,50721056,0.555302166,CHEMBL2376930,1,0.171171171,1
Cc1cccc(NC(=O)c2cccc(-n3ncc4cc(Nc5ccccc5F)ccc43)c2)c1,-8.145518504,-9.940939218,436.49,6.46892,2.156251622,0.331987472,58.95,4,2,5,TRUE,CHEMBL2391123,0.591231323,CHEMBL2376920,1,0.088888889,1
CCOc1nc(C(=O)NCc2ccc(S(C)(=O)=O)cc2)cc(N)c1Cl,-6.600690237,-6.677666532,383.857,2.0494,2.307698295,0.78912665,111.38,6,2,6,TRUE,CHEMBL4093930,0.537070744,CHEMBL377383,1,0.129032258,1
COC(=O)c1c(C)csc1NC(=O)CN1C(=O)CCc2ccccc21,-6.6872706,-8.15171859,358.419,2.76102,2.293378928,0.852952868,75.71,5,1,4,TRUE,CHEMBL1682850,0.520589669,CHEMBL1682005,1,0.126436782,1
COc1cc2c(cc1Cl)C(c1cccc(Cl)c1)=NCC2,-7.145050663,-7.890065212,306.192,4.3955,2.268834014,0.805831396,21.59,2,0,2,TRUE,51159492,0.581637558,CHEMBL1088633,1,0.084507042,1
N#Cc1onc(-c2ccnc(Nc3ccc(N4CCOCC4)cc3)c2)c1-c1ccc(F)cc1,-9.29103523,-12.00003721,441.466,4.99458,2.644062298,0.46656264,87.21,7,1,5,FALSE,CHEMBL1834115,0.584817642,CHEMBL3099969,1,0.11,1
Cn1cc(-c2c[nH]c3ncc(C4CCC(N5CCCOCC5)CC4)cc23)cn1,-9.706816254,-7.22597592,379.508,3.7119,2.797396238,0.753605926,58.97,5,1,3,TRUE,51109190,0.616817456,CHEMBL3393597,1,0.098901099,1
Cn1ccc(-c2cc(Nc3ccc(N4CCOCC4)cc3)ncc2Cl)n1,-9.171389883,-7.480878639,369.856,3.7157,2.399354388,0.759250268,55.21,6,1,4,FALSE,CHEMBL569998,0.622641509,CHEMBL1771662,1,0.175675676,1
O=C(NCCCn1cnc(-c2ccc(F)cc2)c1-c1ccncc1)c1ccccc1,-7.089194203,-11.37608064,400.457,4.5713,2.154027879,0.462407189,59.81,4,1,7,TRUE,14689,0.625247007,CHEMBL199247,1,0.146067416,1
Cc1cc(NC(=O)c2cccc(-n3cc(NC(=O)Nc4ccccc4Cl)cn3)c2)cc(C)n1,-7.889865592,-7.272981006,460.925,5.43384,2.335818623,0.369109057,100.94,5,3,5,TRUE,13923,0.556047349,CHEMBL3355166,1,0.150537634,1
O=c1[nH]nc(-c2ccnc(NC3CCCC3)c2)n1-c1ccc2ccccc2c1,-10.14640352,-12.06338867,371.444,4.1303,2.416380112,0.565510953,75.6,5,2,4,TRUE,CHEMBL4169204,0.644488007,CHEMBL1644621,1,0.153061224,1
O=c1[nH]nc(-c2ccnc(NC3CC3)c2)n1-c1ccc2ccccc2c1,-10.25601798,-11.46077525,343.39,3.3501,2.392409449,0.595743474,75.6,5,2,4,TRUE,CHEMBL346829,0.696808511,CHEMBL1644623,1,0.155844156,1
COc1ccc(Nc2ncc3nc(Nc4c(F)cccc4F)n(C4CCCC4)c3n2)cc1,-7.301303563,-10.2203237,436.466,5.7154,2.52651807,0.402865235,76.89,7,2,6,TRUE,CHEMBL4633727,0.579910293,CHEMBL1946328,1,0.172413793,1
COc1cc(Nc2cc(Nc3ccccc3C(N)=O)ccn2)ccc1N1CCOCC1,-7.779194528,-8.108772411,419.485,3.5129,2.312863704,0.538555866,101.74,7,3,7,FALSE,CHEMBL359794,0.629040468,CHEMBL3220483,1,0.146067416,1
O=C(Nc1cnn(-c2csc(C(=O)NC3CCNC3)c2)c1)Nc1ccccc1Cl,-8.4745525,-8.414100501,430.921,3.3229,3.088085025,0.498495363,100.08,6,4,5,TRUE,1216148,0.63155447,CHEMBL4758690,1,0.134615385,1
CN1CCN(c2ncn(-c3ccc(Nc4nccc(-c5cc(F)cc(N6CCOCC6)c5)n4)cc3)n2)CC1,-9.257283041,-7.441031651,515.597,3.1954,2.791946406,0.415987329,87.47,10,1,6,TRUE,13912,0.549604002,CHEMBL568116,1,0.269662921,1
Cn1cc(NC(=O)c2cccc(-n3cc(NC(=O)Nc4ccccc4Cl)cn3)c2)cn1,-7.371821353,-8.320348284,435.875,4.1555,2.304373885,0.437356167,105.87,6,3,5,TRUE,50414711,0.628891258,CHEMBL3355169,1,0.107843137,1
CC(=O)Nc1cc(-c2c(-c3ccc(F)cc3)nc(SC=CC(=O)O)n2C2CCCCC2)ccn1,-6.91052932,-6.367356631,480.565,5.9052,2.868431529,0.322534706,97.11,6,2,7,TRUE,CHEMBL593375,0.459527314,CHEMBL3394105,1,0.128205128,1
Fc1ccc(-c2c(-c3ccnc(Nc4ccc(N5CCOCC5)cc4)c3)noc2NCc2ccccc2)cc1,-6.827565532,-7.418811462,521.596,6.735,2.58016359,0.234338231,75.45,7,2,8,FALSE,CHEMBL4446355,0.466709582,CHEMBL3099973,1,0.255555556,1
COc1cc(-n2ccc(-c3ccc(OC(F)(F)F)cc3)cc2=O)ccc1OCCO,-6.649933844,-9.298044105,421.371,3.7828,2.331069088,0.628887615,69.92,6,1,7,TRUE,CHEMBL1834114,0.458838278,222130,1,0.117021277,1
CCN(CC)CCNC(=O)c1cccc(-n2cc(NC(=O)Nc3ccccc3Cl)cn2)c1,-7.814050316,-8.780943039,454.962,4.2413,2.288556332,0.450630433,91.29,5,3,9,TRUE,CHEMBL4519014,0.573530936,CHEMBL3355179,1,0.164948454,1
Cc1ccc(NC(=O)c2cccc(-n3cc(NC(=O)Nc4cccc(F)c4)cn3)c2)cn1,-7.913043744,-8.237264164,430.443,4.61112,2.247531809,0.430331697,100.94,5,3,5,TRUE,CHEMBL4458206,0.618932874,CHEMBL3355150,1,0.177777778,1
COc1ccc(Oc2cc(Nc3ccccc3-c3nc[nH]n3)c(Cl)cn2)cc1,-7.645882099,-6.696132177,393.834,5.0646,2.728014862,0.475674562,84.95,6,2,6,TRUE,310197,0.5547746,CHEMBL1923216,1,0.154761905,1
COc1ccc(Nc2ncc3nc(Nc4ccc(F)cc4F)n(C4CCCC4)c3n2)cc1,-6.987050108,-7.668989677,436.466,5.7154,2.480447598,0.402865235,76.89,7,2,6,TRUE,14690,0.613031161,CHEMBL1946327,1,0.172043011,1
Cn1nnc(-c2ccc(Nc3nccc(-c4cc(C#N)cc(N5CCOCC5)c4)n3)cc2)n1,-8.736171129,-8.530193095,439.483,2.78598,2.687816145,0.500634658,117.67,10,1,5,TRUE,13913,0.569006713,CHEMBL571434,1,0.269662921,1
CS(=O)(=O)Nc1ccc(-c2cnc3cccc(Nc4ccc(F)cn4)c3c2)cc1,-8.219674775,-7.549483246,408.458,4.551,2.263820621,0.50608815,83.98,5,2,5,TRUE,CHEMBL2064522,0.632048581,CHEMBL248984,1,0.090909091,1
CCCOc1ccc(Oc2cc(Nc3ccccc3C(N)=O)c(C(F)(F)F)cn2)cc1,-7.788865064,-7.934521106,431.414,5.524,2.363428903,0.490197024,86.47,5,2,8,TRUE,CHEMBL3099833,0.551789077,CHEMBL1923193,1,0.12745098,1
COc1ccc(Oc2cc(Nc3ccccc3-c3nnc[nH]3)c(Cl)cn2)cc1,-7.696175803,-6.777050614,393.834,5.0646,2.673656888,0.475674562,84.95,6,2,6,TRUE,CHEMBL1164526,0.534814358,50704570,1,0.127659574,1
Cc1ccc(NC(=O)c2cccc(-n3cc(NC(=O)Nc4ccccc4Cl)cn3)c2)c(C)n1,-8.297059507,-8.132436827,460.925,5.43384,2.325389818,0.369109057,100.94,5,3,5,TRUE,50943622,0.609878924,CHEMBL3355162,1,0.208791209,1
Cc1ncccc1NC(=O)c1cccc(-n2cc(NC(=O)Nc3ccccc3Cl)cn2)c1,-7.604069968,-7.544271838,446.898,5.12542,2.27237813,0.395444635,100.94,5,3,5,TRUE,CHEMBL552265,0.607899023,CHEMBL3355161,1,0.1875,1
CN1CCC(CNC(=O)c2cc(-n3cc(NC(=O)Nc4ccccc4Cl)cn3)cs2)CC1,-8.754199119,-8.44322494,473.002,4.3028,2.629101709,0.498392138,91.29,6,3,6,TRUE,1216168,0.587722894,CHEMBL4754031,1,0.217821782,1
Cc1csc(NC(=O)Cc2cccc3ncccc23)c1-c1ncn[nH]1,-6.574336297,-8.414024245,349.419,3.57102,2.648961247,0.589834843,83.56,5,2,4,TRUE,CHEMBL1940986,0.560305918,CHEMBL1682011,1,0.073394495,1
Cc1csc(NC(=O)Cc2cccc3ncccc23)c1-c1nnc[nH]1,-6.51835646,-8.762334848,349.419,3.57102,2.87452837,0.589834843,83.56,5,2,4,TRUE,CHEMBL2064536,0.567697161,50626379,1,0.103448276,1
Cc1ccc(C(=O)Nc2cccc(C(F)(F)F)c2)cc1-c1ccc2nc(NCCN3CCOCC3)ncc2c1,-7.486128239,-7.606208924,535.57,5.62042,2.540477265,0.319900192,79.38,6,2,7,TRUE,CHEMBL4870746,0.513988022,CHEMBL215943,1,0.247706422,1
COc1cc(-n2ccc(SCc3ccc(Cl)cc3)cc2=O)ccc1OCC(C)(C)O,-6.729568474,-8.83639093,445.968,4.9415,2.490174582,0.497353823,60.69,6,1,8,TRUE,13971,0.475587874,222132,1,0.121212121,1
Fc1cc(-c2cc[nH]c(=Nc3ccc(-n4cnc(N5CCOCC5)n4)cc3)n2)cc(N2CCOCC2)c1,-9.459836201,-8.015489249,502.554,2.7021,3.224773308,0.44829786,96.69,9,1,5,TRUE,51304696,0.534032898,CHEMBL585951,1,0.197916667,1
Fc1cc(-c2ccnc(Nc3ccc(-n4cnc(N5CCOCC5)n4)cc3)n2)cc(N2CCOCC2)c1,-9.420482214,-7.655651954,502.554,3.2802,2.780963798,0.426340949,93.46,10,1,6,TRUE,13912,0.532462057,50906371,1,0.280487805,1
CCC(=O)Nc1cccc(C(=O)Nc2ccc(Nc3nccc(-c4cccnc4)n3)cc2)c1,-7.474124299,-7.858813875,438.491,4.883,2.140778545,0.379320575,108.9,6,3,7,TRUE,CHEMBL4293305,0.545831033,188572,1,0.175925926,1
Cn1cc(-c2ncco2)c(-c2ccnc(Nc3ccc(N4CCOCC4)cc3)c2)n1,-8.743520361,-7.237543131,402.458,3.7173,2.692819063,0.544817075,81.24,8,1,5,FALSE,CHEMBL1940977,0.578822466,CHEMBL1771720,1,0.097087379,1
O=C(NCc1ccc(S(=O)(=O)N2CCC(n3nnc4ccccc43)CC2)s1)c1ccc(Cl)cc1,-6.22639423,-7.731761747,516.048,4.102,2.454842631,0.416682515,97.19,7,1,6,TRUE,CHEMBL4636722,0.503931968,CHEMBL383955,1,0.11827957,1
CC(C)(C)NS(=O)(=O)c1ccc(-c2cnc3cccc(Nc4ccccn4)c3c2)cc1,-6.462559546,-7.460966174,432.549,5.1172,2.307690067,0.457398574,83.98,5,2,5,TRUE,14686,0.557180462,CHEMBL250409,1,0.156862745,1
COc1cc(-n2ccc(-c3ccc(C(F)(F)F)cc3)cc2=O)ccc1OCC(C)(C)O,-7.074005918,-8.628151384,433.426,4.6816,2.438177369,0.613277756,60.69,5,1,6,TRUE,14645,0.504841693,222131,1,0.16091954,1
Cc1ccc(-c2ncn(-c3ccc(Nc4nccc(-c5cccc(N6CCOCC6)c5)n4)cc3)n2)cn1,-9.344774407,-8.333691037,490.571,4.67492,2.636467854,0.366898024,93.88,9,1,6,TRUE,51304696,0.541828886,CHEMBL2144409,1,0.22,1
Cn1ccc(-c2cc(Nc3ccc(-n4cnc(N5CCOCC5)n4)cc3)ncc2F)n1,-9.200101424,-9.057634116,420.452,2.7821,2.796389756,0.531325198,85.92,9,1,5,TRUE,51304711,0.600177699,CHEMBL1771709,1,0.117021277,1
C#CCN1CCN(c2c(Cl)cccc2NC(=O)c2ccc(Br)o2)CC1,-6.269728039,-6.619535442,422.71,3.703,2.461066187,0.76338043,48.72,4,1,4,FALSE,CHEMBL490842,0.614210147,CHEMBL1233749,1,0.133333333,1
Cc1nc(C)n(-c2ccc(Nc3cc(-c4ccn(C)n4)c(Cl)cn3)cc2)n1,-8.677923953,-7.534809582,379.855,4.07664,2.611839448,0.578047261,73.45,7,1,4,TRUE,CHEMBL569998,0.618471761,CHEMBL1771663,1,0.208333333,1
COc1ccc(Oc2cc(Nc3c(Cl)cccc3C(N)=O)c(C(F)(F)F)cn2)cc1,-7.725924281,-6.391779372,437.805,5.3972,2.440901836,0.539086305,86.47,5,2,6,TRUE,51159565,0.534568459,CHEMBL1923213,1,0.070707071,1
O=c1n(C2CCNCC2)nc(-c2ccnc(NC3CCOCC3)c2)n1-c1ccc2ccccc2c1,-8.49413646,-6.517158673,470.577,3.7646,2.866795868,0.461959864,86,8,2,5,TRUE,CHEMBL4077376,0.544790144,CHEMBL1644643,1,0.161616162,1
NC(=O)c1ccccc1Nc1ccnc(Nc2ccc(N3CCOCC3)cc2)c1,-7.681263374,-7.838453641,389.459,3.5043,2.189963745,0.597528435,92.51,6,3,6,FALSE,CHEMBL2377825,0.652738635,CHEMBL3220479,1,0.225,1
Cn1ccc(-c2cc(Nc3ccc(N4CCOCC4)cc3)ncc2F)n1,-8.769431481,-6.895874074,353.401,3.2014,2.410943255,0.780587773,55.21,6,1,4,FALSE,CHEMBL569998,0.632185504,CHEMBL1771666,1,0.16,1
c1cc(-c2cc[nH]n2)cc(Nc2ccc(N3CCOCC3)cc2)n1,-7.540894319,-7.473389431,321.384,3.0519,2.535113573,0.772976374,66.07,5,2,4,FALSE,CHEMBL402932,0.670928865,CHEMBL1771660,1,0.162162162,1
O=C(Cc1cccc2cnccc12)Nc1ccsc1-c1cscn1,-7.778155458,-8.901407632,351.456,4.601,2.60711081,0.584428563,54.88,5,1,4,TRUE,CHEMBL3652544,0.559617781,CHEMBL1288100,1,0.103448276,1
Cc1ccc(NC(=O)c2cccc(-n3cc(NC(=O)Nc4ccc(F)cc4)cn3)c2)cn1,-7.506138664,-8.572501889,430.443,4.61112,2.207701542,0.430331697,100.94,5,3,5,TRUE,CHEMBL4458206,0.62788817,CHEMBL3355151,1,0.170454545,1
Cn1nccc1NC(=O)c1cccc(-n2cc(NC(=O)Nc3ccccc3Cl)cn2)c1,-7.507674856,-7.806942313,435.875,4.1555,2.368039745,0.437356167,105.87,6,3,5,TRUE,CHEMBL2390958,0.595995834,CHEMBL3355171,1,0.068181818,1
COC(=O)c1c(C)csc1NC(=O)Cc1cccc2nccnc12,-6.647815052,-7.691323842,341.392,2.96752,2.408853618,0.737950232,81.18,6,1,4,TRUE,CHEMBL1940990,0.558197127,CHEMBL1682003,1,0.118811881,1
CC(C)C(=O)N1CCC(Nc2ncc3ccc(=O)n(C(C)C)c3n2)CC1,-8.447348512,-8.571246889,357.458,2.4313,2.578827566,0.908935624,80.12,6,1,4,TRUE,CHEMBL3673435,0.561480399,CHEMBL3577872,1,0.188235294,1
Cc1nc2c(cnn2-c2csc(C(=O)NC3COC3)c2)cc1Nc1cccc(F)c1Cl,-6.756115025,-8.816911639,457.918,4.45512,3.022625207,0.462317915,81.07,7,2,5,TRUE,14648,0.556289167,CHEMBL4876785,1,0.202020202,1
CN1CCC(CNC(=O)c2cccc(-n3cc(NC(=O)Nc4ccccc4Cl)cn3)c2)CC1,-7.935248501,-8.500009828,466.973,4.2413,2.337339669,0.506355347,91.29,5,3,6,TRUE,CHEMBL2046466,0.561506276,CHEMBL3355182,1,0.158415842,1
Cc1ccc(-c2cccc3cnc(Nc4ccc(F)cc4)nc23)cn1,-9.052311202,-8.468318708,330.366,4.88292,2.154881162,0.581319598,50.7,4,1,3,TRUE,CHEMBL1276317,0.640160977,CHEMBL1761573,1,0.105263158,1
CNC(=O)c1ccccc1Nc1cc(Oc2ccc(OC)cc2)ncc1Cl,-8.240392667,-7.822622116,383.835,4.6391,2.139002286,0.648391205,72.48,5,2,6,TRUE,CHEMBL1092134,0.60272246,CHEMBL1923215,1,0.202702703,1
Fc1cnc(Nc2ccc(N3CCOCC3)cc2)cc1-c1ccn(CCc2ccccc2)n1,-9.089253645,-8.020843727,443.526,4.9071,2.442273541,0.440026563,55.21,6,1,7,FALSE,13924,0.630054054,CHEMBL1771712,1,0.233333333,1
O=C(NCCN1CCOCC1)c1cccc(-n2ncc3cc(Nc4ccccc4)cnc32)c1,-7.426047376,-8.908053031,442.523,3.2261,2.36986946,0.457260213,84.31,7,2,7,TRUE,CHEMBL3943813,0.593085396,CHEMBL2376905,1,0.215909091,1
Cc1cc(Nc2cc(Nc3ccccc3C(N)=O)ccn2)ccc1N1CCOCC1,-7.964591181,-7.550029926,403.486,3.81272,2.296075094,0.579575762,92.51,6,3,6,FALSE,CHEMBL497564,0.581073008,CHEMBL3220492,1,0.11827957,1
CNC(=O)c1ccccc1Nc1cc(Nc2ccc(N3CCOCC3)c(C)c2)ncc1C(F)(F)F,-7.899579805,-7.188817632,485.51,5.09222,2.575954622,0.451458056,78.52,6,3,6,FALSE,CHEMBL4076186,0.547894302,CHEMBL3220477,1,0.12962963,1
O=C(Nc1cc(-c2ccnc(Nc3ccccc3)c2)ccn1)c1cccnc1,-9.498717129,-10.4961887,367.412,4.5345,2.126711901,0.541478819,79.8,5,2,5,TRUE,CHEMBL2048664,0.640951056,CHEMBL380625,1,0.197368421,1
CCC(=O)Nc1cccc(C(=O)Nc2cccc(Nc3cc(-c4c(-c5ccc(F)cc5)nc(SC)n4C)ccn3)c2)c1,-7.624102374,-8.851541447,580.689,7.3545,2.651894274,0.157624984,100.94,7,3,9,TRUE,CHEMBL1272270,0.515664845,CHEMBL4077684,1,0.602739726,1
CNCC(=O)N1CCC(Nc2ncc(Cl)c(-c3c[nH]c4ccccc34)n2)CC1,-9.071160827,-8.09889734,398.898,2.9006,2.551575066,0.614875982,85.94,5,3,5,TRUE,CHEMBL255948,0.561781976,CHEMBL393861,1,0.311688312,1
CC(=O)Nc1cc(-c2c(-c3ccc(F)cc3)nc(SC3CCC(C(=O)O)CC3O)n2C)ccn1,-7.693760794,-8.327539669,484.553,3.9529,3.765914522,0.484876,117.34,7,3,6,TRUE,CHEMBL4476724,0.63715131,CHEMBL3394111,1,0.340909091,1
O=C(Cc1ccc(C(F)(F)F)c2ncccc12)Nc1scc(Cl)c1-c1ncn[nH]1,-7.023688462,-7.730888528,437.834,4.9348,2.934951225,0.473645597,83.56,5,2,4,TRUE,CHEMBL4074586,0.562320835,CHEMBL1822137,1,0.102803738,1
O=C(Cc1ccc(C(F)(F)F)c2ncccc12)Nc1scc(Cl)c1-c1nnc[nH]1,-6.985353198,-7.746839658,437.834,4.9348,3.135760982,0.473645597,83.56,5,2,4,TRUE,CHEMBL4074586,0.560718782,50659440,1,0.102803738,1
O=C(Nc1cnn(-c2csc(C(=O)NCC3CCNCC3)c2)c1)Nc1ccccc1Cl,-8.111107272,-8.011135159,458.975,3.9606,2.675983704,0.448847866,100.08,6,4,6,TRUE,CHEMBL4550702,0.626022819,CHEMBL4788258,1,0.258064516,1
Cc1ncn(-c2ccc(Nc3cc(-c4nocc4-c4c(C)n[nH]c4C)ccn3)cc2)n1,-6.957821077,-9.012102108,412.457,4.37626,3.028986781,0.44071109,110.34,8,2,5,TRUE,CHEMBL109981,0.570438328,CHEMBL3100086,1,0.116504854,1
Cn1cc(-c2ccc3cnc(Nc4ccc(-n5cnc(N6CCOCC6)n5)cc4)nc3c2C(F)(F)F)cn1,-9.973412292,-8.757669116,521.507,4.21,3.076194009,0.367416664,98.81,10,1,5,TRUE,CHEMBL304172,0.621641325,CHEMBL1761580,1,0.155339806,1
N#Cc1ccc2c(c1)NC(=CC(=O)c1cccc3ccccc13)C(=O)N2,-8.07170541,-9.191289359,339.354,3.84228,2.491097182,0.548823753,81.99,4,2,2,TRUE,CHEMBL3545157,0.620498615,CHEMBL4795574,1,0.2,1
Oc1c2ccccc2c2c3c(cccc13)NN2,-8.928710751,-8.135195065,222.247,3.451,2.620405966,0.40295025,44.29,3,3,0,TRUE,CHEMBL126077,0.610892019,50383516,1,0.217391304,1
Cc1n[nH]c(-c2c(C)csc2NC(=O)Cc2ccc(OCCCN3CCCCC3)cc2)n1,-5.926694739,-7.089409429,453.612,4.58604,2.766346854,0.463301735,83.14,6,2,9,TRUE,CHEMBL4557360,0.507054674,CHEMBL1682008,1,0.126213592,1
Cc1nnc(-c2c(C)csc2NC(=O)Cc2ccc(OCCCN3CCCCC3)cc2)[nH]1,-6.178994027,-7.43279644,453.612,4.58604,2.810379112,0.463301735,83.14,6,2,9,TRUE,CHEMBL3960209,0.508369302,50626376,1,0.104761905,1
COC(=O)CSc1nc(-c2ccc(F)cc2)c(-c2ccnc(NC(C)=O)c2)n1C,-6.728385164,-7.069495401,414.462,3.5117,2.472423896,0.490727343,86.11,7,1,6,TRUE,CHEMBL2022415,0.547757131,CHEMBL3394094,1,0.094117647,1
N#Cc1c(NC(=O)c2cccc3ccccc23)sc2c1CCCC2,-7.489789347,-9.464566382,332.428,4.90408,2.07945676,0.72512494,52.89,3,1,2,TRUE,CHEMBL68397,0.612698413,CHEMBL233001,1,0.082352941,1
NS(=O)(=O)c1ccc(-c2cnc3cccc(Nc4ccccn4)c3c2)cc1,-7.551263031,-7.337417843,376.441,3.6878,2.129303477,0.565989289,97.97,5,2,4,TRUE,CHEMBL4450851,0.566462668,CHEMBL400863,1,0.095238095,1
Cc1ccc(-c2ncn(-c3ccc(Nc4cc(-c5ccn(C)n5)c(F)cn4)cc3)n2)cn1,-9.266900712,-8.204256174,426.459,4.31592,2.759063479,0.450567116,86.34,8,1,5,TRUE,51304711,0.594432967,CHEMBL1771668,1,0.130434783,1
NC(=O)c1ccccc1Nc1cc(Oc2ccc(F)cc2)ncc1C(F)(F)F,-7.970432408,-7.835204312,391.324,4.8743,2.298577959,0.608338184,77.24,4,2,5,TRUE,CHEMBL3828006,0.574892452,CHEMBL1923195,1,0.194805195,1
C=CCN1CCN(c2c(C)cccc2NC(=O)c2ccc(Br)o2)CC1,-7.247226895,-6.281701449,404.308,3.91082,2.384005516,0.768226547,48.72,4,1,5,FALSE,CHEMBL2391121,0.592839301,CHEMBL1784096,1,0.133333333,1
C=CC(=O)Nc1ccc(C(=O)Nc2ccc(Nc3cc(-c4[nH]c(SC)nc4C)ccn3)cc2)cc1,-8.179775463,-8.899910915,484.585,5.62242,2.655947755,0.190701208,111.8,6,4,8,FALSE,CHEMBL304172,0.527104845,CHEMBL4100292,1,0.164948454,1
Cn1ccc(-c2cc(Nc3ccc(-n4cnc(N5CCOCC5)n4)cc3)ncc2Cl)n1,-9.217819651,-8.153697672,436.907,3.2964,2.786711142,0.513309153,85.92,9,1,5,TRUE,CHEMBL3891139,0.621499653,CHEMBL1771664,1,0.193548387,1
O=C(Nc1cnn(-c2cc(C(=O)NC3CNC3)cs2)c1)Nc1ccccc1Cl,-7.130406215,-8.924883898,416.894,2.9328,2.733462352,0.513419568,100.08,6,4,5,TRUE,CHEMBL4648047,0.636783618,CHEMBL4777114,1,0.208791209,1
NC(=O)c1ccccc1Nc1cc(Oc2cccc(Cl)c2)ncc1C(F)(F)F,-7.609669237,-7.878793504,407.779,5.3886,2.352439497,0.594211931,77.24,4,2,5,TRUE,CHEMBL3828131,0.564217252,CHEMBL1923197,1,0.142857143,1
CS(=O)(=O)NC1CCC(Nc2nccc(-n3ccc4c(N5CCN(C(=O)CC#N)CC5)cccc43)n2)CC1,-8.810068015,-9.177637861,536.662,2.25508,2.964582403,0.469318433,136.25,9,2,7,TRUE,13924,0.513021073,51195163,1,0.184466019,1
CC(C)n1c(=O)ccc2cnc(NC3CCC(N)CC3)nc21,-9.535991155,-8.949015476,301.394,2.0542,2.628297303,0.905939128,85.83,6,2,3,TRUE,CHEMBL403385,0.624074323,CHEMBL3577865,1,0.25,1
COc1ccccc1Nc1ccc2c(-c3ccccc3)n[nH]c2c1,-7.667268892,-8.524173159,315.376,4.9821,1.923510594,0.558055265,49.94,3,2,4,TRUE,CHEMBL1969664,0.569344061,CHEMBL254443,1,0.12345679,1
Cn1ccc(NC(=O)c2cccc(-n3cc(NC(=O)Nc4ccccc4Cl)cn3)c2)n1,-8.3721129,-7.948477233,435.875,4.1555,2.335807766,0.437356167,105.87,6,3,5,TRUE,50943622,0.630980525,CHEMBL3355170,1,0.15625,1
CC(C)NC(=O)NC1CCC(Nc2ncc3ccc(=O)n(C4CCOCC4)c3n2)CC1,-9.881291891,-9.085114916,428.537,2.5737,2.735756253,0.675182899,110.17,7,3,5,TRUE,CHEMBL1940976,0.531074666,CHEMBL3577878,1,0.116504854,1
O=C(Nc1cnn(-c2cccc(C(=O)NCC3CCNCC3)c2)c1)Nc1ccccc1Cl,-7.786591606,-8.184639921,452.946,3.8991,2.374534943,0.455395282,100.08,5,4,6,TRUE,14673,0.582294136,CHEMBL3355181,1,0.18,1
CC(=O)N1CCCCC1C(=O)Nc1cc(-c2ccnc(Nc3ccccc3)c2)ccn1,-9.480611366,-9.724242588,415.497,4.2267,2.731783698,0.651274374,87.22,5,2,5,TRUE,50230999,0.594796406,CHEMBL383678,1,0.27027027,1
COc1ccc(Nc2ncc3nc(Nc4ccccc4F)n(C4CCCC4)c3n2)cc1,-6.912368024,-9.385876594,418.476,5.5763,2.402195842,0.425885893,76.89,7,2,6,TRUE,13970,0.521217055,CHEMBL1946325,1,0.206521739,1
O=c1[nH]nc(-c2ccnc(Nc3nccs3)c2)n1-c1ccc2ccccc2c1,-10.05927791,-11.59355127,386.44,3.9759,2.551423485,0.487770867,88.49,7,2,4,TRUE,CHEMBL491859,0.697177822,CHEMBL1644627,1,0.162790698,1
c1cncc(-c2ccc3cnc(Nc4ccc(-n5cnc(N6CCOCC6)n5)cc4)nc3c2)c1,-9.808358181,-8.052828927,450.506,3.8527,2.643735391,0.431551371,93.88,9,1,5,TRUE,CHEMBL304172,0.622812773,CHEMBL1761558,1,0.164948454,1
CS(=O)(=O)N(c1ccc(-c2cnc3ccc4ccncc4c3c2)cc1)S(C)(=O)=O,-7.563312133,-7.132904323,427.507,3.1756,2.545817058,0.46416603,97.3,6,0,4,TRUE,CHEMBL1809110,0.535517241,CHEMBL250199,1,0.12195122,1
Cc1cccc(NC(=O)c2ccc(C#N)o2)c1N1CCC2(CC1)OCCO2,-7.371708646,-7.239350297,367.405,3.0553,3.253842642,0.897038772,87.73,6,1,3,TRUE,CHEMBL4434855,0.546281882,CHEMBL1783590,1,0.133333333,1
CN(C)CCNc1onc(-c2ccnc(Nc3ccc(N4CCOCC4)cc3)c2)c1-c1ccc(F)cc1,-6.929751051,-5.447743948,502.594,5.0964,2.693927714,0.327526446,78.69,8,2,9,FALSE,CHEMBL4085289,0.502204166,CHEMBL3099974,1,0.086956522,1
CNC(=O)c1ccccc1Nc1cc(Nc2ccc(-n3ccnn3)cc2)ncc1C(F)(F)F,-8.996387848,-7.988642941,453.428,4.5279,2.659862813,0.397085941,96.76,7,3,6,TRUE,CHEMBL402969,0.637941142,CHEMBL3220471,1,0.181818182,1
NC(=O)c1ccccc1Nc1ccnc(Nc2ccc(-n3ccnn3)cc2)c1,-7.747272798,-7.866742474,371.404,3.2484,2.396277901,0.47975256,110.75,7,3,6,TRUE,CHEMBL188938,0.633297501,CHEMBL3220486,1,0.2,1
CS(=O)(=O)C1CCN(c2cccc3c2ccn3-c2ccnc(NC3CCC(C(=O)N4CCn5cnnc5C4)CC3)n2)CC1,-8.409834328,-7.402339288,603.753,3.0385,3.276356361,0.353328442,131.14,11,1,6,TRUE,50506664,0.485552276,51195191,1,0.130081301,1
CN1CCC(CNC(=O)c2cc(-n3cc(NC(=O)Nc4ccccc4Cl)cn3)cs2)C1,-8.667618015,-9.00072644,458.975,3.9127,3.066408157,0.521874015,91.29,6,3,6,TRUE,1216168,0.60517459,CHEMBL4753218,1,0.203883495,1
COC(=O)c1c(C)csc1NC(=O)Cc1ccc(OCCCN2CCCC2)cc1,-5.903242774,-5.968928857,416.543,3.88902,2.231307183,0.496179429,67.87,6,1,9,TRUE,CHEMBL4634672,0.517525112,CHEMBL1682001,1,0.105263158,1
CC(=O)Nc1cc(-c2c(-c3ccc(F)cc3)nc(SC=CC(=O)O)n2CC(O)CO)ccn1,-7.38419887,-7.115510106,472.498,2.7532,3.402710504,0.275577503,137.57,8,4,9,TRUE,CHEMBL2022415,0.495605573,CHEMBL3394109,1,0.107526882,1
Cc1ccc(NC(=O)c2cccc(-n3cc(NC(=O)Nc4ccccc4Cl)cn3)c2F)cn1,-8.446416835,-7.862855,464.888,5.26452,2.41137296,0.374482878,100.94,5,3,5,TRUE,50943622,0.605158517,CHEMBL3355159,1,0.193548387,1
CC(C)NC(=O)NC1CCC(Nc2ncc3ccc(=O)n(C)c3n2)CC1,-8.876144934,-9.735849919,358.446,1.7592,2.546028857,0.773061789,100.94,6,3,4,TRUE,CHEMBL3960209,0.557744398,CHEMBL3577876,1,0.134831461,1
NS(=O)(=O)c1ccc(-c2cnc3cccc(Nc4ccc(Cl)cn4)c3c2)cc1,-8.126251667,-8.0354291,410.886,4.3412,2.206993506,0.521055729,97.97,5,2,4,TRUE,CHEMBL3736164,0.613822087,CHEMBL250017,1,0.16091954,1
Cc1nc(C)n(-c2ccc(Nc3cc(-c4ccn(-c5cccc(C#N)c5)n4)ccn3)cc2)n1,-9.220824394,-7.551175673,432.491,4.74712,2.660336718,0.430528243,97.24,8,1,5,TRUE,13922,0.635364989,CHEMBL1771715,1,0.202247191,1
COc1ccc(Nc2ncc3nc(Nc4ccccc4F)n(C4CCC(N)CC4)c3n2)cc1,-7.794515825,-10.40714124,447.518,4.9036,2.569866526,0.386086473,102.91,8,3,6,TRUE,13929,0.548387097,CHEMBL1946339,1,0.204301075,1
CS(=O)(=O)C1CCN(c2cccc3c2ccn3-c2ccnc(NC3CCC(O)CC3)n2)CC1,-8.784809854,-8.333290536,469.611,3.1493,2.901121531,0.592006675,100.35,8,2,5,TRUE,CHEMBL4472042,0.56712963,51195160,1,0.161290323,1
CCOc1cc(-c2nncn2C)ccc1Nc1ncc2cc(C)nc(NCC(C)(C)C)c2n1,-6.265414106,-6.889160125,446.559,4.72902,2.929138812,0.420007273,102.67,9,2,7,TRUE,50234930,0.463536073,CHEMBL3924132,1,0.138613861,1
c1ccc2cc(-c3[nH]ncc3-c3ccncc3)ccc2c1,-8.775593535,-9.469697289,271.323,4.2919,2.078215049,0.59052757,41.57,2,1,2,TRUE,50855578,0.728111433,CHEMBL1784666,1,0.14,1
c1ccc2cc(-c3n[nH]cc3-c3ccncc3)ccc2c1,-8.775593535,-9.469697289,271.323,4.2919,2.334309554,0.59052757,41.57,2,1,2,TRUE,50855578,0.728111433,CHEMBL1784666,1,0.14,1
NCc1ccc(-c2cnc3[nH]cc(-c4cccc(NC(=O)Nc5ccc(C(F)(F)F)cc5F)c4)c3c2)cc1,-10.3336345,-8.75905082,519.502,7.1575,2.552459044,0.185643525,95.83,3,4,5,TRUE,CHEMBL595459,0.57739289,CHEMBL551024,1,0.147826087,1
CC(C)(C)NS(=O)(=O)c1ccc(-c2cnc3cccc(Nc4ccc(Cl)cn4)c3c2)cc1,-7.923993773,-7.392319297,466.994,5.7706,2.379812512,0.389698598,83.98,5,2,5,TRUE,50721066,0.613227338,CHEMBL430014,1,0.144329897,1
O=C(Nc1cccc(Cl)c1N1CCN(Cc2ccco2)CC1)c1ccc(Br)o1,-6.872820381,-6.902687575,464.747,4.863,2.33241951,0.58399155,61.86,5,1,5,FALSE,CHEMBL3652550,0.538346728,CHEMBL1784089,1,0.04950495,1
O=c1[nH]nc(-c2ccnc(Nc3cccnc3)c2)n1-c1ccc2ccccc2c1,-10.13579913,-12.12687567,380.411,3.9144,2.434354725,0.493399524,88.49,6,2,4,TRUE,CHEMBL2048673,0.658150694,CHEMBL1644626,1,0.193181818,1
Cc1cccc(NC(=O)c2cccc(-n3ncc4cc(Nc5ccccc5C)ccc43)c2)c1,-8.278310202,-9.549744123,432.527,6.63824,2.13361893,0.327309452,58.95,4,2,5,TRUE,CHEMBL4228654,0.604941044,CHEMBL2376921,1,0.247058824,1
O=C1Nc2ccccc2NC1=CC(=O)c1cccc2ccccc12,-8.505094915,-10.62921211,314.344,3.9706,2.255188189,0.555645342,58.2,3,2,2,TRUE,CHEMBL4080416,0.595148754,CHEMBL4531109,1,0.108433735,1
N#Cc1c(NC(=O)c2cccc3ccccc23)sc2c1CCCN2C(=O)c1cc[nH]n1,-7.356927014,-9.592548989,427.489,4.34138,2.948236011,0.507627337,101.88,5,2,3,TRUE,14383,0.473870682,CHEMBL232610,1,0.121212121,1
N#Cc1c(NC(=O)c2cccc3ccccc23)sc2c1CCCN2C(=O)C1CC1,-7.093248619,-9.127258866,401.491,4.71448,2.54923823,0.690416839,73.2,4,1,3,TRUE,111142,0.550649959,CHEMBL232601,1,0.118811881,1
N#Cc1c(NC(=O)c2cccc3ccccc23)sc2c1CCCN2C(=O)c1ccn[nH]1,-7.356927014,-9.592548989,427.489,4.34138,2.760380627,0.507627337,101.88,5,2,3,TRUE,14383,0.473870682,CHEMBL232610,1,0.121212121,1
CCC(=O)Nc1cccc(C(=O)Nc2ccc(Nc3cc(-c4[nH]c(SC)nc4C)ccn3)cc2)c1,-7.619594546,-9.2517269,486.601,5.84642,2.571213447,0.23263693,111.8,6,4,8,TRUE,CHEMBL4062453,0.539012169,CHEMBL4101252,1,0.129310345,1
CC(=O)CSc1nc(-c2ccc(F)cc2)c(-c2ccnc(NC(C)=O)c2)n1C,-6.781124785,-7.269871063,398.463,3.9277,2.498970858,0.636903128,76.88,6,1,6,TRUE,CHEMBL2022415,0.580522039,CHEMBL3394097,1,0.097560976,1
CCNc1ncc2nc(Nc3ccccc3F)n(C3CCCC3)c2n1,-6.888312056,-8.373708445,340.406,4.2559,2.490980425,0.726389702,67.66,6,2,5,TRUE,CHEMBL1834110,0.606973059,CHEMBL1946330,1,0.185185185,1
COC(=O)c1c(C)csc1NC(=O)Cc1ccc(-c2ccncc2)cc1,-5.875918817,-7.178819159,366.442,4.08632,2.169906828,0.690836977,68.29,5,1,5,TRUE,CHEMBL3828571,0.480340064,CHEMBL1681998,1,0.268656716,1
CC(=O)Nc1cc(-c2c(-c3ccc(F)cc3)nc(SCC(=O)O)n2C)ccn1,-6.449015058,-6.548882528,400.435,3.4233,2.450741864,0.615589383,97.11,6,2,6,TRUE,CHEMBL3647951,0.458591607,CHEMBL3394096,1,0.164948454,1
COC(Cn1c(SCCC(=O)O)nc(-c2ccc(F)cc2)c1-c1ccnc(NC(C)=O)c1)OC,-6.653917243,-7.392873822,488.541,3.8953,2.810346275,0.308507458,115.57,8,2,11,FALSE,CHEMBL2048663,0.449846896,CHEMBL3394099,1,0.163461538,1
CNC(=O)CN1CCC(Nc2nccc(-c3cnc4ccccn34)n2)CC1,-8.455399386,-8.394307401,365.441,1.4136,2.54245936,0.710941824,87.45,7,2,5,TRUE,50391818,0.591901098,CHEMBL485323,1,0.170454545,1
O=C(Cc1cc(C(F)(F)F)cc2ncccc12)Nc1scc(Br)c1-c1ncn[nH]1,-6.837024674,-7.37310858,482.285,5.0439,2.928720456,0.42698513,83.56,5,2,4,TRUE,CHEMBL3828150,0.525437766,CHEMBL1822136,1,0.105263158,1
CCN1CCC(n2nc(-c3ccnc(NC4CCOCC4)c3)n(-c3ccc4ccccc4c3)c2=O)CC1,-8.008601219,-7.943028151,498.631,4.4969,2.827873585,0.421964617,77.21,8,1,6,TRUE,CHEMBL4461695,0.513407393,CHEMBL1644644,1,0.194174757,1
O=C(Cc1cc(C(F)(F)F)cc2ncccc12)Nc1scc(Br)c1-c1nnc[nH]1,-6.62456651,-7.472384083,482.285,5.0439,3.129530212,0.42698513,83.56,5,2,4,TRUE,CHEMBL4077048,0.559762095,50659439,1,0.111111111,1
C#CCN1CCN(c2c(F)cccc2NC(=O)c2ccc(Br)o2)CC1,-6.62906408,-7.051383243,406.255,3.1887,2.501498907,0.793024375,48.72,4,1,4,FALSE,CHEMBL3093049,0.588829071,CHEMBL1784097,1,0.129411765,1
C[S+]([O-])c1ccc(-c2nc(-c3ccc(F)cc3)c(-c3ccncc3)[nH]2)cc1,-7.052078375,-7.894960329,377.444,4.6822,3.209199447,0.525196404,64.63,3,1,4,FALSE,50932585,0.589195492,CHEMBL10,1,0.111111111,1
N#CC(c1ccnc(Cl)n1)c1nc2ccccc2s1,-6.58396457,-7.980008907,286.747,3.39518,3.121781385,0.677456106,62.46,5,0,2,FALSE,CHEMBL4064316,0.606699752,CHEMBL1991853,1,0.104477612,1
CS(=O)c1ccc(-c2nc(-c3ccncc3)c(-c3ccc(F)cc3)[nH]2)cc1,-6.760299668,-7.220261719,377.444,4.6822,2.84449708,0.561614004,58.64,3,1,4,TRUE,CHEMBL558982,0.579204736,50543920,1,0.111111111,1
CS(=O)(=O)C1CCN(c2cccc3c2cnn3-c2ccnc(NC3CCC(O)CC3)n2)CC1,-8.657266341,-7.642305719,470.599,2.5443,2.925668576,0.584937014,113.24,9,2,5,TRUE,CHEMBL291425,0.623089029,51195161,1,0.210526316,1
c1ccc(-c2ccnc(Nc3ccc(-n4cncn4)cc3)n2)cc1,-8.903307419,-7.685557384,314.352,3.4679,2.042559727,0.624460626,68.52,6,1,4,TRUE,CHEMBL569998,0.691021392,CHEMBL572282,1,0.327868852,1
CCOC(=O)c1c(C#N)csc1NC(=O)Cc1ccc(OC)cc1,-5.777361276,-7.172788374,344.392,2.98628,2.242519371,0.813933458,88.42,6,1,6,TRUE,CHEMBL3398199,0.560991105,CHEMBL1681996,1,0.152941176,1
C=CCN1CCN(c2c(Cl)cccc2NC(=O)c2cnc(Br)s2)CC1,-7.4156784,-6.147218717,441.782,4.1193,2.613005299,0.709196637,48.47,5,1,5,FALSE,CHEMBL4796925,0.577348402,CHEMBL1783492,1,0.135416667,1
Cc1ccc(CNC(=O)c2cccc(-n3cc(NC(=O)Nc4ccccc4Cl)cn3)c2)cn1,-7.49247943,-8.367411816,460.925,4.80312,2.271956673,0.384278155,100.94,5,3,6,TRUE,1038726,0.656806026,CHEMBL3355168,1,0.136363636,1
Cc1ccc(NC(=O)c2cccc(-n3cc(NC(=O)Nc4ccccc4F)cn3)c2)cn1,-7.730175406,-8.795675957,430.443,4.61112,2.23773114,0.430331697,100.94,5,3,5,TRUE,CHEMBL4458206,0.628399491,CHEMBL3355149,1,0.161290323,1
NC(=O)c1ccccc1Nc1cc(Oc2ccc3ccccc3c2)ncc1C(F)(F)F,-8.234686777,-8.448658772,423.394,5.8884,2.352488669,0.419732326,77.24,4,2,5,TRUE,CHEMBL3828131,0.591431426,CHEMBL1923200,1,0.160493827,1
Fc1cnc(Nc2ccc(N3CCOCC3)cc2)cc1-c1ccn(CCN2CCOCC2)n1,-9.172797421,-6.548439402,452.534,2.9966,2.615292537,0.591150927,67.68,8,1,7,FALSE,13922,0.57120413,CHEMBL1771713,1,0.240963855,1
CNC(=O)c1ccccc1Nc1cc(Nc2ccc(N3CCOCC3)cc2OC)ncc1F,-6.862539682,-8.13335145,451.502,3.9127,2.454084608,0.501987092,87.75,7,3,7,TRUE,51320408,0.538148843,CHEMBL3220465,1,0.138613861,1
Cc1cccc(C(=O)C=C2Nc3ccccc3NC2=O)c1,-9.071052767,-9.755496589,278.311,3.12582,2.256172851,0.65517284,58.2,3,2,2,TRUE,50506652,0.727935943,CHEMBL4788894,1,0.169230769,1
Cc1n[nH]c(-c2c(C)csc2NC(=O)Cc2ccc(-c3ccncc3)cc2)n1,-7.122212232,-8.259618271,389.484,4.39324,2.748120365,0.53006848,83.56,5,2,5,TRUE,CHEMBL593490,0.519669792,CHEMBL1682007,1,0.164948454,1
Cc1nnc(-c2c(C)csc2NC(=O)Cc2ccc(-c3ccncc3)cc2)[nH]1,-6.726571773,-7.836899153,389.484,4.39324,2.798675921,0.53006848,83.56,5,2,5,TRUE,CHEMBL1834125,0.522378909,50626375,1,0.132653061,1
CN(C)C(=O)c1ccc(Nc2cc(Nc3ccccc3C(N)=O)ccn2)cc1,-7.601342465,-8.178336239,375.432,3.3695,2.12906032,0.61325196,100.35,5,3,6,TRUE,CHEMBL359794,0.670926079,CHEMBL3220485,1,0.166666667,1
CNC(=O)c1ccccc1Nc1cc(Nc2ccc(C(=O)N(C)C)cc2)ncc1C(F)(F)F,-9.124059491,-8.13997664,457.456,4.649,2.431479084,0.501820662,86.36,5,3,6,TRUE,50664221,0.587160921,CHEMBL3220470,1,0.117021277,1
NC(=O)c1ccccc1Nc1ccnc(Nc2ccc3c(c2)OCO3)c1,-7.43332582,-7.753846755,348.362,3.3964,2.197020178,0.653584593,98.5,6,3,5,TRUE,CHEMBL188938,0.660094299,CHEMBL3220489,1,0.17721519,1
CNC(=O)c1ccccc1Nc1cc(Nc2ccc3c(c2)OCO3)ncc1C(F)(F)F,-8.790333064,-7.614109987,430.386,4.6759,2.484615592,0.545414298,84.51,6,3,5,TRUE,50234868,0.614691615,CHEMBL3220474,1,0.159090909,1
Cc1nc(C)n(-c2ccc(Nc3cc(-c4ccn(C)n4)c(F)cn3)cc2)n1,-9.067901183,-7.813614585,363.4,3.56234,2.62327781,0.600070817,73.45,7,1,4,TRUE,CHEMBL402932,0.691070673,CHEMBL1771667,1,0.213333333,1
Cc1nc(C)n(-c2ccc(Nc3cc(-c4ccn(-c5ccccn5)n4)ccn3)cc2)n1,-9.030195317,-7.464807865,408.469,4.27044,2.59200531,0.46734565,86.34,8,1,5,TRUE,13922,0.670577955,CHEMBL1771717,1,0.211764706,1
CN(C)CCNc1nccc(-c2cccnc2Oc2ccc(Nc3nc4ccccc4[nH]3)c3ccccc23)n1,-7.81968479,-7.390060601,516.609,6.0775,2.720683141,0.212499011,103.88,8,3,9,TRUE,CHEMBL4741669,0.506247945,CHEMBL3355992,1,0.139130435,1
CSc1nccc(C(C#N)c2nc3ccccc3s2)n1,-7.093510396,-8.251324003,298.396,3.46368,3.128410643,0.547091565,62.46,6,0,3,TRUE,CHEMBL575138,0.555706727,CHEMBL3911431,1,0.048192771,1
Cc1cccc(NC(=O)c2ccc(C(F)F)o2)c1N1CCC2(CC1)OCCO2,-8.015859449,-7.281724979,392.402,4.12122,3.263174654,0.848042315,63.94,5,1,4,TRUE,50840603,0.609620498,CHEMBL1783592,1,0.135416667,1
Cc1c(Cl)cccc1N=C1NC(=O)C(=C2C(=O)Nc3ccc(Br)cc32)S1,-8.17490606,-10.4686522,448.729,4.62482,3.11110557,0.625207989,70.56,4,2,1,TRUE,CHEMBL406620,0.625841924,CHEMBL4531954,1,0.149425287,1
O=C(Nc1cnn(-c2cccc(C(=O)NCCCN3CCOCC3)c2)c1)Nc1ccccc1Cl,-6.989156707,-8.128658269,482.972,3.6218,2.319722351,0.42564449,100.52,6,3,8,TRUE,CHEMBL4228654,0.547161893,200733,1,0.151515152,1
COc1ccc(Nc2ncc3nc(Nc4ccccc4F)n(C4CCCCC4)c3n2)cc1,-6.928432571,-9.736105722,432.503,5.9664,2.418824263,0.391081311,76.89,7,2,6,TRUE,14690,0.620338983,CHEMBL1946337,1,0.177777778,1
CCn1c(Nc2ccccc2F)nc2cnc(Nc3ccc(OC)cc3)nc21,-6.814166849,-8.848010496,378.411,4.4811,2.296675921,0.515092981,76.89,7,2,6,TRUE,CHEMBL4080416,0.643361129,CHEMBL1946335,1,0.159090909,1
c1ccc2cc(-c3nn[nH]c3-c3ccncc3)ccc2c1,-7.598744428,-9.130986124,272.311,3.6869,2.420601862,0.605205452,54.46,3,1,2,TRUE,50855578,0.705312276,CHEMBL1784665,1,0.145833333,1
N#Cc1ccnc(Nc2cc(C3CCN(C4COC4)CC3)cc(N3CCC(F)(F)C3)n2)c1,-8.472660576,-8.124222119,440.498,3.51548,3.173532478,0.762353255,77.31,7,1,5,TRUE,169536,0.539874552,50291813,1,0.064814815,1
c1ccc2cc(-c3[nH]nnc3-c3ccncc3)ccc2c1,-7.598744428,-9.130986124,272.311,3.6869,2.422463401,0.605205452,54.46,3,1,2,TRUE,50855578,0.705312276,CHEMBL1784665,1,0.145833333,1
c1cc(-c2ccnc(Nc3ccc(-n4ccnn4)cc3)n2)cc(N2CCOCC2)c1,-9.474858593,-7.294959309,399.458,3.3045,2.445344802,0.551364256,80.99,8,1,5,TRUE,13922,0.640324594,CHEMBL572283,1,0.3,1
CN(C)c1onc(-c2ccnc(Nc3ccc(N4CCOCC4)cc3)c2)c1-c1ccc(F)cc1,-8.51803236,-11.09299699,459.525,5.1889,2.597501372,0.425669469,66.66,7,1,6,FALSE,CHEMBL5085851,0.575452323,CHEMBL3099971,1,0.15,1
O=C1Nc2ccccc2NC1=CC(=O)c1cccc(Cl)c1,-8.826464879,-8.125290197,298.729,3.4708,2.27505439,0.659106024,58.2,3,2,2,TRUE,50506652,0.708688839,CHEMBL4777530,1,0.169230769,1
Cc1nc(C)n(-c2ccc(Nc3cc(Nc4ccccc4C(N)=O)ccn3)cc2)n1,-7.584712602,-7.960542704,399.458,3.86524,2.387588344,0.453923846,110.75,7,3,6,TRUE,CHEMBL2048676,0.567867036,CHEMBL3220487,1,0.166666667,1
CNC(=O)c1ccccc1Nc1cc(Nc2ccc(-n3nc(C)nc3C)cc2)ncc1C(F)(F)F,-8.983575733,-8.178246421,481.482,5.14474,2.657518615,0.352753552,96.76,7,3,6,TRUE,607846,0.602488402,CHEMBL3220472,1,0.123809524,1
COc1cc(N2CCOCC2)ccc1Nc1cc(Nc2ccccc2C(N)=O)ccn1,-7.3455155,-7.442803719,419.485,3.5129,2.325076011,0.538555866,101.74,7,3,7,TRUE,CHEMBL550925,0.599765508,CHEMBL3220484,1,0.100917431,1
NC(=O)c1ccccc1Nc1cc(Oc2ccc(Br)cc2)ncc1C(F)(F)F,-7.447812277,-7.898427852,452.23,5.4977,2.34160932,0.536420005,77.24,4,2,5,TRUE,CHEMBL3828131,0.56515635,CHEMBL1923196,1,0.146341463,1
Cn1cc(-c2cn(C)nc2-c2ccnc(Nc3ccc(N4CCOCC4)cc3)c2)cn1,-7.410223691,-10.20232514,415.501,3.4628,2.59368815,0.538184992,73.03,8,1,5,FALSE,CHEMBL4063206,0.482109228,CHEMBL1771721,1,0.14893617,1
Cn1cc(-c2ccnn2C)c(-c2ccnc(Nc3ccc(N4CCOCC4)cc3)c2)n1,-9.385402468,-9.934137204,415.501,3.4628,2.651461607,0.538184992,73.03,8,1,5,FALSE,14683,0.568222621,CHEMBL1771722,1,0.113402062,1
Cc1ncn(-c2ccc(Nc3nccc(-c4cccc(N5CCOCC5)c4)n3)cc2)n1,-9.432610047,-7.139912646,413.485,3.61292,2.464547015,0.53519534,80.99,8,1,5,TRUE,CHEMBL496162,0.643719413,CHEMBL585725,1,0.357142857,1
N#Cc1c(NC(=O)c2ccccc2F)sc2c1CCCC2,-7.000221538,-9.063024214,300.358,3.88998,2.077199774,0.914435751,52.89,3,1,2,TRUE,CHEMBL431634,0.620031056,CHEMBL234838,1,0.106666667,1
COc1cc2c(cc1Cl)C(c1cccc(Br)c1)=NCC2,-6.842024786,-7.425526166,350.643,4.5046,2.332135229,0.780970077,21.59,2,0,2,TRUE,CHEMBL54547,0.675569521,CHEMBL1083185,1,0.154929577,1
NC1CCC(Nc2nccc(-c3cccnc3Oc3ccc(NS(=O)(=O)c4ccccc4Cl)c4ccccc34)n2)CC1,-8.147366953,-8.925855911,601.132,6.6201,2.777009671,0.180956055,132.12,8,3,8,TRUE,CHEMBL4293418,0.511399668,CHEMBL3356010,1,0.180327869,1
Cc1cc(NS(=O)(=O)c2ccccc2C#N)c2ccccc2c1Oc1ncccc1-c1ccnc(NC2CCC(N)CC2)n1,-5.77109259,-6.778610356,605.724,6.1468,2.996219379,0.188825285,155.91,9,3,8,TRUE,CHEMBL4742138,0.46491818,CHEMBL3356006,1,0.15,1
Cc1nc(C)n(-c2ccc(Nc3cc(-c4nn(C)cc4C)ccn3)cc2)n1,-8.793778908,-7.479209431,359.437,3.73166,2.607318769,0.600898233,73.45,7,1,4,TRUE,CHEMBL1630484,0.584821429,CHEMBL1771724,1,0.194029851,1
NC1=C2C(=O)c3ccccc3C3=NSC(=CC1)C32,-8.060811849,-8.126189547,254.314,2.4504,3.966029148,0.723439715,55.45,4,1,0,TRUE,CHEMBL260135,0.61976724,50383520,1,0.160714286,1
CCN(CC)S(=O)(=O)c1ccc2[nH]c(COC(=O)c3[nH]nc4ccccc34)nc2c1,-7.914958925,-7.066731192,427.486,2.8267,2.656392404,0.437586105,121.04,6,2,7,TRUE,14662,0.549083314,CHEMBL1339933,1,0.113402062,1
CCN(CC)S(=O)(=O)c1ccc2nc(COC(=O)c3n[nH]c4ccccc34)[nH]c2c1,-6.704629473,-7.116465225,427.486,2.8267,2.507321454,0.437586105,121.04,6,2,7,TRUE,CHEMBL2386090,0.560795799,79656,1,0.145631068,1
CC(=O)Nc1cc(-c2n[nH]c(=O)n2-c2ccc3ccccc3c2)ccn1,-10.02883552,-11.48837836,345.362,2.7342,2.34256672,0.596997584,92.67,5,2,3,TRUE,CHEMBL345348,0.681233933,CHEMBL1644629,1,0.148148148,1
O=C1Nc2ccccc2NC1=CC(=O)c1ccccc1Cl,-8.842409683,-10.17568368,298.729,3.4708,2.271558236,0.659106024,58.2,3,2,2,TRUE,50506652,0.692029609,CHEMBL4782208,1,0.180327869,1
Cc1cccc(NC(=O)c2ccc(F)o2)c1N1CCC2(CC1)OCCO2,-6.996914233,-6.96174734,360.385,3.32272,3.255250714,0.909687199,63.94,5,1,3,TRUE,51284871,0.588821549,CHEMBL1783589,1,0.127906977,1
CCNC(=O)N1CCC(Nc2ncc(C)c(-c3c[nH]c4ccccc34)n2)CC1,-8.777484094,-7.832944975,378.48,3.53912,2.478643442,0.648123341,85.94,4,3,4,TRUE,CHEMBL599428,0.612015019,CHEMBL245724,1,0.37804878,1
CCNC(=O)N1CCC(Nc2ncc(C#N)c(-c3c[nH]c4cc(F)ccc34)n2)CC1,-8.551704201,-7.810981674,407.453,3.24148,2.707964194,0.61504463,109.73,5,3,4,TRUE,CHEMBL2022419,0.549583565,CHEMBL248370,1,0.112244898,1
CNC(=O)c1ccccc1Nc1cc(Nc2ccc3ccccc3c2)ncc1C(F)(F)F,-7.726979786,-8.438631925,436.437,6.1004,2.357723196,0.353687571,66.05,4,3,5,TRUE,CHEMBL188938,0.605318232,CHEMBL3220475,1,0.168674699,1
NC(=O)c1ccccc1Nc1ccnc(Nc2ccc3ccccc3c2)c1,-7.837405253,-8.438050853,354.413,4.8209,2.050046312,0.479864335,80.04,4,3,5,TRUE,CHEMBL1809114,0.561792097,CHEMBL3220490,1,0.061728395,1
Cc1nc2c(F)cc(-c3nc(Nc4ccc5c(n4)CCN(CCN(C)C)C5)ncc3F)cc2n1C(C)C,-9.770673761,-7.148783923,506.605,4.71912,3.17694724,0.388813096,75,8,1,7,TRUE,CHEMBL4856177,0.642006328,CHEMBL4448494,1,0.182608696,1
CCOC1CCN(C(=O)C2CCC(Nc3nccc(-n4ccc5c(N6CCC(S(C)(=O)=O)CC6)cccc54)n3)CC2)C1,-7.845546172,-8.677213733,594.782,4.042,3.555315851,0.416322302,109.66,9,1,8,TRUE,CHEMBL178737,0.493504411,51195177,1,0.188034188,1
O=c1[nH]nc(-c2ccnc(NC3CCOCC3)c2)n1-c1ccc2cc(Br)ccc2c1,-10.02140249,-7.876724537,466.339,4.1292,2.663183998,0.472720803,84.83,6,2,4,TRUE,CHEMBL2386106,0.621475054,CHEMBL1644634,1,0.159090909,1
O=C1Nc2ccccc2NC1=CC(=O)c1cccc(Cl)c1Cl,-8.890370506,-8.57059323,333.174,4.1242,2.420935516,0.641870081,58.2,3,2,2,TRUE,50506652,0.662254902,CHEMBL4782076,1,0.169230769,1
Cc1ncn(-c2ccc(Nc3cc(-c4nocc4C)ccn3)cc2)n1,-7.007337208,-9.078070292,332.367,3.67774,2.778098444,0.613776158,81.66,7,1,4,TRUE,14666,0.618169673,CHEMBL3099976,1,0.112359551,1
CS(=O)(=O)Nc1ccc(-c2cnc3cccc(Nc4ccccn4)c3c2)cc1,-7.04599777,-7.625776969,390.468,4.4119,2.16110669,0.5272145,83.98,5,2,5,TRUE,CHEMBL3894571,0.622299913,CHEMBL401123,1,0.074468085,1
COc1ccc(CC(=O)Nc2scc(C)c2-c2nc(C)n[nH]2)cc1,-7.238588593,-7.900937432,342.424,3.33984,2.686151356,0.745118317,79.9,5,2,5,TRUE,51195509,0.582663353,CHEMBL1682006,1,0.156626506,1
COc1ccc(CC(=O)Nc2scc(C)c2-c2nnc(C)[nH]2)cc1,-7.284385231,-7.924157332,342.424,3.33984,2.746371944,0.745118317,79.9,5,2,5,TRUE,CHEMBL1834110,0.585238406,50626374,1,0.104651163,1
O=C(Cc1cccc2cnccc12)Nc1scnc1-c1cnccn1,-7.674025316,-8.765580417,347.403,3.3295,2.59631818,0.612317386,80.66,6,1,4,TRUE,CHEMBL3652546,0.603883495,CHEMBL1288159,1,0.093023256,1
CS(=O)(=O)Nc1ccc(-c2cnc3cccc(Nc4ncccn4)c3c2)cc1,-7.756934092,-7.671646687,391.456,3.8069,2.229057117,0.536971653,96.87,6,2,5,TRUE,CHEMBL2177161,0.632515687,CHEMBL248790,1,0.202380952,1
Cn1ccc(-c2cc(Nc3ccc(-n4cnc(-c5ccccn5)n4)cc3)ncc2F)n1,-8.914023947,-8.101297796,412.432,4.0075,2.721988742,0.469467975,86.34,8,1,5,TRUE,51304711,0.608870968,CHEMBL1771669,1,0.119565217,1
COc1cc(NC(=O)c2cccc(-n3cc(NC(=O)Nc4ccc(Cl)cc4)cn3)c2)cc(OC)c1OC,-7.896267043,-8.197761293,521.961,5.4478,2.305297164,0.283878854,115.74,7,3,8,TRUE,14673,0.53345136,200728,1,0.191489362,1
CS(=O)(=O)Nc1ccc(-c2cnc3cccc(Nc4ccc(C(F)(F)F)cn4)c3c2)cc1,-8.814693743,-6.933636963,458.465,5.4307,2.367540204,0.416653535,83.98,5,2,5,TRUE,50752181,0.542031975,CHEMBL398691,1,0.09,1
NC(=O)c1ccc(Nc2nccc(-c3ccccc3)n2)cc1,-9.231820913,-7.724473876,290.326,2.9861,1.771100761,0.773667353,80.9,4,2,4,TRUE,CHEMBL576165,0.720555378,CHEMBL571619,1,0.21875,1
Cc1cccc2nc3c(nc12)-c1ccccc1C3=NO,-8.236075094,-7.683039478,261.284,3.14522,2.424306512,0.390538556,58.37,4,1,0,TRUE,CHEMBL1276127,0.680125369,51238049,1,0.131147541,1
CCCCCCCCCCCc1cc(O)cc(O)c1C(=O)OC(CCC)CCCCCCCc1cc(OS(=O)(=O)O)cc(OS(=O)(=O)O)c1,-6.849437984,-7.822806272,730.939,8.4431,3.676097686,0.04104261,193.96,10,4,26,TRUE,CHEMBL4754192,0.311588032,50383507,1,0.114754098,1
N#Cc1c(NC(=O)c2cccc3ccccc23)sc2c1CCCN2Cc1cccnc1,-7.412827705,-9.058382046,424.529,5.37308,2.571292376,0.477945721,69.02,5,1,4,TRUE,14379,0.568876955,CHEMBL391656,1,0.191489362,1
O=C(C1CCC(Cn2c(=O)[nH]c3ccccc3c2=O)CC1)N1CCN(c2ccccc2)CC1,-6.81661184,-8.992930855,446.551,2.845,2.268699699,0.668575788,78.41,5,1,4,TRUE,CHEMBL2391126,0.575995861,CHEMBL1445111,1,0.055555556,1
COC(=O)c1c(C)csc1NC(=O)Cc1ccc(OCCCn2ccnc2)cc1,-6.832790552,-6.874822871,413.499,3.68992,2.390354449,0.427327672,82.45,7,1,9,TRUE,CHEMBL2386112,0.561014809,CHEMBL1681999,1,0.103092784,1
N#CC(c1ccnc(NCCO)n1)c1nc2ccccc2s1,-7.478785696,-9.267842794,311.37,2.14598,3.124569217,0.74943075,94.72,7,2,5,TRUE,CHEMBL191384,0.711226852,CHEMBL3909574,1,0.711864407,1
CNC(=O)c1ccccc1Nc1cc(Nc2ccc(N3CCOCC3)cc2OC)ncc1C#N,-6.843838406,-8.588068493,458.522,3.64528,2.581690355,0.492058464,111.54,8,3,7,TRUE,14683,0.542080502,CHEMBL3220468,1,0.2,1
Nc1ccc(-c2cnc3ccc4ccncc4c3c2)cc1,-8.290399902,-8.238870763,271.323,4.0322,2.096841883,0.419788911,51.8,3,1,1,TRUE,CHEMBL1630460,0.697478992,CHEMBL248832,1,0.111111111,1
NC(=O)c1ccccc1Nc1ccnc(Oc2ccccc2)c1,-8.133142709,-8.232336398,305.337,3.7164,1.938412563,0.75289129,77.24,4,2,5,TRUE,13884,0.773607337,CHEMBL1923184,1,0.215384615,1
O=C(Cc1ccc2ccccc2c1)Nc1cc(Cl)ccn1,-7.561346031,-7.402480721,296.757,4.0694,1.876198223,0.791409099,41.99,2,1,3,TRUE,CHEMBL3218297,0.596306861,CHEMBL4754904,1,0.223880597,1
Fc1ccc(-c2c(-c3ccnc(Nc4ccc(N5CCOCC5)cc4)c3)noc2N2CCOCC2)cc1,-6.120466743,-6.9348884,501.562,4.9595,2.681448973,0.397467449,75.89,8,1,6,FALSE,14678,0.493365726,CHEMBL3099970,1,0.135416667,1
COc1ccccc1Nc1cc(-c2ccnc(Nc3ccccc3OC)c2)ccn1,-8.615628575,-10.74360004,398.466,5.648,2.157495711,0.419361902,68.3,6,2,7,TRUE,13910,0.620935961,CHEMBL437706,1,0.25,1
Cc1ccc(C(=O)Nc2cccc(C)c2N2CCC3(CC2)OCCO3)o1,-7.287778446,-7.029719247,356.422,3.49204,2.996826099,0.911961611,63.94,5,1,3,TRUE,50840603,0.611200795,CHEMBL1783591,1,0.141304348,1
CC(=O)Nc1ccc(-c2cnc3ccc4ccncc4c3c2)cc1,-7.780537673,-8.648362889,313.36,4.4084,2.053115441,0.557731024,54.88,3,1,2,TRUE,CHEMBL1938959,0.61927356,CHEMBL248833,1,0.125,1
CC(C)n1c(=O)ccc2cnc(NC3CCOCC3)nc21,-9.199946743,-8.534049637,288.351,1.9633,2.586267467,0.934733822,69.04,6,1,3,TRUE,CHEMBL255948,0.590079124,CHEMBL3577862,1,0.323076923,1
CC(C)c1onc(-c2ccc(F)cc2)c1-c1ccncc1,-7.046935629,-9.137662269,282.318,4.6661,2.217371313,0.70059489,38.92,3,0,3,TRUE,111099,0.559860181,CHEMBL220227,1,0.08974359,1
Cc1ccc2c(NS(=O)(=O)c3ccccc3Cl)cccc2c1Oc1ncccc1-c1ccnc(NC2CCC(N)CC2)n1,-5.463015145,-6.334617519,615.159,6.92852,2.896856769,0.171383268,132.12,8,3,8,TRUE,CHEMBL4758531,0.407266172,CHEMBL3356008,1,0.184,1
C=C(C)CN1CCN(c2c(Cl)cccc2NC(=O)c2ccc(Br)o2)CC1,-7.499401434,-6.81331855,438.753,4.6459,2.392861945,0.69065273,48.72,4,1,5,FALSE,51159564,0.579022307,CHEMBL1784087,1,0.127659574,1
Cc1nc(-c2sccc2NC(=O)Cc2cccc3ccccc23)n[nH]1,-7.53677584,-9.104498432,348.431,4.17602,2.398177053,0.581187539,70.67,4,2,4,TRUE,CHEMBL4796925,0.613380008,CHEMBL1287974,1,0.202380952,1
Cc1nnc(-c2sccc2NC(=O)Cc2cccc3ccccc23)[nH]1,-6.882677444,-9.122964099,348.431,4.17602,2.609190541,0.581187539,70.67,4,2,4,TRUE,CHEMBL3828609,0.567216191,50611582,1,0.231884058,1
S=c1[nH]nc(-c2ccncc2)n1-c1ccc2ccccc2c1,-7.255637158,-10.65056165,304.378,4.14509,2.196869393,0.565996224,46.5,4,1,2,TRUE,51243374,0.580345478,CHEMBL1644616,1,0.222222222,1
N#Cc1ccc(N2CCC(Nc3c(C(N)=O)cnc4[nH]ccc34)C(F)C2)nc1,-8.936867424,-8.851172972,379.399,1.95738,3.610339282,0.636548902,123.72,6,3,4,TRUE,CHEMBL3593777,1,CHEMBL3593777,1,1,1
O=C(Cc1cccc2ncccc12)Nc1ccsc1-c1nnc[nH]1,-7.578508901,-8.884841794,335.392,3.2626,2.726158481,0.599431704,83.56,5,2,4,TRUE,CHEMBL3828624,0.714876691,CHEMBL1288099,1,0.17721519,1
O=C(Cc1c(F)cccc1Cl)Nc1onc(-c2ccc(F)cc2)c1-c1ccncn1,-6.12942034,-8.87228406,426.81,4.9114,2.503013747,0.49002197,80.91,5,1,5,TRUE,13934,0.542648592,CHEMBL3310142,1,0.252747253,1
CCNC(=O)N1CCC(Nc2ncc(Cl)c(-c3c[nH]c4ccccc34)n2)C1,-8.407126676,-8.017914559,384.871,3.494,2.959256843,0.642257957,85.94,4,3,4,TRUE,CHEMBL255948,0.644290657,CHEMBL246544,1,0.315789474,1
Cc1ncn(-c2ccc(Nc3cc(-c4nocc4-c4cc[nH]n4)ccn3)cc2)n1,-7.704054057,-9.360585614,384.403,3.75942,3.167684063,0.474534453,110.34,8,2,5,TRUE,CHEMBL402541,0.610649547,CHEMBL3099964,1,0.166666667,1
Oc1ccc(-c2cnc3ccc4ccncc4c3c2)cc1,-8.377946725,-8.389580015,272.307,4.1556,2.071769179,0.529231499,46.01,3,1,1,TRUE,CHEMBL1630460,0.704344555,CHEMBL248643,1,0.090909091,1
O=C1NC(=Nc2cccc3ccccc23)SC1=C1C(=O)Nc2ccc(Br)cc21,-8.650352176,-10.53287698,450.317,4.8162,2.946838314,0.522863644,70.56,4,2,1,TRUE,CHEMBL3901767,0.608549583,CHEMBL4551217,1,0.16091954,1
O=C(Nc1cc(-c2n[nH]c(=O)n2-c2ccc3ccccc3c2)ccn1)c1ccccc1,-10.31713118,-11.46671533,407.433,4.0281,2.264120779,0.470468329,92.67,5,2,4,TRUE,CHEMBL2048670,0.605090498,CHEMBL1644631,1,0.188888889,1
Cn1cnc(NC(=O)c2cccc(-n3cc(NC(=O)Nc4ccccc4Cl)cn3)c2)n1,-7.43805692,-7.427553842,436.863,3.5505,2.464422978,0.441731424,118.76,7,3,5,TRUE,CHEMBL4228654,0.596830171,CHEMBL3355173,1,0.163043478,1
Cc1n[nH]c(-c2c(C)csc2NC(=O)Cc2cccc3nccnc23)n1,-7.989917968,-7.6095316,364.434,3.27444,2.999620259,0.579202793,96.45,6,2,4,TRUE,CHEMBL2391121,0.611579333,CHEMBL1682009,1,0.10989011,1
Cc1nnc(-c2c(C)csc2NC(=O)Cc2cccc3nccnc23)[nH]1,-7.176525895,-7.914170802,364.434,3.27444,3.054220259,0.579202793,96.45,6,2,4,TRUE,CHEMBL3828150,0.534130982,50626377,1,0.149425287,1
Cc1ccc(NC(=O)c2cccc(-n3cc(NC(=O)Nc4cccc(Cl)c4)cn3)c2)cn1,-7.655585345,-8.241052988,446.898,5.12542,2.241022612,0.395444635,100.94,5,3,5,TRUE,CHEMBL4458206,0.600134635,CHEMBL3355147,1,0.164835165,1
Cc1ccc(-c2ncn(-c3ccc(Nc4cc(-c5ccn(C)n5)c(Cl)cn4)cc3)n2)cn1,-8.992399738,-7.893663959,442.914,4.83022,2.749593008,0.419211943,86.34,8,1,5,TRUE,CHEMBL404242,0.565125112,CHEMBL1771665,1,0.179775281,1
Nc1cccc(C(=O)C=C2Nc3ccccc3NC2=O)c1,-8.569714228,-8.387782744,279.299,2.3996,2.373652851,0.447526655,84.22,4,3,2,TRUE,CHEMBL4077172,0.654504359,CHEMBL4800639,1,0.146666667,1
Cc1cc2nc3c(nc2cc1C)-c1ccccc1C3=NO,-8.434831264,-8.43361767,275.311,3.45364,2.445415159,0.394762201,58.37,4,1,0,TRUE,CHEMBL1938959,0.701136575,51238011,1,0.173076923,1
COC(=O)c1sccc1NC(=O)Cc1cccc2cnccc12,-7.523206289,-8.296887847,326.377,3.2641,2.173434179,0.747264066,68.29,5,1,4,TRUE,13899,0.512998713,CHEMBL1288215,1,0.113636364,1
COC(=O)c1sccc1NC(=O)Cc1cccc2ncccc12,-6.34619557,-7.180083552,326.377,3.2641,2.082353759,0.747264066,68.29,5,1,4,TRUE,339351,0.578665509,CHEMBL1288216,1,0.135802469,1
COc1ccc(C(=O)Nc2cccc(C)c2N2CCC3(CC2)OCCO3)o1,-6.884347433,-7.236744132,372.421,3.19222,3.169530216,0.888586504,73.17,6,1,4,TRUE,51284871,0.597654191,CHEMBL1783596,1,0.151162791,1
Cc1c(Cl)cccc1N=C1NC(=O)C(=C2C(=O)Nc3ccccc32)S1,-8.128362968,-10.82784742,369.833,3.86232,2.989903457,0.749630985,70.56,4,2,1,TRUE,CHEMBL406620,0.611678005,CHEMBL4464624,1,0.130952381,1
Cc1ncn(-c2ccc(Nc3nccc(-c4cc[nH]n4)n3)cc2)n1,-7.469613483,-8.240357813,318.344,2.49942,2.883370832,0.59982511,97.2,7,2,4,TRUE,CHEMBL402932,0.647205882,CHEMBL1771656,1,0.242857143,1
COc1cc2c(cc1Cl)C(c1cccc(Cl)c1F)=NCC2,-6.785097037,-7.999323146,324.182,4.5346,2.481339318,0.794952653,21.59,2,0,2,TRUE,CHEMBL323657,0.600064506,CHEMBL1077129,1,0.078947368,1
N#Cc1c(NC(=O)c2ccsc2)sc2c1CCCC2,-6.875848628,-8.503541479,288.397,3.81238,2.358708524,0.913155671,52.89,4,1,2,TRUE,CHEMBL431634,0.629677212,CHEMBL397356,1,0.08,1
O=C(Nc1ccc2[nH]nc(-c3ccncc3)c2c1)C1CCN(CC(=O)N2CCN(c3ccc(-c4ncccn4)cc3)CC2)C1,-8.174373722,-8.580721461,587.688,3.6911,3.175660923,0.295688063,123.24,8,2,7,TRUE,CHEMBL3647956,0.455346201,250130,1,0.114754098,1
O=C(NCCN1CCOCC1)c1cc(-n2ncc3cc(Nc4c(Cl)cccc4Cl)ccc32)ccn1,-8.222834907,-9.574879439,511.413,4.5329,2.591805013,0.379459241,84.31,7,2,7,TRUE,CHEMBL4632807,0.561273264,CHEMBL2376928,1,0.2,1
O=C(NCCN1CCOCC1)c1cccc(-n2ncc3cc(Nc4ccccc4Cl)ccc32)n1,-8.841693788,-9.138440081,476.968,3.8795,2.493748939,0.420891735,84.31,7,2,7,TRUE,50234923,0.541373062,CHEMBL2376927,1,0.183673469,1
COc1cccc(-n2ccc(-c3ccnc(Nc4ccc(-n5nc(C)nc5C)cc4)c3)n2)c1,-8.761163657,-7.299995863,437.507,4.88404,2.541060757,0.407509727,82.68,8,1,6,TRUE,CHEMBL569046,0.635175763,CHEMBL1771714,1,0.25974026,1
CS(=O)(=O)C1CCN(c2cccc3c2ccn3-c2ccnc(NC3CCC(C(=O)N4CCC(O)CC4)CC3)n2)CC1,-8.103842209,-8.219877591,580.755,3.3879,3.058423254,0.455401884,120.66,9,2,6,TRUE,CHEMBL2386091,0.529998352,51195178,1,0.172727273,1
Cc1ccccc1Nc1cc(-c2ccnc(Nc3ccccc3C)c2)ccn1,-9.247494576,-11.27104485,366.468,6.24764,2.119998164,0.438329951,49.84,4,2,5,TRUE,50840603,0.639680039,CHEMBL205561,1,0.102564103,1
CCOC(=O)C=CSc1nc(-c2ccc(F)cc2)c(-c2ccnc(NC(C)=O)c2)n1C1CC1,-6.260921017,-7.470535226,466.538,5.2134,2.862038564,0.278526402,86.11,7,1,8,TRUE,CHEMBL4536012,0.521034557,CHEMBL3394114,1,0.419753086,1
CNc1ncc2nc(Nc3ccccc3F)n(C3CCCC3)c2n1,-7.991848703,-8.716433473,326.379,3.8658,2.493702035,0.761697845,67.66,6,2,4,TRUE,CHEMBL318208,0.593543544,CHEMBL1946329,1,0.102564103,1
NC(=O)c1ccccc1Nc1ccnc(Nc2ccc(N3CCOCC3)cc2F)c1,-8.321626599,-8.124319406,407.449,3.6434,2.324935571,0.577779193,92.51,6,3,6,TRUE,14678,0.558504875,CHEMBL3220488,1,0.131313131,1
CNC(=O)c1ccccc1Nc1cc(Nc2ccc(N3CCOCC3)cc2F)ncc1C(F)(F)F,-7.451161786,-8.76372434,489.473,4.9229,2.60131686,0.426821547,78.52,6,3,6,TRUE,50234944,0.575673534,CHEMBL3220473,1,0.17,1
COC(=O)c1sccc1NC(=O)Cc1ccc(-c2ccncc2)cc1,-5.665766652,-7.213364655,352.415,3.7779,2.043520467,0.709730446,68.29,5,1,5,TRUE,CHEMBL261659,0.515432906,CHEMBL1288157,1,0.148648649,1
CCOc1ccccc1Nc1cc(-c2ccnc(Nc3ccccc3OCC)c2)ccn1,-8.859180662,-10.67316173,426.52,6.4282,2.263043248,0.321467232,68.3,6,2,9,TRUE,13923,0.641220533,CHEMBL202961,1,0.191780822,1
COC(=O)c1c(C)csc1NC(=O)Cc1ccc(OC)cc1,-5.656412103,-6.816546306,319.382,3.03292,2.006339751,0.860435612,64.63,5,1,5,TRUE,CHEMBL1347394,0.578415094,CHEMBL1681992,1,0.189655172,1
CC(=O)Nc1ccc(-c2c(-c3ccc(F)cc3)nc([S+](C)[O-])n2C)cn1,-8.306342864,-7.659403614,372.425,2.984,3.417928714,0.713909155,82.87,5,1,4,FALSE,CHEMBL4564217,0.616255829,CHEMBL4747276,1,0.314285714,1
CCOC(=O)c1sccc1NC(=O)Cc1ccccc1,-5.642497257,-7.188385821,289.356,3.106,1.805172476,0.860464201,55.4,4,1,5,TRUE,51243427,0.601907225,CHEMBL1288966,1,0.128571429,1
c1cc(-n2cnc(N3CCOCC3)n2)ccc1Nc1ncc2ccc(-c3cnoc3)cc2n1,-9.702911399,-6.392845098,440.467,3.4457,2.90653615,0.439604988,107.02,10,1,5,TRUE,CHEMBL3891139,0.643072289,CHEMBL1761556,1,0.189473684,1
CC(=O)NC1CCC(Nc2nccc(-n3ccc4c(N5CCC(S(C)(=O)=O)CC5)cccc43)n2)CC1,-8.883410408,-7.974983568,510.664,3.2931,2.917010881,0.523704562,109.22,8,2,6,TRUE,50234929,0.512502386,51195201,1,0.212765957,1
Nc1nnc(Sc2ncc([N+](=O)[O-])s2)s1,-6.516938982,-6.764867543,261.313,1.6362,3.087294657,0.660348284,107.83,9,1,3,FALSE,CHEMBL408634,0.669937556,51111218,1,0.109090909,1
CN(C)CC=CC(=O)Nc1ccc(C(=O)Nc2cccc(Nc3nccc(-c4cccnc4)n3)c2)cc1,-9.382924992,-8.280008198,493.571,4.5908,2.48996977,0.29242007,112.14,7,3,9,FALSE,CHEMBL562089,0.5024618,CHEMBL3393606,1,0.148148148,1
CCNC(=O)N1CCC(Nc2nccc(-c3cnc4ccccn34)n2)CC1,-8.882004448,-8.881447321,365.441,2.3971,2.561241054,0.74125297,87.45,6,2,4,TRUE,CHEMBL599428,0.616441546,CHEMBL246543,1,0.329411765,1
Cc1cc(Nc2nc3ccccc3[nH]2)c2ccccc2c1Oc1ncccc1-c1ccnc(NCCN(C)C)n1,-6.472748673,-6.80117987,530.636,6.38592,2.850619578,0.197673759,103.88,8,3,9,TRUE,CHEMBL3735500,0.396380619,CHEMBL3355993,1,0.122807018,1
CS(=O)(=O)NC1CCC(Nc2nccc(-n3ccc4c(N5CCC(S(C)(=O)=O)CC5)cccc43)n2)CC1,-8.985582035,-7.889297346,546.719,2.7062,3.005780681,0.463323247,126.29,9,2,7,TRUE,50234869,0.490671474,51195164,1,0.136842105,1
CNC(=O)c1ccccc1Nc1cc(Nc2cc(OC)c(OC)c(OC)c2)ncc1C(F)(F)F,-6.598513035,-7.143685988,476.455,4.973,2.507759979,0.42256084,93.74,7,3,8,TRUE,CHEMBL4450851,0.495869497,CHEMBL3220476,1,0.272727273,1
COc1cc(Nc2cc(Nc3ccccc3C(N)=O)ccn2)cc(OC)c1OC,-7.601496399,-7.150087629,394.431,3.6935,2.216151788,0.534612564,107.73,7,3,8,TRUE,13900,0.655014034,CHEMBL3220491,1,0.162790698,1
Cc1ccc(-c2ccc3cnc(Nc4ccc(-n5cnc(N6CCOCC6)n5)cc4)nc3c2)cn1,-7.461458429,-8.078761747,464.533,4.16112,2.699695424,0.414420367,93.88,9,1,5,TRUE,14649,0.558705288,CHEMBL1761559,1,0.12745098,1
Cn1ccc(-c2nc(Nc3ccc(-n4cnc(N5CCOCC5)n4)cc3)ncc2Cl)n1,-8.868687502,-7.572935789,437.895,2.6914,2.8570846,0.508474672,98.81,10,1,5,TRUE,CHEMBL3891139,0.623332947,CHEMBL1771659,1,0.193548387,1
O=C1NC(=Nc2cccc(Cl)c2)SC1=C1C(=O)Nc2ccc(I)cc21,-7.914920645,-10.19802573,481.702,4.1585,3.147827618,0.474680354,70.56,4,2,1,FALSE,51185472,0.610955841,CHEMBL4442806,1,0.279411765,1
Cc1cnc(Nc2ccc(-n3cnc(N4CCOCC4)n3)cc2)cc1-c1ccn(C)n1,-9.172417795,-9.11627611,416.489,2.95142,2.779374202,0.535262443,85.92,9,1,5,TRUE,CHEMBL3891139,0.60117201,CHEMBL1771710,1,0.197802198,1
CS(=O)(=O)Nc1ccc(-c2cnc3cccc(Nc4ncc([N+](=O)[O-])s4)c3c2)cc1,-7.431756051,-8.197597597,441.494,4.3816,2.511607245,0.335602121,127.12,8,2,6,FALSE,13923,0.56932956,CHEMBL248792,1,0.14893617,1
COc1ccc2cc(C(C)C(=O)Nc3cc(C)ccn3)ccc2c1,-7.127518773,-7.179161118,320.392,4.29402,2.491169812,0.779770613,51.22,3,1,4,TRUE,CHEMBL3670690,0.507044278,CHEMBL4749658,1,0.126760563,1
Cc1ccc(C(=O)NC2CC2)cc1-c1ccc2nc(NCCN3CCOCC3)ncc2c1,-7.467492169,-8.241699124,431.54,3.24152,2.400650576,0.597967181,79.38,6,2,7,TRUE,14676,0.563537072,CHEMBL494072,1,0.096153846,1
COc1ccc(CC(=O)Nc2ccsc2-c2ncco2)cc1,-6.712372682,-6.695871526,314.366,3.5929,2.31598153,0.781359056,64.36,5,1,5,TRUE,CHEMBL451857,0.630284397,CHEMBL1288068,1,0.120481928,1
O=C(Nc1cnn(-c2ccc(C(=O)NC3CNC3)s2)c1)Nc1ccccc1Cl,-7.559525922,-8.468512218,416.894,2.9328,2.620408506,0.513419568,100.08,6,4,5,TRUE,1216148,0.655292563,CHEMBL4744126,1,0.12,1
Cc1nc(CSc2nc3nncc-3c(O)n2-c2ccccc2)cs1,-8.17160232,-6.38853478,355.448,3.52992,2.720377419,0.445693453,76.72,8,1,4,TRUE,CHEMBL251196,0.61433869,CHEMBL1568840,1,0.134831461,1
Cc1nc(CSc2nc3n[nH]cc3c(=O)n2-c2ccccc2)cs1,-8.184369489,-6.942207095,355.448,3.16602,2.702561375,0.449393381,76.46,7,1,4,TRUE,CHEMBL251196,0.613895373,79831,1,0.134831461,1
CC(=O)N1CCN(c2c(Cl)cccc2NC(=O)c2ccc(Br)o2)CC1,-7.141308201,-7.731904428,426.698,3.6163,2.23090706,0.814025511,65.79,4,1,3,FALSE,CHEMBL3652548,0.607863834,CHEMBL1784093,1,0.079545455,1
O=C(Cc1cccc2cnccc12)Nc1scnc1-c1nc[nH]n1,-8.013728265,-9.081292656,336.38,2.6576,3.043233454,0.597066834,96.45,6,2,4,TRUE,339350,0.572544009,CHEMBL1288128,1,0.102272727,1
CS(=O)(=O)NC1CCC(Nc2nccc(-n3ccc4c(N5CCN(C(=O)CO)CC5)cccc43)n2)CC1,-9.271947233,-8.1402297,527.651,1.3337,2.870173142,0.419337614,132.69,9,3,7,TRUE,CHEMBL4472042,0.538790589,51195162,1,0.164948454,1
O=C(Cc1cccc2cnccc12)Nc1scnc1-c1nnc[nH]1,-7.901923087,-8.979677593,336.38,2.6576,2.976645155,0.597066834,96.45,6,2,4,TRUE,339350,0.64171123,50611614,1,0.102272727,1
Cc1ncn(-c2ccc(Nc3ncc(Cl)c(-c4ccn(C)n4)n3)cc2)n1,-8.832983114,-7.206506125,366.816,3.16322,2.739211028,0.59666395,86.34,8,1,4,TRUE,CHEMBL402932,0.699440218,CHEMBL1771658,1,0.267605634,1
OC1CCC(Nc2ncc3ccc(C4CC4)nc3n2)CC1,-9.251466302,-7.473605316,284.363,2.6176,2.6450184,0.906273611,70.93,5,2,3,TRUE,CHEMBL406062,0.638876371,CHEMBL3577856,1,0.169014085,1
NS(=O)(=O)N1CCC(Nc2nccc(-c3ccc(S(=O)(=O)N4CCOCC4)cc3)n2)CC1,-6.243311486,-5.663704477,482.588,0.2443,2.516506628,0.59508455,147.82,8,2,6,TRUE,51304764,0.520252118,CHEMBL1773329,1,0.159574468,1
COC(=O)c1cscc1NC(=O)Cc1cccc2ccccc12,-6.94712975,-7.409892988,325.389,3.8691,2.109135577,0.740928991,55.4,4,1,4,TRUE,CHEMBL512144,0.520355756,CHEMBL1287859,1,0.091954023,1
CCCN1CCN(c2c(Cl)cccc2NC(=O)c2ccc(Br)o2)CC1,-7.292584159,-6.431744575,426.742,4.4798,2.218834551,0.765653625,48.72,4,1,5,FALSE,51159564,0.591147421,CHEMBL1784084,1,0.130434783,1
Cc1ccc2nc3c(nc2c1)-c1ccccc1C3=NO,-8.19926106,-8.083444886,261.284,3.14522,2.35677309,0.390538556,58.37,4,1,0,TRUE,CHEMBL1276127,0.675032057,51237972,1,0.13559322,1
O=C(Cc1cccc2ccccc12)Nc1ccsc1-c1nc[nH]n1,-7.986467654,-9.144211492,334.404,3.8676,2.699427604,0.595046978,70.67,4,2,4,TRUE,CHEMBL406062,0.581499593,CHEMBL1287916,1,0.263888889,1
O=C(Cc1cccc2ccccc12)Nc1ccsc1-c1nnc[nH]1,-7.985738532,-9.142414242,334.404,3.8676,2.60062847,0.595046978,70.67,4,2,4,TRUE,CHEMBL406062,0.581070071,50611579,1,0.263888889,1
O=C(C1CCC(Cn2c(=S)[nH]c3ccccc3c2=O)CC1)N1CCN(c2ccccc2)CC1,-7.53831235,-7.789973307,462.619,4.21429,2.330369892,0.590180803,61.34,5,1,4,TRUE,CHEMBL2048662,0.511324042,CHEMBL1360489,1,0.121212121,1
CS(=O)(=O)Nc1ccc(-c2cnc3ccc4ccncc4c3c2)cc1,-8.209948653,-7.720156987,349.415,3.8215,2.181968544,0.570790553,71.95,4,1,3,TRUE,CHEMBL4449746,0.623228711,CHEMBL249998,1,0.202702703,1
S=c1[nH]nc(-c2ccnc(NCC3CC3)c2)n1-c1ccc2ccccc2c1,-7.974564581,-11.13189614,373.485,4.96699,2.464095387,0.485174116,58.53,5,2,5,TRUE,CHEMBL4453072,0.635740643,CHEMBL1784651,1,0.25974026,1
CNc1nccc(C(C#N)c2nc3ccccc3s2)n1,-8.374031291,-8.795025498,281.344,2.78348,3.110654145,0.798658391,74.49,6,1,3,TRUE,CHEMBL2391100,0.646789714,CHEMBL399168,1,0.157894737,1
Nc1ccc2cc(-n3c(-c4ccnc(NC5CCOCC5)c4)n[nH]c3=O)ccc2c1,-10.64149922,-10.95002847,402.458,2.9489,2.690160396,0.452761037,110.85,7,3,4,TRUE,50457160,0.639770828,CHEMBL1644633,1,0.09,1
O=C(Nc1cccc(Cl)c1N1CCN(C2CC2)CC1)c1ccc(Br)o1,-7.447559782,-6.789882777,424.726,4.2322,2.292217217,0.79771013,48.72,4,1,4,FALSE,50840603,0.573970149,CHEMBL1784088,1,0.150537634,1
NC(=O)c1ccccc1Nc1cc(Oc2cccc3ccccc23)ncc1C(F)(F)F,-7.702576191,-8.776954096,423.394,5.8884,2.355725207,0.419732326,77.24,4,2,5,TRUE,CHEMBL347681,0.575552388,CHEMBL1923199,1,0.083333333,1
O=C(CN1C(=O)CCc2cc(C(F)(F)F)ccc21)Nc1scc(Br)c1-c1ncn[nH]1,-7.381545318,-7.487375852,500.3,4.2324,2.942500406,0.561301485,90.98,5,2,4,TRUE,CHEMBL4288850,0.518049695,695910,1,0.153846154,1
Cn1cnc(-c2c(C#N)csc2NC(=O)Cc2cccc3ncccc23)n1,-6.34223501,-8.033687037,374.429,3.14468,2.835819453,0.591823205,96.49,7,1,4,TRUE,CHEMBL3827511,0.510076186,695913,1,0.136363636,1
O=C(Cc1cccc2ncc(C(F)(F)F)cc12)Nc1scc(Br)c1-c1nc[nH]n1,-7.045920218,-7.40279813,482.285,5.0439,3.155201319,0.42698513,83.56,5,2,4,TRUE,CHEMBL523735,0.569150262,695922,1,0.127659574,1
O=C(Cc1c(F)ccc2ncccc12)Nc1scc(Br)c1-c1ncn[nH]1,-7.142400039,-8.170943482,432.278,4.1642,2.873352566,0.507390008,83.56,5,2,4,TRUE,CHEMBL3828624,0.700610392,695925,1,0.149425287,1
C#Cc1ccc2c(ccc(=O)n2CC(=O)Nc2scc(Br)c2-c2ncn[nH]2)c1,-7.376242705,-7.909474236,454.309,3.2306,3.038391006,0.463486996,92.67,6,2,4,TRUE,CHEMBL4071429,0.568331442,695931,1,0.119266055,1
O=C(CN1C(=O)CCc2cc(F)ccc21)Nc1scc(Br)c1-c1ncn[nH]1,-7.731749101,-7.903746714,450.293,3.3527,2.860201686,0.63814137,90.98,5,2,4,TRUE,CHEMBL3827219,0.598674146,695714,1,0.136363636,1
O=C(Cn1c(=O)ccc2ccc(F)cc21)Nc1scc(Br)c1-c1ncn[nH]1,-6.584731713,-7.965019273,448.277,3.3884,2.849169718,0.50084459,92.67,6,2,4,TRUE,CHEMBL4288850,0.474109264,695717,1,0.171171171,1
O=C(CN1C(=O)CCc2ccc(Cl)cc21)Nc1scc(Br)c1-c1ncn[nH]1,-7.624123448,-7.266518974,466.748,3.867,2.86492736,0.610585319,90.98,5,2,4,TRUE,CHEMBL2386747,0.500917642,695720,1,0.172043011,1
O=C(Cn1c(=O)ccc2cc(F)ccc21)Nc1scc(Br)c1-c1ncn[nH]1,-7.717670844,-8.291514742,448.277,3.3884,2.834706781,0.50084459,92.67,6,2,4,TRUE,50520423,0.495376821,695729,1,0.114942529,1
O=C(Cn1c(=O)ccc2cc(C(F)(F)F)ccc21)Nc1ccsc1-c1cscn1,-7.898923789,-8.051732834,435.452,4.844,2.750658918,0.498783388,63.99,6,1,4,TRUE,CHEMBL197226,0.518237591,695946,1,0.093457944,1
N#Cc1csc(NC(=O)Cc2cccc3ncccc23)c1-c1cnccn1,-6.499141559,-7.689121826,371.425,3.80618,2.644253128,0.588919196,91.56,6,1,4,TRUE,CHEMBL1347394,0.514698093,695949,1,0.217391304,1
O=C(Cc1cccc2ncsc12)Nc1scc(Br)c1-c1ncn[nH]1,-6.11043208,-8.310750116,420.317,4.0866,3.057218738,0.521147418,83.56,6,2,4,TRUE,CHEMBL523735,0.564431955,695958,1,0.114942529,1
O=C(Cn1c(=O)ccc2cc(C(F)(F)F)ccc21)Nc1scc(Cl)c1-c1ncn[nH]1,-7.78042551,-7.675923004,453.833,4.159,2.902389417,0.485035406,92.67,6,2,4,TRUE,CHEMBL4070244,0.571024735,695961,1,0.138613861,1
O=C(Cn1c(=O)ccc2cc(C(F)(F)F)c(F)cc21)Nc1scc(Br)c1-c1ncn[nH]1,-6.873925313,-7.618887237,516.274,4.4072,3.056564348,0.393558651,92.67,6,2,4,TRUE,CHEMBL4288850,0.489610984,695985,1,0.151260504,1
O=C(Cc1cc2cnccc2cc1F)Nc1scc(Br)c1-n1nccn1,-6.099149884,-8.103013484,432.278,3.9598,2.998898413,0.530113713,72.7,6,1,4,TRUE,CHEMBL1957229,0.57130102,696000,1,0.155555556,1
N#Cc1csc(NC(=O)Cn2c(=O)ccc3cc(C(F)(F)F)ccc32)c1-n1nccn1,-7.800835723,-8.291153699,444.398,3.17288,3.021745083,0.520571847,105.6,8,1,4,TRUE,CHEMBL1682850,0.559810273,696003,1,0.114583333,1
O=C(CN1C(=O)CCc2ncccc21)Nc1scc(Cl)c1-c1nc[nH]n1,-7.294308045,-8.754219135,388.84,2.4995,3.288890413,0.714168051,103.87,6,2,4,TRUE,CHEMBL3828624,0.653093755,696006,1,0.159090909,1
Cn1cnc(-c2c(Cl)csc2NC(=O)CN2C(=O)CCc3ncccc32)n1,-6.094573958,-7.83424401,402.867,2.5099,3.06792816,0.723302583,93.01,7,1,4,TRUE,CHEMBL404488,0.505904361,696012,1,0.125,1
O=C(Cn1c(=O)ccn2nccc12)Nc1scc(Cl)c1-c1ncn[nH]1,-6.91401306,-7.900806436,375.801,1.6347,3.32174739,0.56302899,109.97,8,2,4,TRUE,CHEMBL3828150,0.584476102,696015,1,0.11827957,1
O=C(CN1C(=O)CCc2ncccc21)Nc1scc(Cl)c1-c1nccs1,-6.879672452,-8.042225751,404.904,3.8379,2.910342105,0.716420106,75.19,6,1,4,TRUE,CHEMBL4796925,0.558274776,696024,1,0.147368421,1
Cc1n[nH]c(-c2c(Cl)csc2NC(=O)CN2C(=O)CCc3ncccc32)n1,-6.613314882,-7.93711746,402.867,2.80792,3.168161726,0.697858679,103.87,6,2,4,TRUE,CHEMBL2048668,0.457935561,696030,1,0.132075472,1
CN(C)CCCn1cnc(-c2c(Cl)csc2NC(=O)Cn2c(=O)ccc3cc(C(F)(F)F)ccc32)n1,-7.572497462,-8.322057075,538.983,4.5841,3.053260033,0.354745884,85.05,8,1,8,TRUE,CHEMBL4288850,0.534698816,696033,1,0.141732283,1
CN1CCN(CCCn2cnc(-c3c(Cl)csc3NC(=O)Cn3c(=O)ccc4cc(C(F)(F)F)ccc43)n2)CC1,-6.836476675,-8.682623341,594.063,4.2699,3.098662495,0.32833244,88.29,9,1,8,TRUE,50826172,0.46827892,696036,1,0.126984127,1
CCc1n[nH]c(-c2c(Cl)csc2NC(=O)CN2C(=O)CCc3ncccc32)n1,-7.807571529,-8.018111759,416.894,3.0619,3.096669468,0.664744412,103.87,6,2,5,TRUE,CHEMBL3894571,0.519860627,696039,1,0.115384615,1
CN(C)CCn1cnc(-c2c(Cl)csc2NC(=O)Cn2c(=O)ccc3cc(C(F)(F)F)ccc32)n1,-7.578537297,-8.303528354,524.956,4.194,3.04358829,0.391659648,85.05,8,1,7,TRUE,CHEMBL523435,0.483760031,696042,1,0.1,1
N#Cc1csc(NC(=O)CN2C(=O)CCc3ncccc32)c1-c1nc[nH]n1,-6.153492442,-8.216005952,379.405,1.71778,3.34146679,0.710273372,127.66,7,2,4,TRUE,339353,0.534586166,696048,1,0.186813187,1
Cn1cnc(-c2c(Cl)csc2NC(=O)Cn2c(=O)ccn3nccc23)n1,-7.293327638,-8.34754748,389.828,1.6451,3.37506109,0.571730788,99.11,9,1,4,TRUE,CHEMBL402932,0.599244876,696051,1,0.134831461,1
O=C(Cn1c(=O)ccc2cc(C(F)(F)F)ccc21)Nc1scc(Cl)c1-c1ncn(CCCN2CCOCC2)n1,-7.910187884,-7.980776852,581.02,4.3547,3.088762092,0.332937895,94.28,9,1,8,TRUE,50721056,0.500138953,696054,1,0.157024793,1
O=C(Cn1c(=O)ccc2cc(C(F)(F)F)ccc21)Nc1scc(Cl)c1-c1ncn(CCCN2CCCC2)n1,-7.152324992,-8.691923196,565.021,5.1183,3.038838531,0.321107224,85.05,8,1,8,TRUE,CHEMBL4741669,0.480346868,696060,1,0.172131148,1
Cn1cnc(-c2c(Cl)csc2NC(=O)Cn2c(=O)ccc3nc(C(F)(F)F)ccc32)n1,-6.638377689,-7.733043131,468.848,3.5644,3.039416047,0.493901654,94.7,8,1,4,TRUE,CHEMBL2048673,0.550973123,696063,1,0.148514851,1
O=C(Cn1c(=O)ccc2cc(C(F)(F)F)ccc21)Nc1scc(Br)c1-n1nccn1,-7.642536466,-7.683115966,498.284,4.0637,2.954426231,0.460399834,81.81,7,1,4,TRUE,CHEMBL1809122,0.577259126,696069,1,0.123595506,1
O=C(Cn1c(=O)ccc2nc(C(F)(F)F)ccc21)Nc1scc(Cl)c1-c1ncn[nH]1,-7.410712985,-7.197288415,454.821,3.554,2.976604802,0.490282472,105.56,7,2,4,TRUE,CHEMBL4288850,0.517747279,696072,1,0.142857143,1
O=C(Cn1c(=O)ccc2cc(Br)ccc21)Nc1scc(Br)c1-c1nc[nH]n1,-7.555832319,-7.726529447,509.183,4.0118,3.139552335,0.435223153,92.67,6,2,4,TRUE,CHEMBL1738953,0.518592215,696078,1,0.129411765,1
Cn1cnc(-c2c(C#N)csc2NC(=O)CN2C(=O)CCc3ncccc32)n1,-6.664627238,-8.037522493,393.432,1.72818,3.129607737,0.721369339,116.8,8,1,4,TRUE,CHEMBL1834330,0.503964478,696081,1,0.105263158,1
O=C(Cn1c(=O)ccc2cc(Br)ccc21)Nc1scc(Cl)c1-c1nc[nH]n1,-7.129304289,-8.279715129,464.732,3.9027,3.127441446,0.478920341,92.67,6,2,4,TRUE,CHEMBL3827219,0.565109958,696084,1,0.192771084,1
N#Cc1ccc2c(ccc(=O)n2CC(=O)Nc2scc(Cl)c2-c2nc[nH]n2)c1,-7.13128403,-8.319958263,410.846,3.01188,3.183403506,0.535988797,116.46,7,2,4,TRUE,CHEMBL4288850,0.533430657,696087,1,0.152542373,1
O=C(Cn1c(=O)ccn2nc(C(F)(F)F)cc12)Nc1scc(Cl)c1-c1ncn[nH]1,-7.344454096,-7.485955595,443.798,2.6535,3.417536716,0.503614927,109.97,8,2,4,TRUE,CHEMBL3828624,0.636640376,696090,1,0.163043478,1
O=C(Cn1c(=O)ccc2cnc(C(F)(F)F)cc21)Nc1scc(Cl)c1-c1nc[nH]n1,-6.835433676,-8.050369869,454.821,3.554,3.358964692,0.490282472,105.56,7,2,4,TRUE,346055,0.482179172,696093,1,0.154639175,1
Cn1cnc(-c2c(Cl)csc2NC(=O)Cn2c(=O)ccn3nc(C(F)(F)F)cc23)n1,-6.681477507,-7.996143046,457.825,2.6639,3.46990128,0.507702947,99.11,9,1,4,TRUE,51159603,0.532289184,696096,1,0.091743119,1
Cn1cnc(-c2c(Cl)csc2NC(=O)Cn2c(=O)ccc3cnc(C(F)(F)F)cc32)n1,-6.844641792,-8.022859997,468.848,3.5644,3.166440018,0.493901654,94.7,8,1,4,TRUE,CHEMBL2062581,0.508991228,696099,1,0.150943396,1
O=C(Cc1ccnc2ccccc12)Nc1scc(Br)c1-c1nnc[nH]1,-7.331163323,-8.353349007,414.288,4.0251,2.943279266,0.528425777,83.56,5,2,4,TRUE,CHEMBL3828624,0.666025451,695842,1,0.189873418,1
O=C(Cc1ccc(F)c2ncccc12)Nc1scc(Br)c1-c1ncn[nH]1,-7.183826074,-8.252588362,432.278,4.1642,2.849592566,0.507390008,83.56,5,2,4,TRUE,CHEMBL3828624,0.652022619,695854,1,0.137931034,1
O=C(Cn1c(=O)ccc2ncccc21)Nc1scc(Br)c1-c1ncn[nH]1,-6.812938933,-8.374954846,431.275,2.6443,2.819972874,0.51702481,105.56,7,2,4,TRUE,339353,0.48245046,695863,1,0.183908046,1
O=C(CN1C(=O)CCc2cnccc21)Nc1scc(Br)c1-c1ncn[nH]1,-7.339458658,-8.341306469,433.291,2.6086,3.015211028,0.658563645,103.87,6,2,4,TRUE,CHEMBL3828624,0.617521973,695866,1,0.146067416,1
O=C(Cn1c(=O)ccc2cc(Cl)ccc21)Nc1scc(Br)c1-c1ncn[nH]1,-7.298523863,-8.368799506,464.732,3.9027,2.821774114,0.478920341,92.67,6,2,4,TRUE,50520423,0.503254882,695872,1,0.113636364,1
O=C(Cn1c(=O)ccc2c(F)cccc21)Nc1scc(Br)c1-c1ncn[nH]1,-7.37153165,-8.685795157,448.277,3.3884,2.846217071,0.50084459,92.67,6,2,4,TRUE,51159565,0.603295622,695875,1,0.134020619,1
O=C(Cn1c(=O)ccc2cc(C(F)(F)F)ccc21)Nc1sc(Cl)cc1-c1ncn[nH]1,-7.709226036,-8.096547337,453.833,4.159,2.877191066,0.485035406,92.67,6,2,4,FALSE,51189863,0.52689377,695881,1,0.097087379,1
O=C(Cc1cncc2ccccc12)Nc1sc(Cl)cc1-c1ncn[nH]1,-8.070937089,-8.283069764,369.837,3.916,2.76737621,0.570782252,83.56,5,2,4,FALSE,CHEMBL469507,0.560054652,695884,1,0.101010101,1
O=C(Cc1cccc2ncc(F)cc12)Nc1scc(Br)c1-c1nc[nH]n1,-8.078159954,-8.136959239,432.278,4.1642,3.127706413,0.507390008,83.56,5,2,4,TRUE,CHEMBL3828624,0.643545834,695890,1,0.162790698,1
O=C(Cc1cccc2ccncc12)Nc1scc(Br)c1-c1ncn[nH]1,-7.213181053,-8.414415698,414.288,4.0251,2.83416209,0.528425777,83.56,5,2,4,TRUE,CHEMBL3828624,0.648419204,695899,1,0.156626506,1
N#CCc1cnc(-c2ccc3ccccc3c2)n1-c1ccnc(NC2CCCNC2)n1,-8.258487591,-11.8135305,409.497,3.71248,3.297433196,0.522089774,91.45,7,2,5,TRUE,CHEMBL2391124,0.568561873,784819,1,0.130434783,1
N#CCc1cnc(-c2ccc3ccccc3n2)n1-c1ccnc(NC2CCCN(C(=O)C3CC3)C2)n1,-7.47588307,-6.672274639,478.56,3.75648,3.385895345,0.448941259,112.62,8,1,6,TRUE,CHEMBL2064515,0.501062802,784824,1,0.099009901,1
N#CCc1cnc(-c2ccc3ccccc3c2)n1-c1ccnc(NC2CCCN(C(=O)C3CC3)C2)n1,-8.19415739,-7.634842479,477.572,4.36148,3.314532268,0.442916244,99.73,7,1,6,TRUE,CHEMBL402228,0.541189042,784825,1,0.174311927,1
N#CCc1cnc(-c2ccc3occc3c2)n1-c1ccnc(NC2CCCN(C(=O)C3CC3)C2)n1,-6.854654318,-10.8007343,467.533,3.95448,3.507917586,0.456672871,112.87,8,1,6,TRUE,CHEMBL4851835,0.496458189,784828,1,0.201834862,1
N#CCc1cnc(-c2ccc3ccccc3c2)n1-c1ccnc(NC2CCOCC2)n1,-7.725741364,-11.49377693,410.481,4.13948,2.827179289,0.531933236,88.65,7,1,5,TRUE,CHEMBL3093053,0.553436019,784801,1,0.139784946,1
