SMILES,Title,IC50nM,6Y9S_SP,4WHZ_SP,Weight,LogP,SA,QED,TPSA,HBA,HBD,RotBond,Filtered,3D_best_gsk3b,3D_sim_gsk3b,3D_best_jnk3,3D_sim_jnk3,3D_sim_2D_gsk3b,3D_sim_2D_jnk3
O=C1Nc2cc(Cl)c(Cl)cc2C1=C1Nc2ccccc2C1=NO,50821160,4.0,-10.1641648353606,-8.45871727179668,346.17300000000006,3.960600000000001,2.8067303055182133,0.384030763210645,73.72,4,3,0,True,50821160,1.0,51238011,0.6280574404292252,1.0,0.2545454545454545
COc1ccccc1N1CCN(c2nc(-c3ccncn3)cc(=O)n2C)C(C)C1,CHEMBL4065818,0.8,-7.27171653885415,-9.20358272384496,392.46300000000014,1.961,3.010071421541604,0.6717186301192222,76.38,8,0,4,True,CHEMBL4065818,1.0,CHEMBL1644625,0.664891640866873,1.0,0.1704545454545454
NS(=O)(=O)c1ccc(Nc2cc(OC3CCCCC3)nc3ncnn23)cc1,CHEMBL203407,190.0,-6.88030593541943,-8.05944166901224,388.4530000000001,2.2268,2.6538011097670147,0.6864223137866166,124.5,8,2,5,True,CHEMBL203407,1.0,50715940,0.6132198179023294,1.0,0.1931818181818181
Cn1cnc(-c2c(Cl)csc2NC(=O)Cn2c(=O)ccc3nc(C(F)(F)F)ccc32)n1,,,-6.638377689,-7.733043131,468.848,3.5644,3.039416047,0.493901654,94.7,8,1,4,True,CHEMBL2048673,0.550973123,696063,1.0,0.148514851,1.0
O=[N+]([O-])c1cccc(-c2ccc(CSc3nnc(-c4ccc5c(c4)OCCO5)o3)cc2)c1,CHEMBL2391128,164.0,-7.01270538599504,-8.20137428874736,447.47200000000026,5.375300000000004,2.3571204985334155,0.2207237316443605,100.52,8,0,6,False,CHEMBL2391128,1.0,CHEMBL3099965,0.5711532283970446,1.0,0.1098901098901098
O=C(Cc1cccc2ncc(F)cc12)Nc1scc(Br)c1-c1nc[nH]n1,,,-8.078159954,-8.136959239,432.278,4.1642,3.127706413,0.507390008,83.56,5,2,4,True,CHEMBL3828624,0.643545834,695890,1.0,0.162790698,1.0
Nc1nonc1-n1nnc(-c2nnc(-c3ccncc3)[nH]2)c1CN1CCCCC1,50813349,280.0,-7.35295848050671,-6.08206073355691,393.4150000000003,1.0654999999999992,3.1275430968342848,0.5028984203302317,153.35,11,2,5,True,50813349,1.0,CHEMBL3593777,0.5925565555825834,1.0,0.1274509803921568
C[S+]([O-])c1ccc(-c2coc3ccc(-c4nnc(O)o4)cc23)cc1,CHEMBL573267,130.0,-7.94686953394676,-8.40195843468037,340.36000000000007,3.5928000000000013,3.6314188180531897,0.5726169258100483,95.35,6,1,3,False,CHEMBL573267,1.0,51237972,0.5295618247298919,1.0,0.1176470588235294
COc1cccc(Nc2nccc(C3=CNN4C=CC=CC34)n2)c1,CHEMBL402367,100.0,-9.41419119381469,-8.77744672553106,319.36800000000005,2.8420000000000014,3.4689759615832667,0.9034378105823936,62.31,6,2,4,True,CHEMBL402367,1.0,CHEMBL4464624,0.6902063353676258,1.0,0.1136363636363636
COc1cccc(-n2ncc3c(N=NCc4ccc(S(=O)(=O)NCCN(C)C)cc4)ncnc32)c1,14686,10.0,-6.51187398713216,-7.77400329948835,494.5810000000002,2.947900000000001,2.930195755097019,0.3358465334380303,126.96,10,1,10,False,14686,1.0,CHEMBL1771714,0.5740398638794361,1.0,0.2244897959183673
O=C(CN1C(=O)CCc2ncccc21)Nc1scc(Br)c1-c1ncn[nH]1,,,-7.140770963,-8.666525342,433.291,2.6086,3.018735336,0.658563645,103.87,6,2,4,True,CHEMBL3828624,0.673093777,CHEMBL1822138,1.0,0.16091954,1.0
Cc1ncccc1NC(=O)c1cccc(-n2cc(NC(=O)Nc3ccccc3Cl)cn2)c1,,,-7.604069968,-7.544271838,446.898,5.12542,2.27237813,0.395444635,100.94,5,3,5,True,CHEMBL552265,0.607899023,CHEMBL3355161,1.0,0.1875,1.0
Cn1cc(C2=C(c3coc4ncccc34)C(=O)NC2=O)c2ccc(F)cc21,310196,560.0,-7.6271406042611,-8.93265428805602,361.3320000000001,3.025800000000001,2.8398172705293305,0.5569416075932415,77.13,5,1,2,True,310196,1.0,CHEMBL399168,0.6350661057692308,1.0,0.0963855421686747
NC(=O)c1ccccc1Nc1ccnc(Nc2ccc(N3CCOCC3)cc2F)c1,,,-8.321626599,-8.124319406,407.449,3.6434,2.324935571,0.577779193,92.51,6,3,6,True,14678,0.558504875,CHEMBL3220488,1.0,0.131313131,1.0
CSc1nc(-c2ccc(F)cc2)c(-c2ccnc(NC(=O)C3CC3)c2)[nH]1,51286678,18.0,-6.19031352600055,-9.26209062230288,368.4370000000001,4.348200000000002,2.3964373896715614,0.6570709039290247,70.67,4,2,5,True,51286678,1.0,CHEMBL4074524,0.6970495258166491,1.0,0.5483870967741935
COc1cccc(-n2ncc3c(NN=Cc4ccc(C#N)cc4)ncnc32)c1,CHEMBL66543,15.85,-8.85440467396303,-8.82850876688311,369.3880000000001,3.1417800000000007,2.4286677698033774,0.4283245161246049,101.01,8,1,5,False,CHEMBL66543,1.0,CHEMBL3099963,0.641927409261577,1.0,0.1808510638297872
Cc1ccc(-c2ccc(C=C3NC(=S)NC3=O)o2)c(Br)c1,51243378,862.0,-7.65360800673535,-7.95997181556263,363.2360000000001,3.3627200000000013,2.635848314043644,0.6347403704738257,54.27,3,2,2,True,51243378,1.0,50319404,0.5883745008134891,1.0,0.0666666666666666
Cc1nc(-c2ccnc(NC(=O)C3CC3)c2)sc1C(N)=O,CHEMBL3410088,37.0,-9.20637540315453,-7.11976711404475,302.35900000000004,1.96092,2.30782107401307,0.9016068748918288,97.97,5,2,4,True,CHEMBL3410088,1.0,CHEMBL3911431,0.6298493106764989,1.0,0.1447368421052631
CC1CN(c2nc(-c3ccncn3)cc(=O)n2C)CCN1Cc1ccccc1,CHEMBL4101984,780.0,-7.23904454540544,-8.49866850419528,376.46400000000017,1.9479999999999995,2.9153687352401416,0.6933653047922134,67.15,7,0,4,True,CHEMBL4101984,1.0,CHEMBL401123,0.585982744356459,1.0,0.1573033707865168
CNC(=O)c1sc(-c2ccnc(NC(=O)C3CC3)c2)nc1OCCOCc1cn(CCNc2c3c(nc4ccccc24)CCCC3)nn1,CHEMBL4779478,20.8,-9.5560747420967,-7.36674882848246,667.796,4.639400000000004,3.326238576156566,0.1425659140464789,158.07,12,3,14,True,CHEMBL4779478,1.0,CHEMBL1644642,0.4074858757062146,1.0,0.1875
O=C1NC(=O)C(c2cn(CCCN3CCOCC3)c3ccccc23)=C1c1coc2ncccc12,310209,690.0,-8.89003101963822,-7.25588633485107,456.5020000000001,3.072000000000002,2.862074630884555,0.4487687595279522,89.60000000000001,7,1,6,True,310209,1.0,CHEMBL3099968,0.6208762066405007,1.0,0.1612903225806451
OC1CCC(Nc2ncc3nnn(-c4ccccc4)c3n2)CC1,CHEMBL255948,279.0,-9.50487829483325,-8.0578731021531,310.3610000000001,1.9259,2.39411805351682,0.7681708656492491,88.75000000000001,7,2,3,True,CHEMBL255948,1.0,CHEMBL3220501,0.7183813647902046,1.0,0.2285714285714285
Cc1nc2ccccc2n1Cc1nnc(Nc2ccc(Cl)cc2)s1,CHEMBL3827702,145.0,-8.02228871286641,-7.58978858612299,355.85400000000004,4.6415200000000025,2.1665688479460616,0.5789717115625521,55.63,6,1,4,True,CHEMBL3827702,1.0,50659439,0.555921052631579,1.0,0.0967741935483871
Cc1ccncc1NC(=O)c1ccnc2[nH]c(N3CCC(c4ccccc4)C3)nc12,CHEMBL2048675,30.0,-8.28212959279973,-9.58653649538366,398.47000000000014,3.9075200000000025,3.0032556001610464,0.544297262368928,86.8,5,2,4,True,CHEMBL2048675,1.0,CHEMBL3220488,0.6211367056372266,1.0,0.1649484536082474
Cc1ccc(-c2cccc3cnc(Nc4ccc(C(=O)N5CCOCC5)cc4)nc23)cn1,,,-8.693922895,-9.223190285,425.492,4.21622,2.356774345,0.527454892,80.24,6,1,4,True,CHEMBL257188,0.622786944,CHEMBL1761574,1.0,0.297297297,1.0
COc1cccc(CN2CCC(CNC(=O)c3cncc(NC(=O)c4ccnc(NC(=O)C5CC5)c4)c3)CC2)c1,CHEMBL4857680,126.0,-8.45730357299006,-7.8892077385931,542.6400000000001,3.7280000000000015,2.513160261833498,0.3564841643168733,125.55,7,3,10,True,CHEMBL4857680,1.0,200733,0.5225976678866286,1.0,0.2314814814814814
Cn1c(SCc2cn(-c3cccc(Cl)c3)nn2)nc(-c2ccccc2)cc1=O,346053,502.0,-8.62109255878089,-8.54299244684876,409.90200000000016,3.973700000000004,2.394465664320784,0.3682779844412508,65.6,7,0,5,True,346053,1.0,CHEMBL1771717,0.5772987537891545,1.0,0.1555555555555555
COc1cccc(-c2cn(C)c3c(N=NCc4ccncc4)ncnc23)c1,14381,501.0,-7.36707295109966,-8.73705999683452,358.40500000000003,4.322800000000003,2.94435361519732,0.4977415444055325,77.55,7,0,5,False,14381,1.0,CHEMBL4864514,0.6560659599528857,1.0,0.1170212765957446
Cn1cc(-c2c[nH]c3ncc(C4CCC(N5CCOCC5)CC4)cc23)cn1,,,-9.684952183,-6.942938504,365.481,3.3218,2.758557116,0.77348586,58.97,5,1,3,True,CHEMBL4443821,0.645356917,CHEMBL3393596,1.0,0.271604938,1.0
C=CC(=O)Nc1cccc(C(=O)Nc2cccc(Nc3cc(-c4c(-c5ccc(F)cc5)nc(SC)n4C)ccn3)c2)c1C,,,-7.708820561,-8.856287647,592.7,7.43892,2.80557816,0.121513239,100.94,7,3,9,False,51159605,0.522103039,CHEMBL4071770,1.0,0.104,1.0
N#Cc1c(NC(=O)c2ccccc2F)sc2c1CCCC2,,,-7.000221538,-9.063024214,300.358,3.88998,2.077199774,0.914435751,52.89,3,1,2,True,CHEMBL431634,0.620031056,CHEMBL234838,1.0,0.106666667,1.0
Nc1c(Br)cc(C(=O)C(Br)Br)cc1Br,CHEMBL1801628,500.0,-5.51331773360008,-5.30326650535461,450.75000000000006,4.0924000000000005,2.8748844318459845,0.4188672665006194,43.09,2,1,2,False,CHEMBL1801628,1.0,CHEMBL4462592,0.558794756407748,1.0,0.04
Cl.Cn1c(N2CCNC(c3ccc(Br)cc3)C2)nc(-c2ccncc2)cc1=O,CHEMBL4099428,22.0,-7.66199372620265,-8.48219631945128,462.7790000000002,3.177500000000001,3.066418113147748,0.6476540567505731,63.05,6,1,3,True,CHEMBL4099428,1.0,CHEMBL1644625,0.697148728487028,1.0,0.1707317073170731
O=C(O)c1ccc(CN2CCC(CNC(=O)c3n[nH]c4ccc(-c5cccc(F)c5F)cc34)CC2)o1,CHEMBL3735215,10.0,-9.86802589798408,-8.32440223925248,494.4980000000002,4.441300000000004,2.653935302144408,0.3503139324087911,111.46,5,3,7,True,CHEMBL3735215,1.0,CHEMBL1761562,0.5104586811743739,1.0,0.1171171171171171
CC(=O)Nc1cc(-c2n[nH]c(=O)n2-c2ccc3ccccc3c2)ccn1,,,-10.02883552,-11.48837836,345.362,2.7342,2.34256672,0.596997584,92.67,5,2,3,True,CHEMBL345348,0.681233933,CHEMBL1644629,1.0,0.148148148,1.0
O=C1NC(=O)C(c2ccc(Cl)cc2)=C1Nc1ccccc1,CHEMBL160968,514.0,-9.60811154597303,-8.04850790970737,298.729,2.8196000000000003,2.030095158893708,0.8567753567400479,58.2,3,2,3,True,CHEMBL160968,1.0,CHEMBL248643,0.6640175853905985,1.0,0.0833333333333333
COc1ccc2[nH]nc(C(=O)NCC3CCN(Cc4nc(C(=O)O)co4)CC3)c2c1,CHEMBL3736086,70.0,-9.71573523513621,-7.27756860969924,413.4340000000002,1.8997,2.57089854078828,0.5347415178571645,133.57999999999998,7,3,7,True,CHEMBL3736086,1.0,695961,0.489072777424146,1.0,0.1261261261261261
CCNC(=O)N1CCC(Nc2nccc(-c3cnc4ccccn34)n2)CC1,,,-8.882004448,-8.881447321,365.441,2.3971,2.561241054,0.74125297,87.45,6,2,4,True,CHEMBL599428,0.616441546,CHEMBL246543,1.0,0.329411765,1.0
COc1ccccc1C1CCN(c2cc(-c3ccncn3)cc(=O)n2C)CC1,CHEMBL1682849,51.0,-6.77960510568875,-7.39980285128315,376.46000000000015,3.234900000000001,2.5650742113293283,0.6996087212034874,60.25,6,0,4,True,CHEMBL1682849,1.0,695913,0.6293810589112603,1.0,0.1382978723404255
COc1cccc(C2C3=C(CC(C)(C)CC3=O)Nc3n[nH]c(C)c32)c1,580593,550.0,-10.0436668517343,-6.77563891107528,337.423,3.9273200000000017,3.2491749664366605,0.8712576414717879,67.00999999999999,4,2,2,True,580593,1.0,CHEMBL1923213,0.4604066045153319,1.0,0.1931818181818181
CC(=O)Nc1cc(-c2nnc(SCc3ccc(-c4ccccc4C#N)cc3)o2)ccn1,CHEMBL2391102,17.0,-6.89501286288565,-8.18008833710729,427.4890000000001,4.920980000000004,2.4138437036023976,0.4354124097280807,104.7,7,1,6,True,CHEMBL2391102,1.0,CHEMBL4847784,0.5526455306966387,1.0,0.1333333333333333
O=C(NCC1CCOCC1)c1n[nH]c2ccc(-c3cncc(CO)c3)cc12,CHEMBL4640019,4.0,-9.91819927513295,-7.99525218804787,366.4210000000001,2.2736,2.5424348225975155,0.6431610975938221,100.13,5,3,5,True,CHEMBL4640019,1.0,CHEMBL401123,0.6157453109575518,1.0,0.0957446808510638
Cn1nc(C(N)=O)c2c1-c1nc(NC3CCN(C(=O)c4ccccc4)CC3)ncc1CC2,CHEMBL599428,48.0,-8.96117539928364,-8.35646682087451,431.5000000000003,1.7912999999999988,2.627277628683561,0.650078655407745,119.03000000000002,7,2,4,True,CHEMBL599428,1.0,CHEMBL245733,0.6192602040816326,1.0,0.3734939759036144
Cc1[nH]nc2c1C(c1cccc(F)c1)C1=C(CC(C)(C)CC1=O)N2,338308,156.0,-7.56439430410844,-6.09137591325752,325.38700000000006,4.057820000000002,3.309419456998929,0.8311613099114504,57.78,3,2,1,True,338308,1.0,CHEMBL3394119,0.4085168562780503,1.0,0.1224489795918367
COCCN1CCC(CNC(=O)c2n[nH]c3ccc(-c4ccc(OC)nc4)cc23)CC1,607840,50.0,-10.1456488451427,-7.82466199126715,423.5170000000003,2.7217,2.4858667805254733,0.5788283623171077,92.37,6,2,8,True,607840,1.0,CHEMBL1761562,0.5117133214214811,1.0,0.1372549019607843
Cn1cc(C2=C(c3cc(Cl)ccc3Cl)C(=O)NC2=O)c2ccccc21,CHEMBL562023,7.0,-9.87578802727455,-8.50706288576667,371.22300000000007,4.0523000000000025,2.346987280132685,0.6912947858704493,51.1,3,1,2,True,CHEMBL562023,1.0,CHEMBL248832,0.5975627661136397,1.0,0.0895522388059701
FC(F)(F)c1cc(Nc2nccc(-c3cnn4ncccc34)n2)ccc1Cl,13899,10.0,-8.1028782027771,-8.71862821706051,390.7560000000001,4.602100000000002,2.6540864013984624,0.5533163650004712,68.0,6,1,3,True,13899,1.0,CHEMBL246543,0.7021535960991467,1.0,0.2183908045977011
O=C(Nc1cncc(OC2CCN(Cc3ccccc3)CC2)c1)c1ccnc(NC(=O)C2CC2)c1,CHEMBL4855714,734.0,-8.42973276767772,-6.935696516088,471.56100000000026,4.120800000000003,2.387894605775754,0.5130834926789154,96.45,6,2,8,True,CHEMBL4855714,1.0,696054,0.5066825572486593,1.0,0.140495867768595
Nc1c(F)c(NCCNc2ccccn2)c2c3c1c(=O)c(C(=O)O)cn3C1(CCO2)CC1,CHEMBL1940906,37.0,-7.18964196873261,-6.82073207985387,439.44700000000034,2.6116,3.584664813315296,0.3404956512553708,131.49999999999997,8,4,6,True,CHEMBL1940906,1.0,CHEMBL370516,0.4825701320132013,1.0,0.1238095238095238
Cn1c(N2CCNC(c3ccccc3Cl)C2)nc(-c2ccncn2)cc1=O,CHEMBL4073837,2.6,-7.72591705868654,-7.80079393087942,382.8550000000001,2.0416,3.1376609854201014,0.7467165293194061,75.94,7,1,3,True,CHEMBL4073837,1.0,CHEMBL3310142,0.5481430536451168,1.0,0.2222222222222222
Cn1c(N2CCNC(c3ccc(F)cc3)C2)nc(-c2ccncc2)cc1=O,CHEMBL4069785,18.0,-7.54499215732641,-8.82640557860417,365.4120000000001,2.1323,2.938689979502941,0.7704697321416231,63.05,6,1,3,True,CHEMBL4069785,1.0,CHEMBL1644625,0.7147789138228655,1.0,0.1851851851851851
O=C1CCCc2cc(-c3ccnc(NC(=O)C4CC4)c3)ccc2N1,CHEMBL3410098,730.0,-7.78303198993853,-8.81519763646089,321.38,3.371900000000002,2.2555692588395164,0.9102363194859044,71.09,3,2,3,True,CHEMBL3410098,1.0,CHEMBL571619,0.6300569373688942,1.0,0.1714285714285714
CC1OCCN(c2nc(-c3ccncc3F)cc(=O)n2C)C1C,CHEMBL3401127,4.9,-8.3170859962897,-8.58955732253736,318.3520000000001,1.5949999999999998,3.567366077585673,0.8415037693050498,60.25,6,0,2,True,CHEMBL3401127,1.0,CHEMBL220227,0.5902461257976299,1.0,0.1506849315068493
CCCOC(=O)c1cc(-c2ccc(C=C3NC(=S)NC3=O)o2)ccc1Cl,51243426,405.0,-7.49206582028165,-7.86852396389137,390.84800000000007,3.5120000000000022,2.608751934142271,0.4616939330823226,80.57000000000001,5,2,5,True,51243426,1.0,CHEMBL1644625,0.6558574724429633,1.0,0.0967741935483871
COc1ccc2[nH]nc(C(=O)NCC3CCN(CCCNC(=O)c4ccccc4)CC3)c2c1,CHEMBL3736418,580.0,-8.20080949326313,-7.55394841288824,449.5550000000002,2.833400000000001,2.2678963338596585,0.4364622336693615,99.35,5,3,9,True,CHEMBL3736418,1.0,CHEMBL4744126,0.5262613730355665,1.0,0.1485148514851485
CC(C)(C)NS(=O)(=O)c1ccc(-c2cnc3cccc(Nc4ccccn4)c3c2)cc1,,,-6.462559546,-7.460966174,432.549,5.1172,2.307690067,0.457398574,83.98,5,2,5,True,14686,0.557180462,CHEMBL250409,1.0,0.156862745,1.0
COc1ccc(-c2ocnc2C(=O)NCCc2ccncc2)cc1Cl,CHEMBL1957230,19.95,-7.05862601157893,-7.65074745873323,357.797,3.371100000000002,2.3018493130997197,0.7314508813674372,77.25,5,1,6,True,CHEMBL1957230,1.0,CHEMBL3220490,0.6422677668352409,1.0,0.1234567901234567
CC1COc2c(NCCCn3ccnc3)c(F)c(N)c3c(=O)c(C(=N)NO)cn1c23,CHEMBL1940984,140.0,-8.26153135470541,-7.56073728141578,415.42900000000014,1.6790699999999994,3.9042282025586488,0.1354605451841913,143.20999999999998,9,5,6,False,CHEMBL1940984,1.0,CHEMBL4442806,0.5925837033481339,1.0,0.0841121495327102
O=C(Cc1cccc2cnccc12)Nc1ccsc1-c1cscn1,,,-7.778155458,-8.901407632,351.456,4.601,2.60711081,0.584428563,54.88,5,1,4,True,CHEMBL3652544,0.559617781,CHEMBL1288100,1.0,0.103448276,1.0
O=C(O)c1ccc(Nc2ncc([N+](=O)[O-])c(NC34CC5CC(CC(O)(C5)C3)C4)n2)cc1,CHEMBL402902,3.0,-8.54098954289244,-5.67910325301183,425.4450000000003,3.3222000000000014,4.61440471264453,0.4033917951924606,150.51,8,4,6,False,CHEMBL402902,1.0,CHEMBL2376905,0.4911788291900562,1.0,0.1789473684210526
CC(=O)Nc1cc(-c2c(-c3ccc(F)cc3)nc(SC=CC(=O)O)n2C2CCCCC2)ccn1,,,-6.91052932,-6.367356631,480.565,5.9052,2.868431529,0.322534706,97.11,6,2,7,True,CHEMBL593375,0.459527314,CHEMBL3394105,1.0,0.128205128,1.0
CN1CCC(NC(=O)c2cc(-n3cc(NC(=O)Nc4ccccc4Cl)cn3)cs2)CC1,,,-7.704221363,-7.986533931,458.975,4.0552,2.588988578,0.537419764,91.29,6,3,5,True,1216154,0.594959592,CHEMBL4759538,1.0,0.161904762,1.0
COc1cc(Nc2cc(Nc3ccccc3C(N)=O)ccn2)cc(OC)c1OC,,,-7.601496399,-7.150087629,394.431,3.6935,2.216151788,0.534612564,107.73,7,3,8,True,13900,0.655014034,CHEMBL3220491,1.0,0.162790698,1.0
O=CN1Cc2cccc3c(C4=C(c5cnc6ccccn56)C(=O)NC4=O)cn(c23)CC1N1CCOCC1,CHEMBL4162850,1.3,-7.43603711526289,-6.04459602619024,496.5270000000003,1.4864999999999993,3.891196169385209,0.3394570710460623,101.18,8,1,4,False,CHEMBL4162850,1.0,CHEMBL1644639,0.4858777261351448,1.0,0.1775700934579439
CCc1cc(NCc2cccnc2)n2ncc(Br)c2n1,CHEMBL398670,920.0,-7.70118550256593,-6.55144076096121,332.20500000000004,3.061300000000001,2.494738076558546,0.7977900542402189,55.11,5,1,4,True,CHEMBL398670,1.0,695720,0.5216881594372802,1.0,0.1182795698924731
COc1ccc2c(c1)NC(=O)Cc1c-2[nH]c2ccc(C(F)(F)F)cc12,CHEMBL334084,239.88,-8.57036533656757,-8.8115710253382,346.308,4.356900000000002,2.46505343397884,0.6879466189745279,54.12,2,2,1,True,CHEMBL334084,1.0,51238049,0.5209571938168847,1.0,0.0649350649350649
COc1ccccc1C1=C(c2cn(CCCNS(N)(=O)=O)c3ncccc23)C(=O)NC1=O,CHEMBL423323,20.0,-9.50745984666161,-6.96994759563903,455.49600000000015,0.7952999999999995,2.7287940500882453,0.3382669498056582,145.41,7,3,8,True,CHEMBL423323,1.0,CHEMBL437747,0.4550372472507982,1.0,0.1142857142857142
CCCC(=O)Nc1n[nH]c2cc(Cl)c(-c3ccccc3)cc12,CHEMBL1095040,7.0,-9.64873412525075,-7.89107805248375,313.788,4.621900000000003,2.1484662143296145,0.7379281894013461,57.78,2,2,4,True,CHEMBL1095040,1.0,CHEMBL400863,0.5527043031977892,1.0,0.1234567901234567
Cc1ccc(-c2ccc3cnc(Nc4ccc(-n5cnc(N6CCOCC6)n5)cc4)nc3c2)cn1,,,-7.461458429,-8.078761747,464.533,4.16112,2.699695424,0.414420367,93.88,9,1,5,True,14649,0.558705288,CHEMBL1761559,1.0,0.12745098,1.0
COc1ccc(Nc2nnc(-c3ccc(C)cc3)o2)cc1,CHEMBL1630484,805.0,-8.23037927977646,-7.81374956550412,281.315,3.797220000000002,1.847368715009724,0.7878576367904738,60.18,5,1,4,True,CHEMBL1630484,1.0,CHEMBL3099976,0.6245852187028658,1.0,0.2121212121212121
N#Cc1cc(F)ccc1-c1ccc(CSc2nnc(-c3ccc4c(c3)OCO4)o2)cc1,CHEMBL2064532,22.0,-7.09850427502993,-7.70355720893857,431.4480000000002,5.435380000000003,2.43254174248659,0.3895004767117758,81.17,7,0,5,True,CHEMBL2064532,1.0,CHEMBL197698,0.5682057276446523,1.0,0.0898876404494382
Nc1ncc(-c2ccc(F)cc2)cc1NC(=O)c1ccnc(NC(=O)C2CC2)c1,CHEMBL4550261,240.0,-7.0366495327754,-8.45119050931626,391.4060000000001,3.465700000000001,2.249087060357999,0.6168904737617764,110.0,5,3,5,True,CHEMBL4550261,1.0,CHEMBL4783382,0.6649060312000983,1.0,0.1739130434782608
NC1=NC(=O)C(=C2CCNC(=O)c3[nH]c4ccc(Br)cc4c32)N1,111093,47.0,-8.87643148264916,-9.39833376625307,374.198,1.2195,3.2180462818495723,0.5196368264595158,112.36999999999998,4,4,0,True,111093,1.0,CHEMBL1761572,0.6202158979391561,1.0,0.0659340659340659
COCCN1CCC(CNC(=O)c2n[nH]c3ccc(-c4cncc(OC)c4)cc23)CC1,CHEMBL3735522,26.0,-9.7626740183495,-8.14603805818251,423.5170000000003,2.7217,2.5019360112947044,0.5788283623171077,92.37,6,2,8,True,CHEMBL3735522,1.0,CHEMBL250017,0.6078807722705205,1.0,0.1630434782608695
CCN(CC)c1ccc(-c2nc3c(C(=O)Nc4cnccc4C)ccnc3[nH]2)cc1,CHEMBL2048676,3.0,-6.26846410549608,-7.39937596591697,400.4860000000001,4.426820000000003,2.5336153565306763,0.5000416297699484,86.80000000000001,5,2,6,False,CHEMBL2048676,1.0,CHEMBL204757,0.575783877617446,1.0,0.1707317073170731
Cc1cccc(NC(=O)c2ccc(C#N)o2)c1N1CCC2(CC1)OCCO2,,,-7.371708646,-7.239350297,367.405,3.0553,3.253842642,0.897038772,87.73,6,1,3,True,CHEMBL4434855,0.546281882,CHEMBL1783590,1.0,0.133333333,1.0
O=C(Nc1n[nH]c2nc(-c3nccs3)c(Br)cc12)C1CCCC1,CHEMBL406644,16.0,-7.59454600663199,-7.65796541624398,392.2820000000002,3.9726000000000017,2.834591437726992,0.7065841914830325,83.56,5,2,3,True,CHEMBL406644,1.0,CHEMBL507249,0.64862148190695,1.0,0.2105263157894736
N#Cc1cscc1-c1c[nH]c(=O)c2cc(-c3ccncc3)sc12,CHEMBL1809117,12.59,-8.65067646789155,-9.38938957398258,335.413,4.251780000000001,3.0397232402528243,0.5951111152421195,69.53999999999999,5,1,2,True,CHEMBL1809117,1.0,CHEMBL1288966,0.5613905325443787,1.0,0.0641025641025641
Br.OCCN=c1nc(-c2cccc3ccccc23)n(-c2ccccc2)s1,CHEMBL2022415,300.0,-8.52777289836225,-7.4476077420655,428.3550000000001,4.2249000000000025,2.832755643309813,0.5292224418572746,50.41,5,1,4,False,CHEMBL2022415,1.0,CHEMBL1568840,0.5215721418512355,1.0,0.1538461538461538
CCOC(=O)c1c(C#N)csc1NC(=O)Cc1ccc(OC)cc1,,,-5.777361276,-7.172788374,344.392,2.98628,2.242519371,0.813933458,88.42,6,1,6,True,CHEMBL3398199,0.560991105,CHEMBL1681996,1.0,0.152941176,1.0
O=C(CN1C(=O)CCc2cc(F)ccc21)Nc1scc(Br)c1-c1ncn[nH]1,,,-7.731749101,-7.903746714,450.293,3.3527,2.860201686,0.63814137,90.98,5,2,4,True,CHEMBL3827219,0.598674146,695714,1.0,0.136363636,1.0
c1ccc(-c2noc(CSc3nnc(-c4ccncc4)o3)n2)cc1,51243374,521.0,-6.40151835014552,-7.24862626065621,337.36400000000003,3.4739000000000013,2.237348188605404,0.5112466317843709,90.73,8,0,5,True,51243374,1.0,CHEMBL572282,0.6023083499572528,1.0,0.1690140845070422
CC(C)Oc1nc(-c2ccnc(NC(=O)C3CC3)c2)sc1C(N)=O,CHEMBL3410090,0.45,-9.03912952903785,-7.5400454566712,346.4120000000001,2.4397,2.5450041326613477,0.8351492110352357,107.20000000000002,6,2,6,True,CHEMBL3410090,1.0,CHEMBL203289,0.5987566377412252,1.0,0.234375
N#Cc1ccc(-c2c[nH]c3ncc(C=CC(=O)NCc4ccncc4)cc23)cc1,51320385,63.0,-10.0552205386204,-8.31413071006987,379.42300000000006,3.8261800000000017,2.520867274462402,0.5154008628190587,94.46,4,2,5,False,51320385,1.0,50383511,0.5424455292296702,1.0,0.1326530612244898
CC#Cc1ccc(C(=O)Nc2cccc(C)c2N2CCC3(CC2)OCCO3)o1,,,-7.945387324,-7.438884886,380.444,3.55502,3.389484975,0.825264473,63.94,5,1,3,True,CHEMBL2391121,0.630197196,CHEMBL1783594,1.0,0.134831461,1.0
COc1ccc2c(c1)[nH]c1c(NC(=O)C3CC3)nccc12,CHEMBL4846517,144.0,-7.59700262180635,-7.10092478530766,281.315,3.073200000000001,2.2226559281244764,0.7749590117248673,67.00999999999999,3,2,3,True,CHEMBL4846517,1.0,CHEMBL1681992,0.5795540725011376,1.0,0.1857142857142857
C=CC(=O)Nc1cccc(C(=O)Nc2ccc(Nc3cc(-c4[nH]c(SC)nc4C)ccn3)cc2)c1,,,-8.176668433,-10.53491119,484.585,5.62242,2.684523447,0.190701208,111.8,6,4,8,False,CHEMBL3735176,0.519209957,CHEMBL4082278,1.0,0.147826087,1.0
O=c1n(C2CCNCC2)nc(-c2ccnc(NC3CCOCC3)c2)n1-c1ccc2ccccc2c1,,,-8.49413646,-6.517158673,470.577,3.7646,2.866795868,0.461959864,86.0,8,2,5,True,CHEMBL4077376,0.544790144,CHEMBL1644643,1.0,0.161616162,1.0
O=C(Nc1cnn(-c2csc(C(=O)NCC3CCOC3)c2)c1)Nc1ccccc1Cl,,,-8.292444415,-7.8072553,445.932,3.9975,3.083774982,0.533858221,97.28,6,3,6,True,1216148,0.590504781,CHEMBL4755895,1.0,0.260416667,1.0
COc1cccc(-n2ncc3c(NN=Cc4ccc(NC(=O)CCN(C)C)cc4)ncnc32)c1,CHEMBL309152,5.012,-8.79221992771992,-8.88960526811982,458.5260000000002,3.160300000000001,2.510680778451274,0.2928425996010739,109.56,9,2,9,False,CHEMBL309152,1.0,CHEMBL2376906,0.5572598099181331,1.0,0.2037037037037037
O=C(C=Cc1cnc2[nH]cc(-c3ccccc3)c2c1)NCCc1cccnc1,CHEMBL3919553,32.0,-9.10168748972706,-8.25612029478193,368.44000000000017,3.9970000000000026,2.368585857915676,0.5055232315906649,70.67,3,2,6,False,CHEMBL3919553,1.0,CHEMBL571619,0.61440329218107,1.0,0.2297297297297297
Cc1ccc(NC(=O)c2cccc(-n3cc(NC(=O)Nc4ccccc4Cl)cn3)c2)cn1,,,-7.525776195,-9.312248451,446.898,5.12542,2.2331589,0.395444635,100.94,5,3,5,True,CHEMBL4085289,0.577464789,CHEMBL3355146,1.0,0.100917431,1.0
CC1(C)CC(=O)C2=C(C1)Nc1n[nH]c(C(F)(F)F)c1C2c1ccccc1F,580692,100.0,-9.55442774961931,-5.16879289225327,379.3570000000001,4.768200000000003,3.467780592008939,0.7021475238956428,57.78,3,2,1,True,580692,1.0,CHEMBL1784089,0.3379879726837224,1.0,0.0606060606060606
Cn1c(NCCCCCCCNc2c3c(nc4ccccc24)CCCC3)nc(-c2ccncc2)cc1=O,CHEMBL5078303,330.0,-7.6747441592604,-8.04142549735408,496.65900000000033,5.743800000000006,2.732359259369167,0.2575174720485473,84.72999999999999,7,2,11,True,CHEMBL5078303,1.0,CHEMBL584899,0.4906231603733916,1.0,0.1682242990654205
O=c1[nH]nc(-c2ccnc(NC3CCCOC3)c2)n1-c1ccc2ccccc2c1,,,-10.37736151,-12.04750302,387.443,3.3667,3.001916293,0.560847365,84.83,6,2,4,True,CHEMBL489210,0.629368871,CHEMBL1644619,1.0,0.095744681,1.0
CCCc1c(-c2ccc(OC)cc2)[nH]c2nccnc12,51159494,398.0,-7.77774165560299,-7.96108129220002,267.332,3.586000000000001,2.2936250792110666,0.7855965937992299,50.8,3,1,4,True,51159494,1.0,50383520,0.5533264746227708,1.0,0.0597014925373134
COC(=O)c1c(C)csc1NC(=O)Cc1ccc(OCCCN2CCCC2)cc1,,,-5.903242774,-5.968928857,416.543,3.88902,2.231307183,0.496179429,67.87,6,1,9,True,CHEMBL4634672,0.517525112,CHEMBL1682001,1.0,0.105263158,1.0
NCCCc1ccc2c(c1)-c1[nH]c3ccc([N+](=O)[O-])cc3c1CC(=O)N2,169535,2.5,-9.21234792583188,-8.90048238809816,350.37800000000016,3.1290000000000013,2.614703294037467,0.4951946432683306,114.05,4,3,4,False,169535,1.0,CHEMBL2425655,0.5461405244928254,1.0,0.0625
COCc1ccccc1-c1c[nH]c(=O)c2cc(-c3ccncc3)sc12,CHEMBL1809118,100.0,-8.8461789610165,-8.40753524210041,348.427,4.4650000000000025,2.526384850507517,0.5920822154406922,54.98,4,1,4,True,CHEMBL1809118,1.0,CHEMBL1923199,0.591219512195122,1.0,0.1511627906976744
CN1CCOCCn2cc(c3ccccc32)C2=C(C(=O)NC2=O)c2cn(c3ccccc23)CCN(C)CC1,CHEMBL106384,33.0,-4.37146035372001,-2.59520779830262,511.6260000000004,3.0570000000000013,4.982511550344818,0.3676890605383883,71.74,7,1,0,False,CHEMBL106384,1.0,784822,0.2709304907839218,1.0,0.0818181818181818
Nc1cccc2ccc(-n3c(-c4ccnc(NC5CCOCC5)c4)n[nH]c3=O)cc12,,,-10.45119812,-11.74547671,402.458,2.9489,2.708193438,0.452761037,110.85,7,3,4,True,50374906,0.634810597,CHEMBL1644636,1.0,0.126315789,1.0
NC1=NONC1N1N=NC(c2nnc(-c3ccncc3)[nH]2)C1CN1CCCCC1,50323571,280.0,-7.86423957694273,-8.28766934395975,397.4470000000003,0.5782,4.745652279817904,0.6640508229537664,145.3,11,3,5,True,50323571,1.0,CHEMBL4749658,0.5383673968914453,1.0,0.0851063829787234
CC(=O)c1ccc(-c2coc3ccc(-c4ccc(C)o4)cc23)cc1,CHEMBL572779,100.0,-8.41943417871772,-7.56068400223059,316.356,5.870820000000004,2.137363238772627,0.4438132915267551,43.35,3,0,3,True,CHEMBL572779,1.0,50383511,0.681655960028551,1.0,0.1034482758620689
NC(=O)c1sc(-c2ccnc(NC(=O)C3CC3)c2)nc1OCCc1cn(-c2c3c(nc4ccccc24)CCCC3)nn1,CHEMBL4747410,6.5,-8.98689264761516,-8.9789415149391,580.6740000000001,4.281700000000003,3.17720323981026,0.2621959708324534,150.8,10,2,9,True,CHEMBL4747410,1.0,CHEMBL4092482,0.568290954892545,1.0,0.25
Cc1ccc2c(-c3ccnc(Nc4ccc(Cl)c(C(F)(F)F)c4)n3)c(-c3cccc(C(F)(F)F)c3)nn2n1,13963,630.0,-7.87947544022763,-9.70003282354338,548.8779999999999,7.596320000000004,2.8749590438099,0.2342784896880725,68.0,6,1,4,True,13963,1.0,784826,0.6278466416834823,1.0,0.1834862385321101
N#Cc1ccc(N2CCC(Nc3c(C(N)=O)cnc4[nH]ccc34)C(F)C2)nc1,CHEMBL3593777,980.0,-8.9368674235297,-8.85117297172928,379.39900000000006,1.95738,3.6103392819668105,0.636548901628092,123.72,6,3,4,True,CHEMBL3593777,1.0,CHEMBL3593777,1.0,1.0,1.0
N#Cc1csc(NC(=O)CN2C(=O)CCc3ncccc32)c1-c1nnc[nH]1,,,-6.581762467,-8.226107684,379.405,1.71778,3.280854364,0.710273372,127.66,7,2,4,True,13934,0.477499213,50659443,1.0,0.111111111,1.0
Cn1cc(-c2conc2-c2ccnc(Nc3ccc(N4CCOCC4)cc3)c2)cn1,,,-6.931164018,-10.42699405,402.458,3.7173,2.67407386,0.544817075,81.24,8,1,5,False,CHEMBL2386089,0.579433984,CHEMBL3099977,1.0,0.126315789,1.0
O=C(Nc1cncc(OCC2CCN(Cc3ccccc3)CC2)c1)c1ccnc(NC(=O)C2CC2)c1,CHEMBL4863960,23.0,-8.09109962276987,-7.78231989328004,485.58800000000025,4.368400000000003,2.396453812760006,0.4673225365079305,96.45,6,2,9,True,CHEMBL4863960,1.0,200733,0.568556605521586,1.0,0.2233009708737864
CC1COc2c(NCCNc3ccccn3)c(F)c(N)c3c(=O)c(C(N)=O)cn1c23,CHEMBL1940900,33.0,-8.09904517063344,-7.5332282698897,412.4250000000002,1.6940999999999995,3.42384743332788,0.357078355405586,137.29000000000002,8,4,6,True,CHEMBL1940900,1.0,CHEMBL1681998,0.6136639922197908,1.0,0.1290322580645161
Cc1ccc(NC(=O)c2ccnc3nc(-c4ccc(F)cc4)[nH]c23)cn1,50943625,8.0,-7.83136379795785,-7.87772496750428,347.35300000000007,3.7197200000000015,2.301163027925199,0.5915317583312445,83.56,4,2,3,True,CHEMBL2048679,1.0,CHEMBL3899711,0.6761105762618622,1.0,0.108433734939759
O=C(Nc1cc(-c2[nH]c(-c3ccccc3)nc2-c2ccc(F)cc2)ccn1)C1CC1,CHEMBL4568095,570.0,-6.02478282968139,-7.89127584817114,398.44100000000014,5.293300000000003,2.243039549979571,0.4796180901996907,70.67,3,2,5,True,CHEMBL4568095,1.0,CHEMBL1288966,0.5257469802924348,1.0,0.1578947368421052
O=C1NCCC(=NNc2cccnc2)c2c1[nH]c1ccc(Cl)cc21,111144,790.0,-9.55238601820813,-9.96081464796207,339.7860000000001,3.1660000000000013,2.810652364429579,0.6270917045175095,82.16999999999999,4,3,2,False,111144,1.0,CHEMBL400863,0.5057471264367817,1.0,0.1
C1=CC2C(c3ccnc(Nc4ccccc4)n3)C(c3ccccc3)=NN2C=C1,50407527,60.0,-7.31542529574248,-9.8248764943614,365.44000000000005,4.475800000000002,3.6082402709778,0.7408108885980301,53.41,5,1,4,True,50407527,1.0,CHEMBL1946646,0.6698216235893701,1.0,0.1728395061728395
CNC(=O)c1cc(-n2cc(NC(=O)Nc3ccccc3Cl)cn2)cs1,,,-6.977406091,-8.438693591,375.841,3.5908,2.473260554,0.650695891,88.05,5,3,4,True,CHEMBL1092134,0.63754175,CHEMBL4757583,1.0,0.256756757,1.0
CC(=O)ON=C1C(=C2C(=O)Nc3cc(Cl)c(Cl)cc32)Nc2ccccc21,CHEMBL253769,3.981,-9.84774970237901,-9.13396246339742,388.2100000000001,4.049500000000002,2.90657890990623,0.4389679364765954,79.78999999999999,5,2,1,True,CHEMBL253769,1.0,CHEMBL1761573,0.6059753483386924,1.0,0.1139240506329113
NC(=O)c1sc(-c2ccnc(NC(=O)C3CC3)c2)nc1OCCC1CCN(Cc2ccccc2F)CC1,CHEMBL4759253,261.0,-8.44448944185369,-8.07739176984596,523.6340000000004,4.472700000000004,2.7365055077546767,0.405686260866369,110.44,7,2,10,True,CHEMBL4759253,1.0,CHEMBL3355999,0.4937585568172666,1.0,0.1578947368421052
CCOc1ccccc1Nc1cc(-c2ccnc(Nc3ccccc3OCC)c2)ccn1,,,-8.859180662,-10.67316173,426.52,6.4282,2.263043248,0.321467232,68.3,6,2,9,True,13923,0.641220533,CHEMBL202961,1.0,0.191780822,1.0
CCS(=O)(=O)Nc1ccc(CCNC(=O)c2ccnc3[nH]c(-c4ccsc4)nc23)cc1,CHEMBL2048662,3.0,-7.2625806491252,-7.30042693855976,455.5650000000001,3.420500000000001,2.624486071796003,0.376357846667222,116.84000000000002,6,3,8,True,CHEMBL2048662,1.0,CHEMBL1644631,0.5437158469945356,1.0,0.1847826086956521
COc1cc(N2CCN(C(C)C)CC2)ccc1Nc1nc(Nc2cccc(F)c2C(N)=O)c2cc[nH]c2n1,,,-7.809912638,-7.86976437,518.597,4.2221,2.797114172,0.27333195,124.43,8,4,8,True,CHEMBL404242,0.526232272,CHEMBL507625,1.0,0.207920792,1.0
COc1ccccc1C1C2=C(CC(C)(C)CC2=O)Nc2n[nH]cc21,580666,550.0,-7.48132544518664,-6.27390766974699,323.396,3.618900000000001,3.4146247889365267,0.8856279101240385,67.00999999999999,4,2,2,True,580666,1.0,CHEMBL220227,0.5828520657485562,1.0,0.0972222222222222
O=C(Nc1cnn(-c2csc(C(=O)NCC3CCOCC3)c2)c1)Nc1ccccc1Cl,,,-7.329089462,-7.755864188,459.959,4.3876,2.642765242,0.508932318,97.28,6,3,6,True,1038839,0.62436436,CHEMBL4744992,1.0,0.196261682,1.0
COc1ccc(Nc2ncc3nc(Nc4ccccc4F)n(C4CCOCC4)c3n2)cc1,,,-7.640036409,-9.497883116,434.475,4.8127,2.52564734,0.450231084,86.12,8,2,6,True,CHEMBL4633727,0.594062947,CHEMBL1946341,1.0,0.204545455,1.0
CS(=O)(=O)Nc1ccc(CCNC(=O)c2ccnc3[nH]c(-c4ccoc4)nc23)cc1,CHEMBL2048670,3.0,-8.55401926526246,-6.96267687700444,425.47000000000014,2.5619000000000005,2.6193037286237004,0.4171824246546524,129.98000000000002,6,3,7,True,CHEMBL2048670,1.0,CHEMBL4442806,0.5731123818415218,1.0,0.09375
COc1ccc(CSc2nnc(-c3ccc4c(c3)CCO4)o2)cc1Cl,CHEMBL470167,13.0,-7.13424677970581,-7.81407131062162,374.84900000000016,4.625800000000003,2.2942626165770648,0.6068982570942834,57.38000000000001,6,0,5,True,CHEMBL470167,1.0,CHEMBL3220490,0.6000769822940724,1.0,0.0833333333333333
O=C1NC(=O)C(c2ccc(Cl)cc2)=C1Nc1cccc(C(=O)O)c1,CHEMBL347632,186.0,-8.66889766200315,-8.01531857248074,342.73800000000006,2.5178,2.1733774652988576,0.7419716040342892,95.5,4,3,4,True,CHEMBL347632,1.0,CHEMBL248643,0.6658707418019739,1.0,0.1194029850746268
O=C(NCCN1CCOCC1)c1cccc(-n2ncc3cc(Nc4c(Cl)cccc4Cl)ccc32)c1,,,-7.714626912,-9.766927088,510.425,5.1379,2.444677411,0.360564269,71.42,6,2,7,True,CHEMBL469509,0.580376369,CHEMBL2376916,1.0,0.090909091,1.0
O=C1NC(=O)C(c2cncc3ccoc23)=C1c1cn2c3c(cccc13)CN(C(=O)N1CCCCC1)CC2,51159557,2.1,-10.3182710142318,-7.65186115306653,495.5390000000005,3.771200000000003,3.134511047183799,0.4268847267021611,100.68,6,1,2,True,51159557,1.0,CHEMBL249998,0.5926916221033869,1.0,0.1063829787234042
CCS(=O)(=O)Nc1ccc(CCNC(=O)c2ccc(O)c3nc(-c4ccccc4)[nH]c23)cc1,50943603,47.0,-6.82589016624721,-8.45727867361529,464.54700000000014,3.6696000000000017,2.4341145314864985,0.3167260361495604,124.18,5,4,8,True,50943603,1.0,CHEMBL1761568,0.5937011158619252,1.0,0.1188118811881188
CC1CC(=C2NC(N)=NC2=O)c2c([nH]c(Br)c2Br)C(=O)N1,111087,268.0,-8.77610236031227,-8.52369035427305,417.061,1.2172999999999998,4.254573411999301,0.4759588703004673,112.36999999999998,4,4,0,False,111087,1.0,CHEMBL1761573,0.5488267528452999,1.0,0.0493827160493827
CCOc1nc(C(=O)NCc2ccc(S(C)(=O)=O)cc2)cc(N)c1C#N,,,-6.262090848,-7.536865073,374.422,1.26768,2.367297745,0.776873801,135.17,7,2,6,True,CHEMBL250369,0.546119086,CHEMBL424872,1.0,0.139534884,1.0
COc1cc(C2=C(c3cn(CCCO)c4ccccc34)C(=O)NC2=O)cc(OC)c1OC,CHEMBL3699446,2.0,-7.93905043136439,-6.57515812431527,436.4640000000002,2.6167000000000007,2.540809434703629,0.5269620138318738,99.02,7,2,8,True,CHEMBL3699446,1.0,CHEMBL1761574,0.4946580129805292,1.0,0.1063829787234042
COc1ccccc1C1CN(c2nc(-c3ccncn3)cc(=O)n2C)CCN1.Cl,CHEMBL4065624,1.8,-7.81051454360087,-7.66685833604616,414.8970000000001,1.8186,3.1919976359677884,0.6964620124546559,85.17000000000002,8,1,4,True,CHEMBL4065624,1.0,CHEMBL4795574,0.5577895645738251,1.0,0.108695652173913
O=C(Nc1ncnc2oc(-c3cccnc3)cc12)C1CC1,CHEMBL361196,5.0,-8.40732521458831,-7.38849754469991,280.2870000000001,2.633300000000001,2.4879054111005168,0.7972283287783973,80.91000000000001,5,1,3,True,CHEMBL361196,1.0,CHEMBL1288966,0.5947955390334573,1.0,0.1184210526315789
O=c1[nH]nc(-c2ccnc(Nc3nccs3)c2)n1-c1ccc2ccccc2c1,,,-10.05927791,-11.59355127,386.44,3.9759,2.551423485,0.487770867,88.49,7,2,4,True,CHEMBL491859,0.697177822,CHEMBL1644627,1.0,0.162790698,1.0
NC(=O)c1ccccc1Nc1cc(Oc2ccc3c(c2)OCO3)ncc1C(F)(F)F,,,-7.895830364,-7.647560572,417.343,4.4639,2.494125254,0.636334762,95.7,6,2,5,True,CHEMBL326688,0.573293506,CHEMBL1923201,1.0,0.11827957,1.0
CC1CN(Cc2ccccc2)CCN1c1nc(-c2ccncn2)cc(=O)n1C,CHEMBL4082198,8.3,-7.08757355850287,-8.24902405913029,376.46400000000006,1.948,2.92468497455638,0.6933653047922135,67.15,7,0,4,True,CHEMBL4082198,1.0,CHEMBL572282,0.5838709677419355,1.0,0.1875
Nc1ncc(-c2ccccc2F)nc1C(=O)Nc1cnccc1N1CCC(N)CC1,CHEMBL3895998,0.1,-8.52422036813924,-6.3882163062458,407.4530000000002,2.4397,2.5552588270136827,0.6068492059885998,123.05,7,3,4,True,CHEMBL3895998,1.0,696042,0.5100235849056604,1.0,0.1403508771929824
Cc1cccc(Nc2ccc3c(cnn3-c3cccc(C(=O)NCCN4CCN(C5CCC5)CC4)c3)c2)c1Cl,,,-8.157003799,-9.657491532,543.115,5.63082,2.613123415,0.301927899,65.43,6,2,8,True,50721049,0.540242165,CHEMBL2376926,1.0,0.159292035,1.0
c1ccc(-c2nn3ncccc3c2-c2ccnc(Nc3ccc4c(c3)OCCO4)n2)cc1,13930,10.0,-7.64740334519807,-10.2522468399332,422.44800000000026,4.368100000000002,2.5738151077805504,0.4602237796097604,86.46000000000001,8,1,4,True,13930,1.0,CHEMBL4074524,0.6823842340708499,1.0,0.1724137931034483
CC1COc2c(NCCNc3ccccn3)c(F)c(N)c3c(=O)c(C(=O)O)cn(c23)C12CCC2,CHEMBL1940907,10.0,-6.86906176462285,-6.66825572291628,467.5010000000004,3.247700000000001,4.162739460982382,0.3209540577916295,131.5,8,4,6,True,CHEMBL1940907,1.0,CHEMBL1822308,0.5197791164658634,1.0,0.1101694915254237
Cc1nc2c(cnn2-c2csc(C(=O)NC3COC3)c2)cc1Nc1cccc(F)c1Cl,,,-6.756115025,-8.816911639,457.918,4.45512,3.022625207,0.462317915,81.07,7,2,5,True,14648,0.556289167,CHEMBL4876785,1.0,0.202020202,1.0
Cc1ccc2c(-c3ccnc(Nc4ccccc4)n3)c(-c3ccc(F)cc3)nn2n1,13967,25.0,-7.15117237153635,-10.3130920273085,396.4290000000001,5.044420000000003,2.445317913857071,0.4606894584800357,68.0,6,1,4,True,13967,1.0,784808,0.680344538820433,1.0,0.1818181818181818
O=C(Cc1cccc2ncccc12)Nc1scc(Br)c1-c1ncn[nH]1,,,-7.341168224,-8.418710002,414.288,4.0251,2.706033955,0.528425777,83.56,5,2,4,True,CHEMBL3828624,0.660632818,CHEMBL1682019,1.0,0.172839506,1.0
COc1cccc(-c2coc3ccc(-c4ccc(C)o4)cc23)c1,CHEMBL573486,74.0,-8.47687823932893,-7.78207038977852,304.345,5.676820000000004,2.1191999337086216,0.4884300329781009,35.510000000000005,3,0,3,True,CHEMBL573486,1.0,CHEMBL400863,0.5622686409307245,1.0,0.1265822784810126
COc1ccc2[nH]nc(C(=O)NCC3CCN(CCc4ccc(O)cc4)CC3)c2c1,CHEMBL3736216,350.0,-9.64934291324313,-7.20204754890962,408.5020000000002,2.9616000000000016,2.296196048653311,0.5592052501883631,90.48,5,3,7,True,CHEMBL3736216,1.0,CHEMBL391656,0.591456142253063,1.0,0.1333333333333333
O=C(Cc1cccc2ncc(F)cc12)Nc1scc(Br)c1-c1ncn[nH]1,,,-7.846127762,-8.061672741,432.278,4.1642,2.845117489,0.507390008,83.56,5,2,4,True,CHEMBL3828624,0.657772622,CHEMBL1822133,1.0,0.162790698,1.0
CNC(=O)c1sc(-c2ccnc(NC(=O)C3CC3)c2)nc1OCCOCC#Cc1ccc2c(c1)C(=O)N(C1CCC(=O)NC1=O)C2=O,CHEMBL4757470,19.7,-7.18367884744605,-8.26559766941092,656.6770000000002,1.7614999999999998,3.8308550931971377,0.1649902458644511,185.99,11,3,10,True,CHEMBL4757470,1.0,CHEMBL4071770,0.4294133404768283,1.0,0.2015503875968992
COc1cccc(-n2ncc3c(N=NCc4ccc(O)cc4)ncnc32)c1,14670,12.6,-7.89300954246704,-8.08737908117791,360.37700000000007,3.8136000000000023,2.7730030796569114,0.5457480548066806,97.78,8,1,5,False,14670,1.0,CHEMBL1946336,0.6057999508478742,1.0,0.2098765432098765
c1ccc(-c2ccc(CSc3nnc(-c4ccncc4)o3)cc2)cc1,CHEMBL2391099,83.0,-6.33289686457526,-7.42722500416837,345.427,5.090900000000004,1.9830469284843344,0.471531190194476,51.81,5,0,5,True,CHEMBL2391099,1.0,CHEMBL3393596,0.741890574968676,1.0,0.0864197530864197
CN1CCOCCN(C)CCn2cc(c3ccccc32)C2=C(C(=O)NC2=O)c2cn(c3ccccc23)CC1,CHEMBL105477,6.0,-6.81080997732157,-5.89564968310439,511.6260000000003,3.0570000000000013,4.995924697197964,0.3676890605383885,71.74000000000001,7,1,0,False,CHEMBL105477,1.0,784823,0.3710667086217747,1.0,0.1018518518518518
COc1ccc(C2=C(Nc3cccc(O)c3)C(=O)NC2=O)cc1,CHEMBL160829,481.0,-10.5210040297721,-8.54352628212378,310.3090000000001,1.8804,2.2089407197193958,0.7505639722695365,87.66,5,3,4,True,CHEMBL160829,1.0,50383511,0.5734486545853926,1.0,0.1428571428571428
O=C1NC(=O)C(c2ccccc2)=C1Nc1cccc(C(=O)O)c1,CHEMBL348505,291.0,-9.14615530508271,-9.0320717861674,308.29300000000006,1.8644,2.1071757493051955,0.749380567079977,95.5,4,3,4,True,CHEMBL348505,1.0,CHEMBL1822306,0.521761591114555,1.0,0.1162790697674418
O=CN1Cc2cc(F)cc3c(C4=C(c5cnc6ccccn56)C(=O)NC4=O)cn(c23)CC1N1CCCCC1,CHEMBL4165510,1.1,-7.86157528585735,-6.66883823231756,512.5450000000003,2.7793,3.9494898070369526,0.3354987770498138,91.95,7,1,4,False,CHEMBL4165510,1.0,CHEMBL3355992,0.4860761617178326,1.0,0.0909090909090909
Cc1ccc(NC(=O)c2cccc(-n3cc(NC(=O)Nc4cccc(Cl)c4)cn3)c2)cn1,,,-7.655585345,-8.241052988,446.898,5.12542,2.241022612,0.395444635,100.94,5,3,5,True,CHEMBL4458206,0.600134635,CHEMBL3355147,1.0,0.164835165,1.0
Cc1ccc(-c2ccc3[nH]nc(C(=O)NCC4CCN(CCc5ccccc5)CC4)c3c2)cn1,CHEMBL3736449,40.0,-9.4057202357794,-7.41786892302494,453.5900000000002,4.6178200000000045,2.3988557078076305,0.4283172818557661,73.91,4,2,7,True,CHEMBL3736449,1.0,CHEMBL3220502,0.4597712106768351,1.0,0.1485148514851485
Cc1ccc2c(-c3ccnc(Nc4ccc5c(c4)OCCO5)n3)cnn2n1,13922,10.0,-7.78767502828796,-7.51317295160231,360.3770000000001,3.00952,2.6602338464534068,0.6008255712031766,86.46000000000001,8,1,3,True,13922,1.0,CHEMBL3220490,0.7101290145484491,1.0,0.1234567901234567
COc1ccc2c(-c3ccnc(Nc4cc(C(F)(F)F)cc(C(F)(F)F)c4)n3)cnn2n1,13917,630.0,-9.15021675537035,-8.7469275560707,454.33400000000006,4.976100000000002,2.8683835228626613,0.4387921802151809,77.23,7,1,4,True,13917,1.0,CHEMBL246543,0.5676146256529309,1.0,0.2045454545454545
Cc1onc(-c2ccnc(Nc3ccc(N4CCOCC4)cc3)c2)c1-c1ccc(F)cc1,,,-8.651352261,-11.36773314,430.483,5.43132,2.374370744,0.455451254,63.42,6,1,5,False,CHEMBL4557420,0.635340074,CHEMBL3099968,1.0,0.297619048,1.0
COc1cccc(C2CN(c3nc(-c4ccncn4)cc(=O)n3C)CCO2)c1,CHEMBL3091464,4.6,-6.8621984161317,-8.29930052630573,379.4200000000002,1.8238,3.0431174531888594,0.683786339039379,82.37000000000002,8,0,4,True,CHEMBL3091464,1.0,CHEMBL250017,0.5215409163437429,1.0,0.1052631578947368
O=c1[nH]nc(-c2ccnc(NC3CCCCC3)c2)n1-c1ccc2ccccc2c1,,,-10.34603735,-12.00605489,385.471,4.5204,2.427246496,0.541504159,75.6,5,2,4,True,CHEMBL489210,0.628899426,CHEMBL1644618,1.0,0.088888889,1.0
O=C1NC(=O)C(c2ccccc2[N+](=O)[O-])=C1Nc1cc(Cl)c(O)c(Cl)c1,CHEMBL158885,52.0,-5.57180411630055,-7.08533668966755,394.1700000000001,3.0868,2.6129363150324583,0.3171832313759252,121.57,6,3,4,False,CHEMBL158885,1.0,CHEMBL3577855,0.4837161022447126,1.0,0.1052631578947368
N#Cc1csc(NC(=O)Cc2cccc3cnccc23)c1-c1ncn[nH]1,,,-7.808436082,-8.948819342,360.402,3.13428,2.847598113,0.581226714,107.35,6,2,4,True,CHEMBL524059,0.538501561,CHEMBL1682018,1.0,0.166666667,1.0
Cn1c(N2CCNC(c3cccc(Cl)c3)C2)nc(-c2ccncn2)cc1=O,CHEMBL4067532,1.1,-7.69993897166325,-7.94588763597509,382.8550000000001,2.0416,3.133965127431936,0.7467165293194061,75.94,7,1,3,True,CHEMBL4067532,1.0,50383511,0.6243093922651934,1.0,0.1313131313131313
COc1cc(F)ccc1C1CN(c2nc(-c3ccncn3)cc(=O)n2C)CCN1.Cl,CHEMBL4076186,0.25,-7.88951126173157,-8.38569918016901,432.8870000000001,1.9577,3.294174905855352,0.674068360957537,85.17000000000002,8,1,4,True,CHEMBL4076186,1.0,CHEMBL1946328,0.5650688705234159,1.0,0.1684210526315789
Cc1cc(NCCCc2ccncc2)c2n[nH]c(=O)n2c1.Cl,51195510,607.0,-8.80684799479867,-8.27630892415998,319.7960000000001,2.1925200000000005,2.6396891140105776,0.7069012577318556,75.08,5,2,5,True,51195510,1.0,CHEMBL1681992,0.6198667286533395,1.0,0.12
CN1CCC(C(=O)Nc2n[nH]c3nc(-c4ccc(O)cc4)ccc23)CC1,CHEMBL410926,12.0,-7.78156122962853,-8.80999648742341,351.41000000000014,2.610800000000001,2.397624566386737,0.6742602638007374,94.14,5,3,3,True,CHEMBL410926,1.0,CHEMBL2425655,0.5289706060239506,1.0,0.144578313253012
CCOC(=O)c1nc(-c2ccc(F)cc2)c(-c2ccnc(NC(=O)C3CC3)c2)[nH]1,CHEMBL4518634,899.0,-6.55140195637917,-8.39583803972228,394.4060000000001,3.8030000000000017,2.4590825575437414,0.6199966550498022,96.97,5,2,6,True,CHEMBL4518634,1.0,CHEMBL1822145,0.535383560077741,1.0,0.1789473684210526
Fc1cc(F)cc(Nc2nccc(-c3cnn4ncccc34)n2)c1,13903,10.0,-8.08082111695644,-8.92322899666279,324.29400000000004,3.208100000000001,2.6154532435504567,0.6266029600672957,68.0,6,1,3,True,13903,1.0,CHEMBL246543,0.6804683038263849,1.0,0.225
Cn1c(N2CCOC(c3ccc(F)cc3)C2)nc(-c2ccnc(Cl)c2)cc1=O,CHEMBL3091535,903.0,-7.28469790299151,-9.04820390395382,400.84100000000007,3.2127000000000017,3.0013438848127905,0.6316875586287197,60.25,6,0,3,False,CHEMBL3091535,1.0,CHEMBL1644625,0.6998844227558751,1.0,0.2023809523809523
COc1cc2c(CNC3CCN(S(=O)(=O)c4ccc([N+](=O)[O-])cc4)CC3)cc3c(c2cc1OC)C(=O)NC3=O,CHEMBL4646272,310.0,-8.3045315946164,-7.87098754418334,554.5810000000004,2.5917000000000003,2.764187932674382,0.242577219531821,157.18,9,2,8,False,CHEMBL4646272,1.0,CHEMBL1339933,0.4740493782663543,1.0,0.1485148514851485
Brc1cnn2c(NCOc3cccnc3)cc(-c3ccccc3)nc12,CHEMBL250148,600.0,-7.38984603934034,-7.04614947916034,396.2480000000001,4.002200000000002,2.504656641582047,0.5169144416883702,64.34,6,1,5,True,CHEMBL250148,1.0,CHEMBL3394098,0.5116955661585011,1.0,0.1318681318681318
COCc1ccncc1-c1ccc2[nH]nc(C(=O)NCC3CCOCC3)c2c1,CHEMBL4636306,28.0,-9.84006113520326,-7.36809548588371,380.44800000000026,2.927700000000001,2.6090797773080663,0.6863299978379592,89.13000000000001,5,2,6,True,CHEMBL4636306,1.0,CHEMBL3220495,0.6140212237525401,1.0,0.1881188118811881
COc1cccc(-n2ccc(-c3ccnc(Nc4ccc(-n5nc(C)nc5C)cc4)c3)n2)c1,,,-8.761163657,-7.299995863,437.507,4.88404,2.541060757,0.407509727,82.68,8,1,6,True,CHEMBL569046,0.635175763,CHEMBL1771714,1.0,0.25974026,1.0
CN(C)CCNC(=O)c1cccc(-c2[nH]nc3cc(Nc4ccccc4Cl)ccc23)c1,,,-7.505002939,-10.66314951,433.943,4.9183,2.346869131,0.386569846,73.05,4,3,7,True,14673,0.583151326,CHEMBL198821,1.0,0.171717172,1.0
COC(=O)c1ccc(-c2coc3ccc(-c4ccc(C)o4)cc23)cc1,CHEMBL573480,200.0,-8.04171113588293,-7.41866866490813,332.3550000000001,5.454820000000003,2.1288935438689496,0.4677873609243875,52.58,4,0,3,True,CHEMBL573480,1.0,CHEMBL246544,0.6411514990713717,1.0,0.1235955056179775
CCOc1ccncc1NC(=O)c1ccnc2[nH]c(-c3cccc(OC)c3)nc12,CHEMBL2048683,7.0,-8.02219693171233,-7.4644594725023,389.4150000000001,3.6795000000000018,2.438790745697048,0.5215346873198298,102.02,6,2,6,True,CHEMBL2048683,1.0,CHEMBL3947385,0.5744122210287623,1.0,0.1818181818181818
Cc1cc2c(NC(=O)C3CC3)n[nH]c2nc1-c1ccc(O)cc1,CHEMBL260662,6.0,-6.86024466078183,-7.89857772440712,308.341,2.987420000000001,2.419427820311112,0.6934413531059543,90.9,4,3,3,True,CHEMBL260662,1.0,CHEMBL507249,0.6624109263657958,1.0,0.1578947368421052
COc1ccc(Nc2nnc(-c3ccc(S(C)(=O)=O)cc3)o2)cc1,CHEMBL1630486,314.0,-7.94252206569404,-7.04426146785807,345.38000000000005,2.892300000000001,2.018440948786399,0.7594846376919977,94.32,7,1,5,True,CHEMBL1630486,1.0,50319408,0.6530328324986088,1.0,0.1621621621621621
N#CC(c1ccnc(NCCc2ccc(S(N)(=O)=O)cc2)n1)c1nc2ccccc2s1,,,-8.417245389,-10.67627874,450.549,3.04378,3.087844804,0.441683351,134.65,8,2,7,True,50885167,0.587875354,50383522,1.0,0.696969697,1.0
NC(=O)c1nc(-c2ccc(F)cc2)c(-c2ccnc(NC(=O)C3CC3)c2)[nH]1,CHEMBL4452444,39.0,-6.49196829169087,-10.2756164690719,365.3680000000001,2.725200000000001,2.470090536736807,0.6448501992788199,113.76,4,3,5,True,CHEMBL4452444,1.0,CHEMBL4074524,0.7189620758483034,1.0,0.4328358208955223
N#Cc1cc(F)ccc1-c1ccc(CSc2nnc(-c3ccncc3)o2)cc1,CHEMBL2391098,56.0,-7.13070927084886,-7.51238188568581,388.4270000000001,5.101680000000004,2.337789721022886,0.4427527766455908,75.6,6,0,5,True,CHEMBL2391098,1.0,CHEMBL1771663,0.644046575685489,1.0,0.0681818181818181
O=C(Nc1cc(-c2[nH]c(SCc3ccccc3)nc2-c2ccc(F)cc2)ccn1)C1CC1,CHEMBL4546015,229.0,-7.9748352773306,-7.23302098553395,444.5350000000002,5.918600000000003,2.3508758863165333,0.3472953723861119,70.67,4,2,7,True,CHEMBL4546015,1.0,CHEMBL1644638,0.6066534260178749,1.0,0.2291666666666666
CC(C)OC1Cn2cc(C3=C(c4cnc5ccccn45)C(=O)NC3=O)c3cccc(c32)CN1C=O,CHEMBL4164416,1.3,-10.0692100839484,-7.37876782519243,469.50100000000026,2.579300000000001,3.938127902939456,0.3579568985494544,97.94,7,1,5,False,CHEMBL4164416,1.0,784822,0.4611830781773711,1.0,0.096
CCCC(=O)Nc1n[nH]c2cc(-c3cccc(O)c3)ccc12,CHEMBL1086639,94.0,-8.20030699210773,-8.58477803441173,295.34200000000004,3.674100000000001,2.1837321483955474,0.686816356337204,78.01,3,3,4,True,CHEMBL1086639,1.0,CHEMBL4754904,0.6513189448441248,1.0,0.2121212121212121
CS(=O)(=O)Nc1ccc(CCNC(=O)c2ccnc3[nH]c(-c4cccs4)nc23)cc1,CHEMBL2048671,12.0,-8.12296944473339,-8.02090001892917,441.5380000000001,3.030400000000001,2.493682082827636,0.4075454579932018,116.84000000000002,6,3,7,True,CHEMBL2048671,1.0,CHEMBL3099975,0.5908302623021895,1.0,0.1111111111111111
Br.OCCN=c1nc(-c2ccccc2)n(-c2cccc3ccccc23)s1,CHEMBL2022413,300.0,-7.91765187062732,-6.14155043808253,428.3550000000001,4.2249000000000025,2.831280566386738,0.5292224418572746,50.41,5,1,4,False,CHEMBL2022413,1.0,CHEMBL220227,0.5902228612508986,1.0,0.088235294117647
Cn1c(NCC(=O)c2cccc(Cl)c2)nc(-c2ccncc2)cc1=O,CHEMBL3093032,13.0,-7.85726325120555,-7.86128283536486,354.7970000000001,2.7905000000000006,2.366707574204812,0.712813915481107,76.88,6,1,5,True,CHEMBL3093032,1.0,CHEMBL400863,0.6078355314197053,1.0,0.1162790697674418
N=C1NC(=O)C(=Cc2ccc(-c3ccccc3Cl)o2)S1,51243427,565.0,-7.63604202879497,-8.09895041002652,304.75800000000004,3.738670000000001,2.701985431018967,0.8306311592307905,66.09,4,2,2,True,51243427,1.0,CHEMBL248643,0.7094062007356805,1.0,0.0714285714285714
Fc1cccc(SCc2nnc(-c3ccc4c(c3)CCO4)o2)c1,CHEMBL513576,680.0,-7.25327391395378,-8.21581948488942,328.3680000000001,4.102900000000003,2.333144071616367,0.6748090223121095,48.150000000000006,5,0,4,True,CHEMBL513576,1.0,CHEMBL199136,0.6834054834054835,1.0,0.1046511627906976
CSc1nc(-c2ccc(F)cc2)c(-c2ccnc(NC(=O)C3CCC3)c2)[nH]1,CHEMBL4561291,132.0,-6.01550827266954,-9.93009497213455,382.46400000000017,4.738300000000002,2.4102070807191414,0.6255406709752837,70.67,4,2,5,True,CHEMBL4561291,1.0,CHEMBL4074524,0.7653293975580303,1.0,0.53125
COc1cccc(Nc2nccc(C3C=NN4C=CC=CC34)n2)c1,50407531,100.0,-9.1116295580422,-8.08965104662857,319.36800000000005,3.065900000000002,3.912606328943136,0.938163543304972,62.64,6,1,4,True,50407531,1.0,CHEMBL507249,0.6062008978675646,1.0,0.1923076923076923
Cc1ccc(Nc2nnc(-c3ccc([N+](=O)[O-])cc3)o2)cc1Cl,CHEMBL1630452,17.0,-8.26381416570537,-8.23699587011485,330.7310000000001,4.350220000000002,2.143252435695727,0.5641748762574249,94.09,6,1,4,False,CHEMBL1630452,1.0,CHEMBL246543,0.5900295619457135,1.0,0.0879120879120879
COc1cccc(-n2ncc3c(N=NCc4ccc(S(C)(=O)=O)cc4)ncnc32)c1,14669,2.51,-8.81010675610058,-7.80186462218086,422.47000000000014,3.5115000000000016,2.801514283185419,0.4396324081169674,111.69,9,0,6,False,14669,1.0,CHEMBL572282,0.5873932697137116,1.0,0.1428571428571428
COc1cccc(-n2ncc3c(NN=Cc4ccc(NC(C)=O)cc4)ncnc32)c1,CHEMBL304172,12.59,-8.09858490744821,-9.00705429079518,401.4300000000001,3.2285000000000013,2.360006128228907,0.3795007186234319,106.32,8,2,6,False,CHEMBL304172,1.0,CHEMBL3099964,0.6336217255467436,1.0,0.1684210526315789
O=C(Nc1cnn(-c2cc(C(=O)NC3CNC3)cs2)c1)Nc1ccccc1Cl,,,-7.130406215,-8.924883898,416.894,2.9328,2.733462352,0.513419568,100.08,6,4,5,True,CHEMBL4648047,0.636783618,CHEMBL4777114,1.0,0.208791209,1.0
C=CCn1cc(C2=C(c3coc4ncccc34)C(=O)NC2=O)c2ccccc21,310202,530.0,-7.88584975486045,-9.39001571788832,369.38000000000005,3.535700000000001,2.872698142953261,0.4409193513536739,77.13,5,1,4,True,310202,1.0,CHEMBL1784665,0.6066466122332044,1.0,0.1323529411764706
COc1ccc2c(c1)C(=C1Nc3ccccc3C1=NO)C(=O)N2,CHEMBL1830064,90.0,-10.0028547443156,-8.99659470621338,307.309,2.6624,2.660036276470336,0.4295570887669183,82.94999999999999,5,3,1,True,CHEMBL1830064,1.0,51238049,0.6287325812873258,1.0,0.2459016393442623
CC1COc2c(NCCNc3ccccn3)c(F)c(N)c3c(=O)c(C#N)cn1c23,CHEMBL1940976,0.57,-8.32071310826412,-7.68683911522373,394.4100000000002,2.46688,3.514807204448089,0.4493098966038092,117.99,8,3,5,True,CHEMBL1940976,1.0,CHEMBL4749658,0.514137264378927,1.0,0.0721649484536082
FC(F)(F)c1cccc(-c2nn3ncccc3c2-c2ccnc(Nc3ccccc3)n2)c1,13947,158.0,-8.76245749939482,-9.87718306063937,432.4090000000001,5.615700000000003,2.5376843230410966,0.3995211134880526,68.0,6,1,4,True,13947,1.0,784821,0.7130219391365888,1.0,0.202020202020202
O=C(NCc1ccccc1)Nc1cccc2ccccc12,CHEMBL1347394,17.1,-7.27205555649112,-8.31487127366853,276.33900000000006,4.161500000000003,1.499666201077332,0.7405981519970442,41.13,1,2,3,True,CHEMBL1347394,1.0,CHEMBL1822152,0.5979059015501768,1.0,0.1392405063291139
O=C(Nc1ncnc2oc(-c3cccnc3)cc12)C1CCCC1,CHEMBL182419,5.0,-8.04293089447303,-7.5000321243006,308.3410000000002,3.4135000000000018,2.476288867996459,0.8015473215050706,80.91000000000001,5,1,3,True,CHEMBL182419,1.0,CHEMBL1771660,0.6503223871644924,1.0,0.1375
CC(C)NC(=O)c1cc(-n2ncc3cc(Nc4ccccc4Cl)c(F)cc32)cs1,,,-6.815533774,-8.877149823,428.92,5.7613,2.656977867,0.424448849,58.95,5,2,5,True,CHEMBL4228654,0.579075708,CHEMBL4865870,1.0,0.282352941,1.0
NC(=O)c1ccccc1Nc1ccnc(Nc2ccc3c(c2)OCO3)c1,,,-7.43332582,-7.753846755,348.362,3.3964,2.197020178,0.653584593,98.5,6,3,5,True,CHEMBL188938,0.660094299,CHEMBL3220489,1.0,0.17721519,1.0
CC1CN(c2cccc(F)c2)CCN1c1nc(-c2ccncn2)cc(=O)n1C,CHEMBL4095848,0.5,-7.42778087514833,-9.13158626182226,380.427,2.0915,3.059065038658944,0.6932436773054225,67.15,7,0,3,True,CHEMBL4095848,1.0,CHEMBL1644625,0.6621553250695674,1.0,0.1724137931034483
c1cc(-c2nccs2)c2nc(Nc3ccc(-n4cnc(N5CCOCC5)n4)cc3)ncc2c1,,,-9.014848835,-8.520641696,456.535,3.9142,2.809269017,0.425420788,93.88,10,1,5,True,CHEMBL253740,0.557875624,CHEMBL1761566,1.0,0.253012048,1.0
CC(=O)Nc1cccc(-n2ncc3c(N=NCc4ccncc4)ncnc32)c1,14648,158.5,-8.05255847596606,-8.84494759365383,372.392,3.4528000000000016,2.8681024789966223,0.5394967292614807,110.31,8,1,5,False,14648,1.0,CHEMBL1946336,0.6408955962394853,1.0,0.1477272727272727
COc1ccc(-c2ccc3[nH]nc(C(=O)NCC4CCN(Cc5ccc(C(=O)O)o5)CC4)c3c2)cc1,CHEMBL3734895,300.0,-10.322187781773,-8.21469083979955,488.5440000000003,4.171700000000003,2.5142829970372667,0.3403465104906114,120.69,6,3,8,True,CHEMBL3734895,1.0,CHEMBL1761578,0.5399321064856173,1.0,0.1034482758620689
CN(C)C(=O)N1CCn2cc(C3=C(c4cccc5ccoc45)C(=O)NC3=O)c3cccc(c32)C1,51159575,2.7,-8.34317934376849,-7.74906300836863,454.4860000000003,3.451900000000001,3.0224036142311057,0.4701818029212098,87.78999999999999,5,1,2,True,51159575,1.0,CHEMBL1644631,0.6364742313647422,1.0,0.1489361702127659
CS(=O)(=O)NCCc1ccc(NC(=O)c2ccc(O)c3nc(-c4ccc(Cl)cc4Cl)[nH]c23)cc1,50506666,80.0,-7.36118321815933,-8.12626808804965,519.4100000000003,4.586300000000002,2.5367593920181584,0.2845277979654812,124.18,5,4,7,True,50506666,1.0,CHEMBL1761568,0.5552806097198852,1.0,0.1121495327102803
COc1cc(NC(=O)c2cccc(-n3cc(NC(=O)Nc4cccc(C)c4)cn3)c2)cc(OC)c1OC,,,-7.998128005,-6.826389711,501.543,5.10282,2.327458923,0.309302819,115.74,7,3,8,True,CHEMBL1092754,0.548157846,CHEMBL3393599,1.0,0.156862745,1.0
O=C(NCCCn1cnc(Cl)c1Cl)c1ccc(O)c2[nH]c(-c3ccc(Cl)cc3Cl)nc12,CHEMBL1957955,6.0,-6.49695992712084,-8.87492930591938,499.1850000000002,5.565700000000003,2.736921740737676,0.3027709026758801,95.83,5,3,6,False,CHEMBL1957955,1.0,CHEMBL1761568,0.6035251645784667,1.0,0.17
Cc1ccc(-c2ccc3occ(-c4ccc(F)cc4)c3c2)o1,CHEMBL573007,110.0,-8.06643368002051,-8.06461319564511,292.309,5.807320000000003,2.087247395648296,0.4659212777335276,26.28,2,0,2,True,CHEMBL573007,1.0,CHEMBL1644623,0.6456505576208178,1.0,0.0909090909090909
O=C(CN1C(=O)CCc2ncccc21)Nc1scc(Cl)c1-c1nccs1,,,-6.879672452,-8.042225751,404.904,3.8379,2.910342105,0.716420106,75.19,6,1,4,True,CHEMBL4796925,0.558274776,696024,1.0,0.147368421,1.0
Cc1cc(-c2ccccc2Cl)nc(Nc2n[nH]c3ncc(F)cc23)c1C,CHEMBL3661032,300.0,-9.25003174907491,-7.73915294733316,367.8150000000001,5.172840000000002,2.665065872000044,0.5237069144781207,66.49000000000001,4,2,3,True,CHEMBL3661032,1.0,50383511,0.5439146800501882,1.0,0.1685393258426966
COc1cccc2c(C3=C(c4cn(C)c5cc(C(F)(F)F)ccc45)C(=O)NC3=O)coc12,CHEMBL482632,830.0,-8.18208483640719,-8.72571429331969,440.3770000000001,4.519100000000003,2.791714724245548,0.4757442581693963,73.47,5,1,3,True,CHEMBL482632,1.0,CHEMBL1644630,0.6521739130434783,1.0,0.09375
COc1cccc(Nc2nccc(-c3cnn4nc(OC)ccc34)n2)c1,13910,100.0,-8.88496627408865,-9.23792104051009,348.3660000000001,2.9471000000000007,2.534214104848276,0.5931746630449442,86.46000000000001,8,1,5,True,13910,1.0,51238049,0.5950698932812265,1.0,0.1216216216216216
Cn1cc(C2=C(c3coc4ccccc34)C(=O)NC2=O)c2ccc(O)cc21,CHEMBL503469,15.0,-9.46426330275998,-8.74202611148709,358.3530000000001,3.197300000000001,2.6536260617381213,0.5390933650781186,84.47000000000001,5,2,2,True,CHEMBL503469,1.0,CHEMBL399168,0.6057932656962212,1.0,0.0875
Cn1cc(C2=C(c3coc4ccc(F)cc34)C(=O)NC2=O)c2cc(Cl)ccc21,CHEMBL523113,42.0,-7.79884746201799,-8.47929761920624,394.78900000000016,4.284200000000002,2.6445053051300427,0.5158877045136652,64.24000000000001,4,1,2,True,CHEMBL523113,1.0,CHEMBL4551217,0.6128120004918234,1.0,0.1529411764705882
Cn1c(NCCC2CCCCC2)nc(-c2ccncc2)cc1=O,CHEMBL3093049,39.0,-7.78496506037914,-7.35660209801114,312.41700000000003,3.224600000000001,2.380090404431929,0.920620674152242,59.81,5,1,5,True,CHEMBL3093049,1.0,CHEMBL246543,0.6081605351170569,1.0,0.1764705882352941
CC(O)CNc1nccc(-n2c(CC#N)cnc2-c2ccc3ccccc3c2)n1,,,-7.749006041,-11.84554666,384.443,3.34128,3.225051509,0.5288474,99.65,7,2,6,True,14630,0.505235301,784813,1.0,0.163043478,1.0
O=C1Cc2c([nH]c3ccc(Br)cc23)-c2ccccc2N1,CHEMBL296586,23.0,-8.40015591045704,-7.08012091324291,327.181,4.092000000000002,2.3035131428715427,0.6416609516725437,44.89,1,2,0,True,CHEMBL296586,1.0,CHEMBL1946329,0.553360275407873,1.0,0.0779220779220779
O=C(Nc1cc(-c2cn(-c3ccccc3)c3cnccc23)ccn1)C1CC1,CHEMBL4648047,630.0,-8.68102708903091,-7.2683283984639,354.4130000000001,4.436000000000003,2.3300611127630457,0.5894436114196713,59.81,4,1,4,True,CHEMBL4648047,1.0,CHEMBL400863,0.5468105748241572,1.0,0.1529411764705882
COc1ccc(C2CN(c3nc(-c4ccncn4)cc(=O)n3C)CCN2)cc1OC,CHEMBL4082944,7.8,-7.72407991496173,-7.64719455592068,408.4620000000002,1.4053999999999998,3.116056710097621,0.6772195045102596,94.40000000000002,9,1,5,True,CHEMBL4082944,1.0,50659452,0.5448418306337646,1.0,0.102803738317757
COc1cccc(C2=C(Nc3cc(Cl)c(O)c(Cl)c3)C(=O)NC2=O)c1,CHEMBL157348,142.0,-8.44928645497574,-8.48915016920976,379.19900000000007,3.1872000000000016,2.442027824805404,0.5611447600774874,87.66,5,3,4,True,CHEMBL157348,1.0,CHEMBL1784665,0.6055465407877267,1.0,0.125
O=C(Nc1cncc(C(=O)NC2CCN(Cc3cccc(Cl)c3)CC2)c1)c1ccnc(NC(=O)C2CC2)c1,CHEMBL4854209,63.0,-8.34472098922065,-8.02931160172192,533.0320000000002,4.125200000000002,2.4561338497379186,0.4015840604043008,116.32,6,3,8,True,CHEMBL4854209,1.0,CHEMBL3355150,0.5472613604553513,1.0,0.2268041237113402
N#Cc1ccc(Nc2ncc(Cl)c(Nc3ccccc3C(N)=O)n2)cc1,,,-9.082744653,-8.077906227,364.796,3.58778,2.205618679,0.636529011,116.72,6,3,5,True,CHEMBL188938,0.691363312,CHEMBL3220500,1.0,0.25,1.0
COc1cc(NC(=O)c2cccc(-n3cc(NC(=O)Nc4ccccc4Cl)cn3)c2)cc(OC)c1OC,,,-7.768427414,-7.722238171,521.961,5.4478,2.331007494,0.283878854,115.74,7,3,8,True,50943622,0.592023928,200726,1.0,0.15625,1.0
Cc1cc(CCCNc2cc(Cl)cn3c(=O)[nH]nc23)ccn1.Cl,51195502,818.0,-8.2804815493878,-8.26321678221501,354.24100000000004,2.845920000000001,2.761747946050757,0.6912151473181858,75.08,5,2,5,True,51195502,1.0,CHEMBL1083185,0.6351583216346903,1.0,0.0952380952380952
c1ccc2c(c1)Cc1cccc3[nH]nc-2c13,,,-9.056846282,-8.321086061,206.248,3.1341,2.252460975,0.470166621,28.68,1,1,0,True,29987,0.682688125,CHEMBL4462592,1.0,0.318181818,1.0
NS(=O)(=O)c1ccc(-c2cnc3cccc(Nc4ccccn4)c3c2)cc1,,,-7.551263031,-7.337417843,376.441,3.6878,2.129303477,0.565989289,97.97,5,2,4,True,CHEMBL4450851,0.566462668,CHEMBL400863,1.0,0.095238095,1.0
COC1CCC(NC(=O)c2n[nH]cc2NC(=O)c2ccccc2Nc2cccc(C)c2C)CC1,50234867,30.0,-7.23597958383905,-8.00775383969331,461.56600000000026,4.709840000000003,2.7069967942469653,0.4075435030564861,108.14,5,4,7,True,50234867,1.0,CHEMBL1923208,0.5384693257744483,1.0,0.1888888888888888
O=C1NC(=Nc2ccccc2)SC1=Cc1ccc(O)cc1,CHEMBL3968891,27.7,-8.9000870330254,-8.88687928446379,296.351,3.283800000000001,2.6331969621723967,0.8359910487371396,61.69,4,2,2,True,CHEMBL3968891,1.0,CHEMBL440566,0.6855325914149444,1.0,0.15625
O=Nc1c(C2C(=O)Nc3ccc(I)cc32)[nH]c2ccccc12,50506660,9.0,-7.62730280998898,-7.10039534746831,403.179,4.254400000000002,3.34809236217205,0.4959978432106551,74.32,3,2,2,False,50506660,1.0,696099,0.5477503984307956,1.0,0.0721649484536082
N#Cc1ccc2c(c1)NC(=CC(=O)c1cccc3ccccc13)C(=O)N2,,,-8.07170541,-9.191289359,339.354,3.84228,2.491097182,0.548823753,81.99,4,2,2,True,CHEMBL3545157,0.620498615,CHEMBL4795574,1.0,0.2,1.0
Cc1nc2c(cnn2-c2csc(C(=O)NC3COC3)c2)cc1Nc1c(F)cccc1Cl,,,-7.739248679,-10.06064719,457.918,4.45512,2.98672748,0.462317915,81.07,7,2,5,True,1216168,0.593411265,CHEMBL4845770,1.0,0.166666667,1.0
CCNCc1ccc(CN=Nc2ncnc3c2cnn3-c2cccc(OC)c2)cc1,14676,3.98,-7.92640819020813,-8.32434197677967,401.4740000000001,4.217500000000004,2.788829976794135,0.4466370456420628,89.58,8,1,8,False,14676,1.0,CHEMBL4783382,0.6218731820826062,1.0,0.1313131313131313
CCSc1ccncc1NC(=O)c1ccnc2[nH]c(-c3ccc(N4CCCC4)cc3)nc12,51304696,3.0,-7.72991893741001,-8.22250946017482,444.56400000000025,4.984400000000004,2.662117388877116,0.4078062431129377,86.8,6,2,6,False,51304696,1.0,CHEMBL3099972,0.6363733219688898,1.0,0.2258064516129032
CN1CCCC1CNC(=O)c1cc(-n2cc(NC(=O)Nc3ccccc3Cl)cn2)cs1,,,-8.561045419,-7.972875278,458.975,4.0552,3.092431148,0.519212706,91.29,6,3,6,True,CHEMBL4559169,0.575457917,CHEMBL4798047,1.0,0.181818182,1.0
N#CCCN1CCC2CCN(c3ncnc4[nH]c5cc(I)ccc5c34)C2C1,CHEMBL5071096,125.89,-8.60451900986571,-8.17953445054481,472.3340000000001,3.529980000000002,3.695587718616366,0.5911152127393564,71.84,5,1,3,False,CHEMBL5071096,1.0,CHEMBL4442806,0.6385542168674698,1.0,0.1368421052631579
COC(=O)c1ccc(CSc2nnc(-c3ccc4c(c3)OCCO4)o2)cc1,CHEMBL2064520,36.0,-6.78569088396421,-7.43104504781017,384.4130000000002,3.586700000000002,2.2098589706014096,0.4874590363383262,83.68,8,0,5,True,CHEMBL2064520,1.0,CHEMBL4851793,0.5977386934673367,1.0,0.1222222222222222
O=C(Cc1cccc2ccccc12)Nc1ccsc1-c1nc[nH]n1,,,-7.986467654,-9.144211492,334.404,3.8676,2.699427604,0.595046978,70.67,4,2,4,True,CHEMBL406062,0.581499593,CHEMBL1287916,1.0,0.263888889,1.0
O=C(O)c1ccc(Nc2ncc(C(F)(F)F)c(Nc3ccccc3)n2)cc1,CHEMBL256306,490.0,-8.06805764353927,-8.12931692644767,374.322,4.680800000000002,2.096421103538427,0.6010638136511327,87.14,5,3,5,True,CHEMBL256306,1.0,CHEMBL3394111,0.5543006081668115,1.0,0.1573033707865168
N#Cc1ccccc1-c1ccc(CSc2nnc(-c3ccc4c(c3)OCO4)o2)cc1,CHEMBL2064533,39.0,-7.23659263157552,-7.74785086310278,413.45800000000014,5.296280000000003,2.332109642072675,0.4108763709591925,81.17,7,0,5,True,CHEMBL2064533,1.0,CHEMBL3393596,0.6593662057995839,1.0,0.1222222222222222
Cn1c(N2CCOC(c3ccc(C#N)cc3F)C2)nc(-c2ccncn2)cc1=O,CHEMBL3091543,6.5,-7.4299438937761,-9.36407655373822,392.3940000000001,1.82598,3.2804117366481838,0.6706858450505876,96.93,8,0,3,True,CHEMBL3091543,1.0,CHEMBL1644625,0.7079271421241662,1.0,0.1382978723404255
NC1=NC(=O)C(=C2CCNC(=O)c3[nH]cc(Br)c32)N1,111085,90.0,-9.21829032133004,-8.98470296628306,324.138,0.0663000000000004,3.662803370229887,0.5057919708796222,112.36999999999998,4,4,0,True,111085,1.0,CHEMBL1761573,0.511699327288681,1.0,0.0512820512820512
CCC(=O)Nc1cccc(C(=O)Nc2cccc(Nc3cc(-c4c(-c5ccc(F)cc5)nc(SC)n4C)ccn3)c2)c1,,,-7.624102374,-8.851541447,580.689,7.3545,2.651894274,0.157624984,100.94,7,3,9,True,CHEMBL1272270,0.515664845,CHEMBL4077684,1.0,0.602739726,1.0
CSc1nc(-c2ccc(F)cc2)c(-c2ccnc(NC(=O)C3CC3c3ccccc3)c2)[nH]1,CHEMBL4442468,808.0,-7.79295841684305,-10.2535998498742,444.53500000000014,5.741900000000004,3.199970824613237,0.3720565055292378,70.67,4,2,6,True,CHEMBL4442468,1.0,CHEMBL4074524,0.7019482062247564,1.0,0.4788732394366197
Cc1ncn(-c2ccc(Nc3nccc(-c4cc(C#N)cc(N5CCOCC5)c4)n3)cc2)n1,,,-9.344615701,-8.154840193,438.495,3.4846,2.71218252,0.50492852,104.78,9,1,5,True,CHEMBL4749550,0.572447912,CHEMBL570554,1.0,0.125,1.0
O=C1Cc2c(n(CCO)c3ccc(Br)cc23)-c2ccccc2N1,CHEMBL99803,299.92,-7.61750903547544,-8.6558979911969,371.2340000000001,3.5577000000000014,2.4879642484983098,0.7239630062087293,54.260000000000005,3,2,2,True,CHEMBL99803,1.0,50383516,0.5233009708737864,1.0,0.1587301587301587
COc1ccc(-c2[nH]c3nccnc3c2C(C)C)cc1,CHEMBL309347,500.0,-7.85261324284902,-8.02443747257962,267.332,3.7569000000000017,2.3788672123954875,0.7857608983223957,50.8,3,1,3,True,CHEMBL309347,1.0,CHEMBL3577873,0.549818587775607,1.0,0.16
Cn1c(N2CCOC(c3ccccc3F)C2)nc(-c2ccncn2)cc1=O,CHEMBL3091539,3.2,-6.84215845024279,-8.23493430389142,367.38400000000007,1.9543,3.0829562516922917,0.704604875011335,73.14,7,0,3,True,CHEMBL3091539,1.0,CHEMBL1644625,0.6658021008948256,1.0,0.1764705882352941
COc1ccccc1C1=C(Nc2cccc(Cl)c2)C(=O)NC1=O,CHEMBL156277,14.0,-8.88835400386065,-8.01210743398646,328.75500000000005,2.8282000000000007,2.181067346938331,0.846909253713458,67.43,4,2,4,True,CHEMBL156277,1.0,CHEMBL1644629,0.638880918220947,1.0,0.16
CN1CCN(C)CCn2cc(c3ccccc32)C2=C(C(=O)NC2=O)c2cn(c3ccccc23)CCN(C)CC1,CHEMBL103628,43.0,-2.84302976460867,-2.64419311774044,524.6690000000003,2.972200000000001,4.889602372294844,0.358568272699359,65.75,7,1,0,False,CHEMBL103628,1.0,CHEMBL3356001,0.2363366847125547,1.0,0.1145833333333333
CN1CCN(c2nc(-c3ccncn3)cc(=O)n2C)CC1,CHEMBL4071667,630.0,-7.52275089924805,-8.07604409370425,286.3390000000001,-0.0108999999999996,2.451745158893708,0.7733216014465014,67.15,7,0,2,True,CHEMBL4071667,1.0,CHEMBL220227,0.5852003786683496,1.0,0.1343283582089552
CNC(=O)c1sc(-c2ccnc(NC(=O)CNCCNc3c4c(nc5ccccc35)CCCC4)c2)nc1OC,51376224,41.0,-8.06790766868792,-6.79068716508841,545.6690000000004,3.640500000000002,2.980063646665677,0.2223548699011952,130.16,9,4,10,True,51376224,1.0,CHEMBL2376910,0.5235255135851558,1.0,0.1810344827586207
COc1ccc(-c2c[nH]c3ncc(C=CC(=O)NCc4ccncc4)cc23)cc1,CHEMBL4468662,0.508,-10.1558709560595,-9.38951915064033,384.4390000000001,3.9631000000000016,2.386862568580048,0.4932289174600803,79.89999999999999,4,2,6,False,CHEMBL4468662,1.0,CHEMBL1923200,0.644189891355692,1.0,0.1818181818181818
Nc1c(F)c(NCCNc2ccccn2)c2c3c1c(=O)c(C(=O)O)cn3C1(CCCC1)CCO2,CHEMBL1940904,250.0,-6.648726970359,-4.84710451902216,467.5010000000004,3.3918000000000017,3.61202151465086,0.320475502865752,131.49999999999997,8,4,6,True,CHEMBL1940904,1.0,50383517,0.3872624550590652,1.0,0.0689655172413793
C=CC(=O)Nc1cccc(C(=O)Nc2ccc(Nc3cc(-c4[nH]c(SC)nc4-c4ccc(F)cc4)ccn3)cc2)c1,,,-7.537605719,-11.44116047,564.646,7.1201,2.669363932,0.112046792,111.8,6,4,9,False,CHEMBL4293305,0.494649417,CHEMBL4062023,1.0,0.176470588,1.0
NC1=NONC1N1NN=C(C(=O)NN=Cc2ccncc2)C1CN1CCCCC1,50323572,100.0,-7.16162292655178,-7.35665728084097,400.4470000000003,-1.304499999999995,4.35800602534121,0.3404277776163834,144.86,11,4,6,False,CHEMBL197077,1.0,CHEMBL3220488,0.5935202205882353,1.0,0.1386138613861386
O=C(NCC1CCCCO1)c1n[nH]c2ccc(-c3cccc(F)c3F)cc12,1216144,436.0,-9.18430410144419,-8.42632269623708,371.38700000000006,3.807000000000002,2.805749151100576,0.7329459569271514,67.00999999999999,3,2,4,True,1216144,1.0,CHEMBL400863,0.5862068965517242,1.0,0.1195652173913043
CC(C)c1onc(-c2ccc(F)cc2)c1-c1ccncc1,,,-7.046935629,-9.137662269,282.318,4.6661,2.217371313,0.70059489,38.92,3,0,3,True,111099,0.559860181,CHEMBL220227,1.0,0.08974359,1.0
COCc1cccc2c(C3=C(c4coc5ccccc45)C(=O)NC3=O)cn(C)c12,CHEMBL491647,0.23,-7.79018182881689,-8.38036999163908,386.40700000000015,3.6381000000000014,2.740902363597222,0.5436891913701222,73.47,5,1,4,True,CHEMBL491647,1.0,CHEMBL1644618,0.614634733421591,1.0,0.1011235955056179
COc1cccc(C2=C(c3cn(C)c4ccccc34)C(=O)NC2=O)c1,CHEMBL293542,90.0,-9.75573417374084,-8.8350181858811,332.3590000000001,2.7540999999999998,2.252396848310987,0.750397966895032,60.33,4,1,3,True,CHEMBL293542,1.0,CHEMBL1088633,0.6463451622687291,1.0,0.1884057971014492
CNC(=O)c1sc(-c2ccnc(NC(=O)C3CC3)c2)nc1OCCOCc1cn(CCNc2c3c(nc4cc(Cl)ccc24)CCCC3)nn1,51376206,26.0,-10.8210548898333,-7.8611782710367,702.241,5.292800000000004,3.399043282794322,0.1299410031538339,158.07,12,3,14,True,51376206,1.0,CHEMBL3393604,0.3495404516055826,1.0,0.1578947368421052
O=C1NC(=O)C(c2cccc([N+](=O)[O-])c2)=C1Nc1ccc(O)c(Cl)c1,CHEMBL345348,59.0,-9.10336664672736,-7.76729574496461,359.725,2.4334,2.459383677648216,0.3333939558716008,121.57,6,3,4,False,CHEMBL345348,1.0,CHEMBL4464624,0.619668083939103,1.0,0.2236842105263158
Cc1ccc2c(-c3ccnc(Nc4ccc5c(c4)OCCO5)n3)c(-c3cccc(C(F)(F)F)c3)nn2n1,13964,158.0,-7.69219806672719,-8.01784499412851,504.4720000000002,5.695320000000003,2.8348412293069725,0.3362632015866587,86.46000000000001,8,1,4,True,13964,1.0,CHEMBL3220490,0.5954505877231171,1.0,0.1170212765957446
O=C1NC(=O)C(c2ccccc2[N+](=O)[O-])=C1Nc1ccc(Cl)c(C(=O)O)c1,CHEMBL160586,28.0,-7.54400774203588,-6.67873654000446,387.73500000000007,2.426,2.4635186853307456,0.4064217873254926,138.64,6,3,5,False,CHEMBL160586,1.0,CHEMBL1822308,0.4903232900813723,1.0,0.1237113402061855
CC(C)NC(=O)NC1CCC(Nc2ncc3ccc(=O)n(C)c3n2)CC1,,,-8.876144934,-9.735849919,358.446,1.7592,2.546028857,0.773061789,100.94,6,3,4,True,CHEMBL3960209,0.557744398,CHEMBL3577876,1.0,0.134831461,1.0
COCCn1cc(C2=C(c3coc4ccccc34)C(=O)NC2=O)c2cc(Br)ccc21,51194960,82.0,-7.55636175431474,-8.08876239024213,465.3030000000001,4.363600000000003,2.674543442398297,0.4448270788967101,73.47,5,1,5,True,51194960,1.0,CHEMBL1644616,0.5687476062811183,1.0,0.0864197530864197
O=C(Cc1cccc2ccccc12)Nc1ccsc1-c1nnc[nH]1,,,-7.985738532,-9.142414242,334.404,3.8676,2.60062847,0.595046978,70.67,4,2,4,True,CHEMBL406062,0.581070071,50611579,1.0,0.263888889,1.0
O=C1NC(=O)C(c2ccccc2Cl)=C1Nc1cccc(Cl)c1,CHEMBL156506,195.0,-8.58799327641102,-7.98044012993764,333.174,3.4730000000000008,2.1949640519758398,0.8458524952615659,58.2,3,2,3,True,CHEMBL156506,1.0,CHEMBL1644629,0.6297312915342387,1.0,0.1527777777777778
O=C(Nc1n[nH]c2nc(-c3ccc(O)cc3)c(Cl)cc12)C1CC1,CHEMBL260664,1.0,-7.58620252417621,-8.33834476609984,328.7590000000002,3.3324000000000007,2.45379610433478,0.6874186817919911,90.9,4,3,3,True,CHEMBL260664,1.0,CHEMBL383177,0.6395492435937018,1.0,0.2258064516129032
CCCC(=O)Nc1n[nH]c2cc(-c3ccsc3)ccc12,CHEMBL1083208,935.0,-8.35712769816107,-7.5597033511417,285.372,4.030000000000002,2.3500433815983346,0.7600160891286225,57.78,3,2,4,True,CHEMBL1083208,1.0,CHEMBL4754904,0.6647360582492139,1.0,0.1911764705882352
NC1CCC(Nc2ncc3nc(Nc4ccc(F)cc4F)n(C4CCCC4)c3n2)CC1,,,-7.366540113,-10.68955683,427.503,4.645,2.756072934,0.549023474,93.68,7,3,5,True,50721054,0.581577496,50715940,1.0,0.104761905,1.0
Cl.O=c1[nH]nc2c(NCCCc3ccncc3)cc(Cl)cn12,51195514,111.0,-8.63627004473946,-8.49966579232929,340.214,2.5375000000000005,2.6445040023480484,0.7001749791649442,75.08,5,2,5,True,51195514,1.0,CHEMBL1681992,0.6442879499217528,1.0,0.1052631578947368
CCNC(=O)N1CCC(Nc2ncc(Cl)c(-c3c[nH]c4ccccc34)n2)CC1,,,-8.880396528,-8.079312322,398.898,3.8841,2.497270793,0.622011525,85.94,4,3,4,True,CHEMBL599224,0.583042274,CHEMBL248176,1.0,0.35443038,1.0
O=C1NC(=O)C(c2nnc3ccccn23)=C1c1cn(CCCN2CCOCC2)c2ccccc12,CHEMBL3398205,199.7,-9.05555356630019,-8.24557911151876,456.5060000000004,1.9734999999999996,2.803285246269171,0.4461491307950094,93.76,8,1,6,True,CHEMBL3398205,1.0,CHEMBL1644618,0.6283284851197135,1.0,0.1263157894736842
COc1cccc(-n2ncc3c(NN=Cc4ccc(OCCN(C)C)cc4)ncnc32)c1,CHEMBL303321,6.31,-8.97611218246361,-8.03631062973798,431.5000000000002,3.210500000000001,2.469783082346309,0.3214600623432449,89.69000000000001,9,1,9,False,CHEMBL303321,1.0,CHEMBL1771711,0.5896062992125984,1.0,0.1515151515151515
O=C(NC1CCOC1)c1n[nH]c2ccc(-c3cccc(F)c3F)cc12,CHEMBL4633141,130.0,-9.36660723752616,-8.14249186988169,343.3330000000001,3.026800000000001,2.862806230172925,0.7681366597570565,67.00999999999999,3,2,3,True,CHEMBL4633141,1.0,CHEMBL3220500,0.5945150501672241,1.0,0.0978260869565217
CCCNc1nccc(-c2c(-c3ccc(F)cc3)nc3n2C(Cc2ccc(OC)cc2)CC3)n1,,,-7.05791562,-8.666082554,457.553,5.7067,3.056598849,0.367319627,64.86,6,1,8,True,CHEMBL1080901,0.58625498,CHEMBL1094013,1.0,0.161904762,1.0
O=C1NC(=O)C(c2ccccc2[N+](=O)[O-])=C1Nc1ccc(O)c(Cl)c1,CHEMBL322970,50.0,-9.15336053721322,-7.55302845099297,359.725,2.4334,2.5020318381833317,0.3333939558716008,121.57,6,3,4,False,CHEMBL322970,1.0,CHEMBL1784665,0.639210242171834,1.0,0.1212121212121212
O=C1NC(=O)C(c2ccccc2Cl)=C1Nc1cccc(O)c1,CHEMBL160937,374.0,-9.62076691081452,-8.18051023164776,314.728,2.5252,2.283586136343086,0.7607243319433188,78.43,4,3,3,True,CHEMBL160937,1.0,CHEMBL248643,0.6640106241699868,1.0,0.1076923076923077
O=C1NC(=O)C(N2CCc3ccccc32)=C1c1cccc([N+](=O)[O-])c1,CHEMBL156153,161.0,-10.1596537316498,-8.75036076895747,335.3190000000001,2.0249999999999995,2.51833660995779,0.5261934905366374,92.55,5,1,3,False,CHEMBL156153,1.0,79831,0.5522610343893853,1.0,0.1162790697674418
Cc1cc(-c2cc(-c3ccccc3)[nH]c(=O)n2)ccc1O,CHEMBL501724,17.2,-8.88292123689253,-8.74454363893058,278.31100000000004,3.117920000000002,2.1233997742783224,0.7565624140265935,65.98,3,2,2,True,50624929,1.0,CHEMBL248643,0.676717491862258,1.0,0.1639344262295081
CN(C)CCCn1nc(C2=C(c3cn(-c4ccccc4)c4ccccc34)C(=O)NC2=O)c2ccccc21,CHEMBL366668,270.0,-9.05993921196921,-7.98177027532122,489.5790000000002,4.499100000000004,2.6816445362803734,0.3418973801990871,72.16,6,1,7,True,CHEMBL366668,1.0,51422453,0.46462681287584,1.0,0.202127659574468
COc1cccc(-n2ncc3c(N=NCc4ccc(NS(C)(=O)=O)cc4)ncnc32)c1,14678,15.85,-8.14068367273204,-8.32585607729841,437.4850000000001,3.4795000000000016,2.8316960977251284,0.4415439797254661,123.72,9,1,7,False,14678,1.0,CHEMBL4851793,0.5670067637280751,1.0,0.2359550561797752
COc1ccccc1C1=C(Nc2cccc(C#N)c2)C(=O)NC1=O,CHEMBL4875188,36.0,-8.99070031253602,-7.81867051037117,319.32000000000005,2.0464799999999994,2.317831446523956,0.841640615618939,91.22,5,2,4,True,CHEMBL4875188,1.0,CHEMBL248643,0.6328100470957614,1.0,0.0547945205479452
C=CC(=O)Nc1ccc(C(=O)Nc2ccc(Nc3cc(-c4[nH]c(SC)nc4-c4ccc(F)cc4)ccn3)cc2)cc1,,,-5.984243585,-7.540596811,564.646,7.1201,2.645147243,0.112046792,111.8,6,4,9,False,CHEMBL2386093,0.410734624,CHEMBL4082212,1.0,0.1,1.0
O=C1NCCC(=NNc2cccnc2Cl)c2c1[nH]c1ccc(F)cc21,111167,88.0,-9.60131819891146,-9.73389293657054,357.77600000000007,3.3051000000000013,2.90149354386895,0.4858580856383637,82.16999999999999,4,3,2,False,111167,1.0,CHEMBL1783589,0.5053070507960576,1.0,0.146067415730337
O=C1NC(=Nc2ccccc2Cl)SC1=C1C(=O)Nc2ccc(F)cc21,,,-8.57558095,-10.43797382,373.796,3.693,2.999307141,0.748768457,70.56,4,2,1,True,51185472,0.589820789,CHEMBL4470981,1.0,0.279411765,1.0
O=C(NCCCn1ccnc1)c1ccc(O)c2nc(-c3ccc(Cl)cc3Cl)[nH]c12,50721054,15.0,-7.01446765656539,-8.14986896263012,430.2950000000001,4.2589000000000015,2.615601344134758,0.3985781656967337,95.83,5,3,6,True,50721054,1.0,CHEMBL1761568,0.5690011981265657,1.0,0.1132075471698113
Cc1cccc(N2CCN(CCCNC(=O)c3nc(-c4cccnc4)no3)CC2)c1C,CHEMBL253532,630.0,-6.38603940821874,-6.80465890180878,420.5170000000002,2.6905400000000013,2.3565252420639364,0.588136639106314,87.39,7,1,7,True,CHEMBL253532,1.0,CHEMBL4862656,0.6472324723247233,1.0,0.1504424778761062
O=C(NCc1ccncc1)c1ncoc1-c1cccc(O)c1,CHEMBL1957086,630.96,-7.90275141642485,-7.21705718216821,295.298,2.3722000000000003,2.29723513603291,0.771129141003252,88.25000000000001,5,2,4,True,CHEMBL1957086,1.0,50383520,0.4259005927952576,1.0,0.1
Fc1cccc(CCc2nnc(-c3ccc4c(c3)CCO4)o2)c1,CHEMBL470380,340.0,-7.22261365620477,-7.76297098549102,310.3280000000001,3.5958000000000023,2.214570089715915,0.7385843074886712,48.150000000000006,4,0,4,True,CHEMBL470380,1.0,CHEMBL383177,0.6387630798063408,1.0,0.1014492753623188
CC(C)n1cc(C2=C(c3coc4ncccc34)C(=O)NC2=O)c2ccccc21,310204,190.0,-8.65262981209874,-8.78735505501319,371.3960000000001,3.930600000000002,2.825790236970356,0.5536906362682849,77.13,5,1,3,True,310204,1.0,50704570,0.6009574076347122,1.0,0.1176470588235294
c1ccc2cc(-c3[nH]nnc3-c3ccncc3)ccc2c1,,,-7.598744428,-9.130986124,272.311,3.6869,2.422463401,0.605205452,54.46,3,1,2,True,50855578,0.705312276,CHEMBL1784665,1.0,0.145833333,1.0
CNC(=O)c1cc(-n2ncc3cc(Nc4c(F)cccc4OC)c(F)cc32)cs1,,,-6.964473602,-9.345333632,414.437,4.477,2.827187623,0.505439599,68.18,6,2,5,True,CHEMBL3828571,0.580916403,CHEMBL4875476,1.0,0.186046512,1.0
Cn1cc(-c2ccc3cnc(Nc4ccc(-n5cnc(-c6ccccn6)n5)cc4)nc3c2)cn1,,,-9.817994034,-7.933329707,445.49,4.4166,2.696064565,0.419360331,99.23,9,1,5,True,CHEMBL304172,0.614104249,CHEMBL1761562,1.0,0.2,1.0
Cc1ccc(C(=O)Nc2ccc(Nc3nccc(-c4cccnc4)n3)cc2)cc1NC(=O)C=CCN(C)C,,,-6.757126142,-8.206790737,507.598,4.89922,2.52971409,0.276339356,112.14,7,3,9,False,CHEMBL4278287,0.513909686,188576,1.0,0.18487395,1.0
CC(C)C1COCCN1c1nc(-c2ccncc2F)cc(=O)n1C,CHEMBL3401120,14.0,-7.92260814808061,-8.72329247982128,332.3790000000001,1.8426,3.264524853095369,0.858289927184429,60.25,6,0,3,True,CHEMBL3401120,1.0,CHEMBL3577862,0.5512525194356463,1.0,0.2337662337662337
Nc1c(F)c(NCCc2ccncc2)c(F)c2c1c(=O)c(C(=O)O)cn2C1CC1,CHEMBL1834119,100.0,-8.16908863189422,-8.07310924002923,400.3850000000002,2.944600000000001,2.753990690751996,0.5489806000410922,110.23999999999998,6,3,6,True,CHEMBL1834119,1.0,784807,0.6706822519083969,1.0,0.1224489795918367
O=C1NC(=O)C(n2ccc3ncccc32)=C1c1cn(CCCn2ccnc2)c2ccc(Br)cc12,CHEMBL561066,140.0,-8.38405061900005,-6.69628953042389,515.3710000000002,4.065000000000002,3.050330742772667,0.3458297233101608,86.74,7,1,6,True,CHEMBL561066,1.0,CHEMBL1644639,0.4843291788856305,1.0,0.1009174311926605
Cn1c(N2CCNC(c3ccc(F)cc3)C2)nc(-c2ccncn2)cc1=O,CHEMBL4096984,8.6,-7.65701947582376,-8.78464643722505,366.4000000000001,1.5273,3.0890911629348947,0.7576490304505068,75.94,7,1,3,True,CHEMBL4096984,1.0,CHEMBL1946325,0.5487790897626963,1.0,0.1290322580645161
CN(C)C(=O)N1CCn2cc(C3=C(c4cccc5c4OCO5)C(=O)NC3=O)c3cccc(c32)C1,51159588,3.2,-10.0671991107876,-6.56627858255563,458.4740000000003,2.4344,2.995709086078845,0.5957827072374172,93.11,6,1,2,True,51159588,1.0,695875,0.5870808567904003,1.0,0.116504854368932
Cc1[nH]nc2c1C(c1ccccc1F)C1=C(CC(C)(C)CC1=O)N2,338307,87.0,-9.27550686674727,-7.04975131782692,325.38700000000006,4.057820000000002,3.309105335299733,0.8311613099114504,57.78,3,2,1,True,338307,1.0,79831,0.527874099759936,1.0,0.1547619047619047
CS(=O)(=O)Nc1ccc(CCNC(=O)c2ccc(O)c3[nH]c(-c4ccc(Cl)cc4)nc23)cc1,CHEMBL1957947,7.0,-8.34874324680847,-9.9793809228057,484.96500000000015,3.932900000000002,2.3789060578050663,0.3161248195558036,124.18000000000002,5,4,7,True,CHEMBL1957947,1.0,CHEMBL1761568,0.5471451548049859,1.0,0.1515151515151515
FC(F)(F)c1ccc(-c2nnc(Nc3ccccc3)o2)cc1,CHEMBL1630462,632.0,-8.25036640497864,-7.99070392961453,305.25900000000007,4.499000000000002,1.9927453352087348,0.7738100285215129,50.95,4,1,3,True,CHEMBL1630462,1.0,CHEMBL3393595,0.7175206611570248,1.0,0.1044776119402985
O=C(Cc1cc(F)cc2ncccc12)Nc1scc(Br)c1-c1nnc[nH]1,,,-7.236131998,-8.457126943,432.278,4.1642,3.071053489,0.507390008,83.56,5,2,4,True,CHEMBL3828624,0.668857727,50659437,1.0,0.151162791,1.0
COc1ccc2[nH]nc(C(=O)NCC3CCN(Cc4nc(C(=O)O)cs4)CC3)c2c1,CHEMBL3735779,50.0,-8.8645867445659,-7.64651587563424,429.5020000000002,2.3682000000000007,2.5299010452605515,0.5272108040813186,120.43999999999998,7,3,7,True,CHEMBL3735779,1.0,CHEMBL572283,0.5147326690238937,1.0,0.0849056603773584
CCN1CCC(n2nc(-c3ccnc(NC4CCOCC4)c3)n(-c3ccc4ccccc4c3)c2=O)CC1,,,-8.008601219,-7.943028151,498.631,4.4969,2.827873585,0.421964617,77.21,8,1,6,True,CHEMBL4461695,0.513407393,CHEMBL1644644,1.0,0.194174757,1.0
O=C(NCCN1CCOCC1)c1cccc(-n2ncc3cc(Nc4ccccc4Cl)ncc32)c1,,,-8.139957322,-8.822617142,476.968,3.8795,2.491270477,0.420891735,84.31,7,2,7,True,50234923,0.58090131,CHEMBL2376931,1.0,0.181818182,1.0
CNC(=O)c1sc(-c2ccnc(NC(=O)C3CC3)c2)nc1OCCCc1cn(CCNc2c3c(nc4ccccc24)CCCC3)nn1,51376203,64.0,-7.56410188630747,-6.28257261785039,651.797,5.055400000000004,3.269807651243511,0.1486810110720754,148.84000000000003,11,3,13,True,51376203,1.0,CHEMBL3393604,0.2983555207517619,1.0,0.2056737588652482
COc1ccccc1Nc1nnc(Cn2c(C)nc3ccccc32)s1,CHEMBL3828150,184.0,-7.10148768291693,-7.22077988597944,351.435,3.9967200000000025,2.191169465892134,0.588709536590342,64.86,7,1,5,True,CHEMBL3828150,1.0,CHEMBL1822136,0.574293750764339,1.0,0.1052631578947368
N#Cc1ccc(F)c(-c2c[nH]c(=O)c3cc(-c4ccncc4)sc23)c1,51023138,5.01,-8.4002606027201,-8.85893989158186,347.374,4.329380000000001,2.648780082330489,0.5866462317386383,69.53999999999999,4,1,2,True,51023138,1.0,CHEMBL400863,0.5689765594978865,1.0,0.1309523809523809
Cc1nc(-c2ccc3c(c2)OCO3)c(-c2ccnc(NC(=O)C3CC3)c2)[nH]1,CHEMBL4518273,467.0,-7.62951766373841,-9.31843783424451,362.38900000000007,3.524320000000001,2.512431878997784,0.7411367824969672,89.13,5,2,4,True,CHEMBL4518273,1.0,CHEMBL1644630,0.7156000541198755,1.0,0.410958904109589
COc1cccc(-n2ncc3c(N=NCc4ccccc4F)ncnc32)c1,14662,126.0,-6.92433341677485,-8.58578729140741,362.36800000000005,4.247100000000002,2.768931609355061,0.4974089328161925,77.55,7,0,5,False,14662,1.0,CHEMBL4851793,0.6371136720796229,1.0,0.2068965517241379
Nc1ncnc2oc(-c3cccnc3)c(-c3ccc(NS(=O)(=O)c4ccccc4)cc3)c12,CHEMBL258081,30.0,-7.521195469879,-6.85457505954934,443.4880000000001,4.334800000000002,2.447548839170132,0.4140561292320372,124.0,7,2,5,True,CHEMBL258081,1.0,CHEMBL571434,0.5184516646610509,1.0,0.1414141414141414
COc1ccc(Nc2ncc3nc(Nc4ccccc4F)n(C4CCC(N)CC4)c3n2)cc1,,,-7.794515825,-10.40714124,447.518,4.9036,2.569866526,0.386086473,102.91,8,3,6,True,13929,0.548387097,CHEMBL1946339,1.0,0.204301075,1.0
O=C(Cn1c(=O)ccc2cnc(C(F)(F)F)cc21)Nc1scc(Br)c1-c1ncn[nH]1,,,-7.338432345,-7.693355221,499.272,3.6631,3.117754802,0.446149456,105.56,7,2,4,True,346055,0.487371575,CHEMBL1822141,1.0,0.107843137,1.0
CNC(=O)c1ccccc1Nc1cc(Nc2ccc(C(=O)N(C)C)cc2)ncc1C(F)(F)F,,,-9.124059491,-8.13997664,457.456,4.649,2.431479084,0.501820662,86.36,5,3,6,True,50664221,0.587160921,CHEMBL3220470,1.0,0.117021277,1.0
CC1COc2c(NCCCn3ccnc3)c(F)c(N)c3c(=O)c(C(N)=O)cn1c23,CHEMBL1940983,180.0,-8.88793684443045,-7.69766930385898,400.4140000000002,1.4737999999999998,3.525879103551696,0.4243342004347855,130.19,8,3,6,True,CHEMBL1940983,1.0,CHEMBL571434,0.4927234927234927,1.0,0.0862068965517241
O=C(Nc1cnn(-c2cccc(C(=O)Nc3cnn(C4CCNCC4)c3)c2)c1)Nc1ccccc1Cl,,,-8.261906489,-9.176080328,504.982,4.543,2.642569857,0.307220088,117.9,7,4,6,True,CHEMBL521871,0.60496614,CHEMBL3355177,1.0,0.114035088,1.0
Cc1ccc2nc3c(nc2c1)-c1ccccc1C3=NO,,,-8.19926106,-8.083444886,261.284,3.14522,2.35677309,0.390538556,58.37,4,1,0,True,CHEMBL1276127,0.675032057,51237972,1.0,0.13559322,1.0
CS(=O)(=O)Nc1ccc(CCNC(=O)c2ccc(O)c3[nH]c(-c4ccccc4)nc23)cc1,CHEMBL399140,25.0,-8.49750371151855,-9.92474049209337,450.52000000000015,3.2795000000000005,2.319526070375648,0.3439759726278047,124.18000000000002,5,4,7,True,CHEMBL399140,1.0,CHEMBL1761568,0.5510330578512397,1.0,0.1428571428571428
COc1cc(Nc2nccc(-c3cnn4ncccc34)n2)cc(C(F)(F)F)c1,13901,10.0,-8.5696531374169,-8.74494084839411,386.3370000000001,3.957300000000002,2.6767727369703547,0.572194227522789,77.23,7,1,4,True,13901,1.0,CHEMBL246543,0.6234064252932178,1.0,0.2111111111111111
Cc1ccccc1C1C2=C(CC(C)(C)CC2=O)Nc2n[nH]c(C)c21,338310,102.0,-9.31787715361542,-5.96833066359945,321.424,4.227140000000003,3.2932545890310765,0.8262597152316685,57.78,3,2,1,True,338310,1.0,CHEMBL1784093,0.495585126228081,1.0,0.1097560975609756
CS(=O)(=O)Nc1ccc(-c2cnc3cccc(Nc4ccc(F)cn4)c3c2)cc1,,,-8.219674775,-7.549483246,408.458,4.551,2.263820621,0.50608815,83.98,5,2,5,True,CHEMBL2064522,0.632048581,CHEMBL248984,1.0,0.090909091,1.0
CN(C)CCCC(=O)Nc1cc(C(=O)O)cc(-c2n[nH]c3cc(Nc4ccccc4Cl)ccc23)c1,,,-7.320493007,-8.778024892,491.979,5.6054,2.488084692,0.242204988,110.35,5,4,9,True,CHEMBL407730,0.530634146,CHEMBL1092764,1.0,0.255102041,1.0
CNC(=O)c1sc(-c2ccnc(NC(=O)CNCCCCCCNc3c4c(nc5ccccc35)CCCC4)c2)nc1OCC1CC1,CHEMBL4800403,62.0,-8.91572705883187,-7.4012499032243,641.8420000000001,5.981100000000006,3.160728310713587,0.1100105236923258,130.16,9,4,16,True,CHEMBL4800403,1.0,CHEMBL1923211,0.3074520936834635,1.0,0.1452991452991453
COc1ccc(C=C2SC(O)=NC2=O)cc1S(=O)(=O)O,50612550,537.0,-6.65764454804076,-7.96756417264409,315.32800000000003,1.4702000000000002,2.6986363082119507,0.6410363882877435,113.26,5,2,3,False,50612550,1.0,CHEMBL1946329,0.6080935528542852,1.0,0.0632911392405063
NC(=O)c1nc(-c2ccc(F)c(C(F)(F)F)c2)c(-c2ccnc(NC(=O)C3CC3)c2)[nH]1,CHEMBL4461695,79.0,-8.08274938563523,-10.1133654101718,433.3650000000001,3.7440000000000015,2.738337549756244,0.5320250096521926,113.76,4,3,5,True,CHEMBL4461695,1.0,CHEMBL4074524,0.6944237918215613,1.0,0.3506493506493506
COc1ccc(-c2ccc3[nH]nc(C(=O)NCC4CCN(Cc5ccc(C(=O)O)o5)CC4)c3c2)cn1,CHEMBL3736035,20.0,-10.772305461409,-7.76248188911649,489.5320000000003,3.5667000000000018,2.6818387662680365,0.3420821714378075,133.57999999999998,7,3,8,True,CHEMBL3736035,1.0,CHEMBL1360489,0.4404335285377152,1.0,0.145631067961165
N#Cc1csc(NC(=O)CN2C(=O)CCc3ccccc32)c1-c1nnc[nH]1,,,-6.201172428,-8.065179221,378.417,2.32278,3.041848447,0.722925788,114.77,6,2,4,True,CHEMBL4561291,0.438276441,50626384,1.0,0.157894737,1.0
Oc1c2ccccc2c2c3c(cccc13)NN2,,,-8.928710751,-8.135195065,222.247,3.451,2.620405966,0.40295025,44.29,3,3,0,True,CHEMBL126077,0.610892019,50383516,1.0,0.217391304,1.0
Br.CCOC(=O)CN=c1nc(-c2ccc(OC)cc2)n(-c2ccccc2)s1,CHEMBL2024372,500.0,-7.88098660111197,-6.42269235462339,450.3580000000001,3.651100000000002,2.7802134112307346,0.538185950655824,65.71000000000001,7,0,6,False,CHEMBL2024372,1.0,50543920,0.6341152473227945,1.0,0.1298701298701298
Cc1ccc(NC(=O)C=CCN(C)C)cc1C(=O)Nc1ccc(Nc2nccc(-c3cccnc3)n2)cc1,,,-8.814706323,-8.783692428,507.598,4.89922,2.55412397,0.276339356,112.14,7,3,9,False,50234923,0.524183007,188575,1.0,0.13,1.0
COc1ccccc1-c1nc(C(N)=O)[nH]c1-c1ccnc(NC(=O)C2CC2)c1,CHEMBL4456961,265.0,-7.83116145555205,-10.0708491849815,377.4040000000001,2.5947000000000005,2.515077067544844,0.609181516290846,122.99,5,3,6,True,CHEMBL4456961,1.0,CHEMBL4074524,0.7256416972236773,1.0,0.3037974683544304
COc1ccc(Oc2cc(Nc3cc(Cl)ccc3C(N)=O)c(C(F)(F)F)cn2)cc1,,,-7.876682526,-7.647682776,437.805,5.3972,2.38224419,0.539086305,86.47,5,2,6,True,CHEMBL323944,0.542606082,CHEMBL1923210,1.0,0.071428571,1.0
O=[N+]([O-])c1ccc(Nc2nccc(-c3cnn4ncccc34)n2)cc1,CHEMBL188938,5.0,-8.1499485564052,-9.07862600635127,333.31100000000004,2.8381,2.519378317314681,0.4512486634583549,111.14,8,1,4,False,CHEMBL188938,1.0,CHEMBL246543,0.6809490579204467,1.0,0.2289156626506024
O=C(O)c1coc(CN2CCC(CNC(=O)c3n[nH]c4ccc(-c5cccc(F)c5F)cc34)CC2)n1,CHEMBL3735986,6.0,-9.03615314963986,-8.5066517308687,495.4860000000002,3.836300000000002,2.7478135695081107,0.3558808637107366,124.35,6,3,7,True,CHEMBL3735986,1.0,CHEMBL1761562,0.5092853123241419,1.0,0.1327433628318584
COc1ccc(NC(=O)c2ccc(NC3=C(c4ccccc4)C(=O)NC3=O)cc2)cc1,CHEMBL4644518,120.0,-8.39898761466271,-8.45870354081219,413.4330000000001,3.427100000000001,2.0821337813897784,0.5382873268092621,96.53,5,3,6,True,CHEMBL4644518,1.0,CHEMBL4753310,0.6186828264349418,1.0,0.1397849462365591
N=C1NC(=O)C(=Cc2ccc(-c3ccc(Cl)c(Cl)c3)o2)S1,51243418,576.0,-7.25459964074947,-7.7759264885445,339.20300000000003,4.392070000000001,2.769090556546903,0.7975891614913198,66.09,4,2,2,True,51243418,1.0,CHEMBL4777530,0.6541546358678216,1.0,0.1232876712328767
O=C(NC1COC1)c1cc(-n2ncc3cc(Nc4ccccc4Cl)c(F)cc32)cs1,,,-6.967178321,-9.231879338,442.903,4.7517,2.812798899,0.467666211,68.18,6,2,5,True,51304711,0.597277556,CHEMBL4847784,1.0,0.131313131,1.0
COc1ccc(CSc2nnc(-c3ccc4c(c3)CCO4)o2)cc1C(F)(F)F,CHEMBL512144,5.7,-7.25339142270148,-7.78739983925588,408.4010000000001,4.991200000000003,2.466897929278049,0.5545583875576852,57.38000000000001,6,0,5,True,CHEMBL512144,1.0,CHEMBL199136,0.6215459060231758,1.0,0.0833333333333333
NC(=O)c1sc(-c2ccnc(NC(=O)C3CC3)c2)nc1OCCC1CCN(Cc2ccc(F)c(F)c2)CC1,CHEMBL4756451,10.0,-9.31282991152326,-7.73627756315703,541.6240000000003,4.611800000000004,2.7974808386816967,0.387902672432287,110.44,7,2,10,True,CHEMBL4756451,1.0,CHEMBL1761567,0.4776925758103869,1.0,0.087719298245614
CSc1ccc(NC2=C(c3cccc([N+](=O)[O-])c3)C(=O)NC2=O)cc1,CHEMBL346996,152.0,-9.60528037543726,-8.14535142718613,355.37500000000006,2.7963000000000005,2.427819148264554,0.3700854789250113,101.34,6,2,5,False,CHEMBL346996,1.0,CHEMBL3220501,0.6319510537049626,1.0,0.1298701298701298
COc1ccc(-c2cccc3cnc(Nc4ccc(-n5cnc(-c6ccccn6)n5)cc4)nc23)cc1F,,,-8.913128189,-8.525029301,489.514,5.8308,2.637957707,0.314712347,90.64,8,1,6,True,13960,0.531998467,CHEMBL1761570,1.0,0.234693878,1.0
CCS(=O)c1ccc(-c2coc3ccc(-c4ccc(C)o4)cc23)cc1,50531969,20.0,-8.70013625368789,-7.55976071006502,350.4390000000001,5.795720000000005,2.972461999403693,0.4673093746080447,43.35,3,0,4,True,CHEMBL574613,1.0,50383511,0.608615707906488,1.0,0.0760869565217391
COc1c(NCCNc2ccccn2)c(F)c(N)c2c(=O)c(C(=O)O)cn(C)c12,CHEMBL1834320,270.0,-7.54370056852006,-7.01315833168012,401.3980000000002,1.8855999999999995,2.8214128061366104,0.3486102608936157,131.5,8,4,7,True,CHEMBL1834320,1.0,CHEMBL1681998,0.6158303538404636,1.0,0.160919540229885
COc1nn(-c2ccccc2)c2nc(Nc3ccc(C(=O)O)cc3)ncc12,CHEMBL253533,760.0,-7.0158001030828,-8.44498236707988,361.3610000000001,3.2659,2.2004549559208613,0.5622785689568897,102.16,7,2,5,True,CHEMBL253533,1.0,CHEMBL3394111,0.5674937151601268,1.0,0.1443298969072164
COc1ccccc1C1C2=C(CC(C)(C)CC2=O)Nc2n[nH]c(C(F)(F)F)c21,338320,10.0,-6.93528368180194,-4.56893888562438,391.393,4.637700000000003,3.4095759502473566,0.7828931616409694,67.00999999999999,4,2,2,True,338320,1.0,CHEMBL3394094,0.3386280154869453,1.0,0.1290322580645161
Cc1[nH]nc2c1C(c1ccsc1)C1=C(CC(C)(C)CC1=O)N2,580544,550.0,-9.26436691484097,-7.15269865093365,313.42600000000004,3.980220000000002,3.5858137730192663,0.8369711262098132,57.78,4,2,1,True,580544,1.0,79831,0.5272752192982456,1.0,0.1428571428571428
C=CCOC(=O)c1cc(-c2ccc(C=C3NC(=S)NC3=O)o2)ccc1Cl,51243429,218.0,-7.16682364636453,-8.08743170213338,388.8320000000001,3.288000000000001,2.7285458224457475,0.3538945955298427,80.57000000000001,5,2,5,True,51243429,1.0,CHEMBL1771661,0.6005445352003111,1.0,0.1348314606741573
COc1ccc(-c2ccc(CSc3nnc(-c4ccncc4)o3)cc2)cc1,CHEMBL2391131,176.0,-6.66775861725911,-7.43481997949567,375.453,5.099500000000004,2.045085577222638,0.437042203558293,61.040000000000006,6,0,6,True,CHEMBL2391131,1.0,CHEMBL380625,0.6354753851935362,1.0,0.1095890410958904
Clc1ccc(Nc2nccc(-c3cnn4ncccc34)n2)cc1Cl,13898,10.0,-7.76629378913669,-8.76614190920825,357.20400000000006,4.236700000000001,2.508098078715294,0.5941222218012333,68.0,6,1,3,True,13898,1.0,CHEMBL246543,0.656063077759652,1.0,0.2222222222222222
O=C(O)COc1cccc(CCCNC(=O)c2ccc(O)c3nc(-c4ccc(Cl)cc4)[nH]c23)c1,50721053,31.0,-7.28486627524201,-8.29673701097714,479.9200000000001,4.414900000000003,2.442149847379399,0.2633903350038841,124.54,5,4,9,True,50721053,1.0,CHEMBL1761568,0.5344004772320541,1.0,0.1442307692307692
Nc1nonc1-n1nnc(C(=O)NN=Cc2ccncc2)c1CN1CCCCC1,CHEMBL325353,100.0,-6.33195560169347,-6.88612411854885,396.4150000000003,0.3772999999999997,2.775817319711269,0.4443125678778492,153.24,11,2,6,False,CHEMBL325353,1.0,CHEMBL3393595,0.5696498054474708,1.0,0.0652173913043478
COc1ccc2[nH]nc(C(=O)NCC3CCN(Cc4noc(C(N)=O)n4)CC3)c2c1,CHEMBL3735347,310.0,-8.87998863087107,-6.63050496042065,413.4380000000002,0.6954000000000006,2.656369560466276,0.5115637879786152,152.26,8,3,7,True,CHEMBL3735347,1.0,CHEMBL4861739,0.6224820560314888,1.0,0.1401869158878504
CCS(=O)(=O)Nc1ccc(CCNC(=O)c2ccc(O)c3nc(-c4ccc(Cl)cc4Cl)[nH]c23)cc1,50506661,30.0,-7.0286575702488,-8.80796443963423,533.4370000000002,4.976400000000004,2.599890357922765,0.2545210391829614,124.18,5,4,8,True,50506661,1.0,CHEMBL1761562,0.4979934330536301,1.0,0.1111111111111111
Cc1cc(NC(=O)c2cccc(NC(=O)C=CCN(C)C)c2)ccc1Nc1nccc(-c2cccnc2)n1,,,-8.013760084,-8.298019749,507.598,4.89922,2.572198917,0.276339356,112.14,7,3,9,False,CHEMBL407730,0.490772885,188574,1.0,0.2,1.0
N#CCCN1CCC2CCN(c3ncnc4[nH]c5cc(Cl)ccc5c34)C2C1,CHEMBL5074629,125.89,-8.72184690611102,-8.75969328403668,380.88300000000015,3.578780000000002,3.550695605666025,0.7514653080417183,71.84,5,1,3,True,CHEMBL5074629,1.0,CHEMBL4442806,0.6505480335267569,1.0,0.1368421052631579
CC(C)n1cnc2c(Nc3cccc(Cl)c3)nc(NCCO)nc21,50865187,30.0,-9.29611561860917,-7.49109672782441,346.8220000000001,3.208400000000001,2.470957690867847,0.6349002529466452,87.89,7,3,6,True,50865187,1.0,CHEMBL1761573,0.5799024918743229,1.0,0.1923076923076923
CNC(=O)c1sc(-c2ccnc(NC(=O)CNCCNc3c4c(nc5ccccc35)CCCC4)c2)nc1OCC(C)C,51376228,132.0,-8.82016113097525,-7.41833431547842,587.7500000000003,4.666700000000004,3.0815584887342125,0.1761094499554449,130.16,9,4,12,True,51376228,1.0,CHEMBL3356002,0.3857433522767136,1.0,0.150375939849624
O=C1Cc2c([nH]c3ccc(C(F)(F)F)cc23)-c2cc(CC#CO)ccc2N1,CHEMBL121543,199.99,-8.52303746457678,-8.86667567461496,370.3300000000001,4.2242000000000015,3.0288211035384265,0.5616501426244919,65.12,2,3,1,True,CHEMBL121543,1.0,CHEMBL248983,0.5250665740419127,1.0,0.0851063829787234
COc1cc2c(cc1Cl)C(c1ccc(Cl)c(Cl)c1)=NCC2,,,-7.005903658,-7.90416977,340.637,5.0489,2.331866567,0.749474761,21.59,2,0,2,True,CHEMBL54547,0.645369814,CHEMBL1087421,1.0,0.114285714,1.0
O=C(NC1COC1)c1cc(-n2ncc3cc(Nc4ccccc4Cl)ncc32)cs1,,,-7.483069536,-9.513157201,425.901,4.0076,2.846322614,0.504646757,81.07,7,2,5,True,CHEMBL4228654,0.599291617,CHEMBL4872832,1.0,0.193548387,1.0
Cc1ncn(-c2ccc(Nc3cc(-c4nocc4C)ccn3)cc2)n1,,,-7.007337208,-9.078070292,332.367,3.67774,2.778098444,0.613776158,81.66,7,1,4,True,14666,0.618169673,CHEMBL3099976,1.0,0.112359551,1.0
Cc1nc(-c2sccc2NC(=O)Cc2cccc3ccccc23)n[nH]1,,,-7.53677584,-9.104498432,348.431,4.17602,2.398177053,0.581187539,70.67,4,2,4,True,CHEMBL4796925,0.613380008,CHEMBL1287974,1.0,0.202380952,1.0
N=C1NC(=O)C(=Cc2ccc(-c3cccc(C(=O)O)c3)o2)S1,51243419,308.0,-7.40518633088716,-8.42377688609335,314.322,2.7834700000000003,2.7029102058219934,0.7558032255598222,103.39,5,3,3,False,51243419,1.0,CHEMBL3577856,0.635262234975291,1.0,0.1351351351351351
O=C1NC(=O)C(c2ccccc2Cl)=C1Nc1ccc(O)c(Cl)c1,CHEMBL157141,152.0,-8.77149858929671,-8.14321739326214,349.173,3.1786000000000003,2.3394986672046034,0.5875267137459769,78.43,4,3,3,True,CHEMBL157141,1.0,CHEMBL1644629,0.6270491803278688,1.0,0.1643835616438356
Cn1c(NCC(=O)c2ccc(F)cc2)nc(-c2ccncc2)cc1=O,CHEMBL3093031,52.0,-8.03956465895136,-9.14719797634076,338.34200000000004,2.2762,2.313780163587259,0.7223583701763556,76.88,6,1,5,True,CHEMBL3093031,1.0,CHEMBL4470981,0.6413089078450567,1.0,0.175
O=C1NC(=O)C(c2cnc3cccnn23)=C1c1cn2c3c(cccc13)CNCC2,51159596,4.8,-9.94777027042232,-7.78247160916227,384.3990000000002,1.3543999999999994,3.0831726138289177,0.5091739575890728,93.32,7,2,2,True,51159596,1.0,CHEMBL1784651,0.6559621289662232,1.0,0.1052631578947368
Cc1nc2ccccc2n1CC(=O)NNC(=O)c1c[nH]c2ccccc12,CHEMBL3827726,148.0,-7.4924261145163,-7.79316681321378,347.378,2.2872200000000005,2.1468965663867365,0.4965958914168631,91.81,4,3,3,False,CHEMBL3827726,1.0,CHEMBL1822153,0.5188876584225421,1.0,0.1538461538461538
Cc1c(Cl)cccc1N=C1NC(=O)C(=C2C(=O)Nc3ccccc32)S1,,,-8.128362968,-10.82784742,369.833,3.86232,2.989903457,0.749630985,70.56,4,2,1,True,CHEMBL406620,0.611678005,CHEMBL4464624,1.0,0.130952381,1.0
CCN(CC)Cc1c(C(=O)NN=Cc2ccncc2)nnn1-c1nonc1N,CHEMBL321421,410.0,-5.88799650851841,-6.78953786488832,384.40400000000017,0.2332000000000008,2.8734383138934323,0.4102168306860916,153.24,11,2,8,False,CHEMBL321421,1.0,CHEMBL1923200,0.6000934907093607,1.0,0.1397849462365591
N#Cc1cccc(CSc2nnc(-c3ccc4c(c3)CCO4)o2)c1,CHEMBL469736,91.0,-7.49586835471644,-8.06765876692896,335.3880000000001,3.835480000000002,2.37263692099977,0.6747009513468127,71.94,6,0,4,True,CHEMBL469736,1.0,CHEMBL440566,0.621590582830893,1.0,0.0875
CNc1nccc(C(C#N)c2nc3ccccc3s2)n1,,,-8.374031291,-8.795025498,281.344,2.78348,3.110654145,0.798658391,74.49,6,1,3,True,CHEMBL2391100,0.646789714,CHEMBL399168,1.0,0.157894737,1.0
Cc1ccc2c(-c3ccnc(Nc4ccc5c(c4)OCCO5)n3)c(-c3ccccc3)nn2n1,13960,32.0,-6.72906712240398,-9.81061896603834,436.4750000000002,4.676520000000004,2.635722678051181,0.4378195690388536,86.46000000000001,8,1,4,True,13960,1.0,CHEMBL1080582,0.6466527884299331,1.0,0.3132530120481928
O=C1Cc2c([nH]c3ccc([N+](=O)[O-])cc23)-c2ccccc2N1,CHEMBL50894,3.981,-9.36088917824823,-8.052862728783,293.282,3.2377,2.3690112692746705,0.5329812130059154,88.03,3,2,1,False,CHEMBL50894,1.0,51238049,0.6238532110091743,1.0,0.1159420289855072
O=C1NC(=O)C(c2cccc(Cl)c2)=C1Nc1ccc(O)c(Cl)c1,CHEMBL160333,94.0,-9.64401185256159,-7.52068301236456,349.173,3.1786000000000003,2.353976551819988,0.5875267137459769,78.43,4,3,3,True,CHEMBL160333,1.0,CHEMBL248643,0.6224092254947795,1.0,0.1044776119402985
C=CC(=O)Nc1cccc(C2=C(c3cn(C)c4cc(OC)ccc34)C(=O)NC2=O)c1,CHEMBL4647220,690.0,-9.62349321770341,-9.49026596072668,401.42200000000014,2.8786,2.5857015052656624,0.5082306455775599,89.43,5,2,5,False,CHEMBL4647220,1.0,CHEMBL1644630,0.6509166974283254,1.0,0.1630434782608695
COc1cccc(CN=Nc2ncnc3c2cnn3-c2cccc(OC)c2)c1,14660,25.1,-7.88100165807945,-8.30405668524123,374.4040000000001,4.116600000000003,2.7278257435369597,0.4739440024231257,86.78000000000002,8,0,6,False,14660,1.0,CHEMBL4777530,0.5858958589585896,1.0,0.0987654320987654
CS(=O)(=O)Nc1ccc(CCNC(=O)c2ccnc3[nH]c(-c4ccc(F)cc4)nc23)cc1,CHEMBL2048667,44.0,-7.30170434912369,-7.9482248852612,453.49900000000014,3.1080000000000005,2.37818202980084,0.3975600696141323,116.84000000000002,5,3,7,True,CHEMBL2048667,1.0,CHEMBL1360489,0.5746929736259312,1.0,0.1030927835051546
Nc1c(F)c(NC2CCCCC2)c(F)c2c1c(=O)c(C(=O)O)cn2C1CC1,CHEMBL1834110,600.0,-7.66887219201419,-7.30826289593453,377.3910000000001,3.6396000000000015,2.72916088907295,0.7069990696172875,97.35,5,3,4,True,CHEMBL1834110,1.0,695720,0.498729792147806,1.0,0.1145833333333333
CC1(C)CC(=O)C2=C(C1)Nc1ncsc1C2(C)c1ccccc1,1121027,384.0,-6.69240420527254,-5.74458101053737,324.449,4.517800000000003,3.664242843893192,0.8384825471272731,41.99,4,1,1,True,1121027,1.0,CHEMBL1784093,0.4682608159743621,1.0,0.1
COc1cccc(OC)c1C(=O)Nc1c[nH]nc1C(=O)NC1CCC1,50234932,80.0,-8.44913398258415,-6.58611291338484,344.3710000000001,1.9615,2.517819148264556,0.7427930053875664,105.34,5,3,6,True,50234932,1.0,CHEMBL3310142,0.5815490028141441,1.0,0.1627906976744186
c1cc(-c2ccnc(Nc3ccc(-n4ccnn4)cc3)n2)cc(N2CCOCC2)c1,,,-9.474858593,-7.294959309,399.458,3.3045,2.445344802,0.551364256,80.99,8,1,5,True,13922,0.640324594,CHEMBL572283,1.0,0.3,1.0
Cc1cc(Nc2c[nH]c3ncc(F)cc23)nc(C23CC4CC(CC(C4)C2)C3)n1,CHEMBL3652549,20.0,-7.05936321915568,-6.92111308025187,377.4670000000002,5.011820000000004,4.133471077870885,0.6731171601754793,66.49000000000001,4,2,3,True,CHEMBL3652549,1.0,50319404,0.612994350282486,1.0,0.1168831168831168
O=C1NC(=O)C(c2cn3c4c(cccc24)CNCC3)=C1c1ccc2c(c1)OCO2,51159558,27.0,-9.58240636169458,-7.20117503701712,387.39500000000015,2.0403999999999995,2.852593428308557,0.6580110909007548,81.59,6,2,2,True,51159558,1.0,50383511,0.549687538291876,1.0,0.1122448979591836
CC(=C1SC(=N)NC1=O)c1ccc(-c2ccc(S(N)(=O)=O)cc2)o1,CHEMBL231950,430.0,-7.93288395633797,-8.20922964899334,363.4200000000001,2.12277,3.063534202591418,0.7201067625981278,126.25,6,3,3,True,CHEMBL231950,1.0,CHEMBL3577856,0.5568554715365959,1.0,0.0945945945945946
Cn1cc(Nc2ncc(Br)c(NC3C4C=CC(C4)C3C(N)=O)n2)cn1,CHEMBL2071201,34.0,-9.0686763187642,-7.13042320282864,404.27200000000016,1.8041,4.720186695627521,0.6559186277709063,110.75,7,3,5,True,CHEMBL2071201,1.0,CHEMBL1761572,0.5688261706221938,1.0,0.2142857142857142
O=C(NCCCN1CCOCC1)c1cccc(-n2ncc3cc(Nc4ccccc4F)ccc32)c1,,,-7.688345428,-9.36375478,473.552,4.3603,2.363932733,0.372283654,71.42,6,2,8,True,14673,0.57061369,CHEMBL2376918,1.0,0.160377358,1.0
COc1ccc2[nH]nc(C(=O)NCC3CCN(Cc4ccc(O)cc4)CC3)c2c1,CHEMBL3735837,400.0,-8.4569963661566,-7.5510419400959,394.47500000000014,2.919100000000001,2.2419858006421034,0.5980682441336194,90.48,5,3,6,True,CHEMBL3735837,1.0,CHEMBL199247,0.5732676592410164,1.0,0.1428571428571428
CSc1nc(-c2ccc(F)cc2)c(-c2ccnc(NC(=O)CCc3ccc(C(F)(F)F)cc3)c2)[nH]1,CHEMBL4518955,956.0,-7.41645659110171,-8.4385177426149,500.5210000000002,6.589800000000004,2.5403504264256918,0.2218873203449033,70.67,4,2,7,True,CHEMBL4518955,1.0,CHEMBL3355184,0.5397426947242445,1.0,0.0925925925925925
CCNC(=O)N1CCC(Nc2ncc(Cl)c(-c3c[nH]c4ccccc34)n2)C1,,,-8.407126676,-8.017914559,384.871,3.494,2.959256843,0.642257957,85.94,4,3,4,True,CHEMBL255948,0.644290657,CHEMBL246544,1.0,0.315789474,1.0
Cc1nnc(-c2c(C)csc2NC(=O)CN2C(=O)CCc3ccccc32)[nH]1,,,-7.075334084,-8.086469231,381.461,3.06794,2.937236651,0.726576491,90.98,5,2,4,True,CHEMBL4648941,0.514720368,50626380,1.0,0.113207547,1.0
Cn1cc(-c2cccc3cnc(Nc4ccc(-n5cnc(N6CCOCC6)n5)cc4)nc23)cn1,,,-9.23300707,-9.072792139,453.51,3.1912,2.794761595,0.433249657,98.81,10,1,5,True,CHEMBL257188,0.562798635,CHEMBL1761564,1.0,0.204819277,1.0
CCNC(=O)N1CCCC(Nc2ncc(Cl)c(-c3c[nH]c4ccccc34)n2)C1,,,-8.694241526,-7.556393785,398.898,3.8841,2.960038821,0.622011525,85.94,4,3,4,True,51159603,0.606416465,CHEMBL392614,1.0,0.173469388,1.0
O=C1N=C(NCc2ccccc2)SC1=Cc1ccc(O)cc1,50520423,27.0,-8.1895050914482,-9.36420466989498,310.37800000000004,3.152300000000002,2.122518309109834,0.8549987257329461,61.69,4,2,3,False,50520423,1.0,CHEMBL440566,0.7060392156862745,1.0,0.1304347826086956
COc1ccccc1C1=C(Nc2cc(Cl)c(O)c(Cl)c2)C(=O)NC1=O,CHEMBL345800,82.0,-7.54193406322127,-7.13812648056303,379.19900000000007,3.1872000000000007,2.4393428749726294,0.5611447600774873,87.66,5,3,4,True,CHEMBL345800,1.0,CHEMBL1644629,0.6256284821307243,1.0,0.1558441558441558
O=C(Nc1cccnc1)c1ccnc2nc(-c3ccc(F)cc3)[nH]c12,50943611,8.0,-7.9633581707604,-7.86634625921979,333.326,3.4113000000000016,2.247665567051248,0.6016566167835089,83.56,4,2,3,True,CHEMBL2048665,1.0,CHEMBL400863,0.6230872483221477,1.0,0.1219512195121951
Cn1ccc(-c2cc(Nc3ccc(N4CCOCC4)cc3)ncc2Cl)n1,,,-9.171389883,-7.480878639,369.856,3.7157,2.399354388,0.759250268,55.21,6,1,4,False,CHEMBL569998,0.622641509,CHEMBL1771662,1.0,0.175675676,1.0
O=C(Cc1cccc2ncccc12)Nc1ccsc1-c1nnc[nH]1,,,-7.578508901,-8.884841794,335.392,3.2626,2.726158481,0.599431704,83.56,5,2,4,True,CHEMBL3828624,0.714876691,CHEMBL1288099,1.0,0.17721519,1.0
COc1cccc(-c2n[nH]c3c(N=NCc4ccncc4)ncnc23)c1,14384,5.01,-7.75754264885633,-7.35133786431015,345.36600000000004,3.7074000000000016,3.0235605583947294,0.5556287419046002,101.3,7,1,5,False,14384,1.0,CHEMBL571619,0.632230802855894,1.0,0.1428571428571428
COC(=O)c1sccc1NC(=O)Cc1ccc(-c2ccncc2)cc1,,,-5.665766652,-7.213364655,352.415,3.7779,2.043520467,0.709730446,68.29,5,1,5,True,CHEMBL261659,0.515432906,CHEMBL1288157,1.0,0.148648649,1.0
Cc1cccc(C(=O)CNc2nc(-c3ccncc3)cc(=O)n2C)c1,CHEMBL3093033,38.0,-7.66998613119963,-8.5862107525223,334.3790000000001,2.44552,2.350751344519004,0.7253408402976365,76.88,6,1,5,True,CHEMBL3093033,1.0,CHEMBL400863,0.5604975499434602,1.0,0.1176470588235294
Cl.Cn1c(N2CCNC(c3ccc(Cl)cc3)C2)nc(-c2ccncn2)cc1=O,CHEMBL4105346,1.2,-7.51072948434778,-7.5728038394625,419.3160000000002,2.4634,3.167903410129246,0.7032382019051702,75.94,7,1,3,True,CHEMBL4104714,1.0,CHEMBL4795574,0.5555417495029822,1.0,0.0888888888888888
NC(=O)c1sc(-c2ccnc(NC(=O)C3CC3)c2)nc1OCCC1CCN(Cc2ccccn2)CC1,CHEMBL4749550,193.0,-8.36972512904021,-8.13407698694375,506.6320000000004,3.728600000000003,2.7782612514751364,0.4294004456574257,123.33,8,2,10,True,CHEMBL4749550,1.0,222132,0.5448269339890297,1.0,0.091743119266055
CC(C)NC(=O)NC1CCC(Nc2ncc3ccc(=O)n(C4CCCC4)c3n2)CC1,,,-8.939579098,-7.914012518,412.538,3.3373,2.615581367,0.699219329,100.94,6,3,5,True,CHEMBL1834315,0.545983958,CHEMBL3577877,1.0,0.172043011,1.0
Cc1ccccc1Nc1cc(-c2ccnc(Nc3ccccc3C)c2)ccn1,,,-9.247494576,-11.27104485,366.468,6.24764,2.119998164,0.438329951,49.84,4,2,5,True,50840603,0.639680039,CHEMBL205561,1.0,0.102564103,1.0
CCN(CC)CCNC(=O)c1cccc(-n2cc(NC(=O)Nc3ccccc3Cl)cn2)c1,,,-7.814050316,-8.780943039,454.962,4.2413,2.288556332,0.450630433,91.29,5,3,9,True,CHEMBL4519014,0.573530936,CHEMBL3355179,1.0,0.164948454,1.0
N#CC(=C1Nc2ccccc2S1)c1ccnc(NCCc2cccnc2)n1,,,-8.061465775,-10.21179786,372.457,3.93618,2.78052577,0.656115247,86.52,7,2,5,False,CHEMBL191384,1.0,CHEMBL1788116,1.0,1.0,1.0
O=C(Nc1cnn(-c2cccc(C(=O)Nc3cnn(CCN4CCCC4)c3)c2)c1)Nc1ccccc1Cl,,,-7.748907608,-7.607551732,519.009,4.7143,2.499593098,0.312692228,109.11,7,3,8,True,CHEMBL4458206,0.541708044,CHEMBL3355176,1.0,0.15,1.0
CCN(CC)S(=O)(=O)c1cc(Nc2nccc(-c3ccnc(-c4ccc(NC(=O)NC)cc4)c3)n2)ccc1Cl,CHEMBL2158866,330.0,-6.53388493065931,-6.86635554165219,566.0870000000002,5.384400000000005,2.616364685096272,0.24814903166181,129.20999999999998,7,3,9,True,CHEMBL2158866,1.0,CHEMBL1761556,0.487909209951986,1.0,0.18
COc1ccc(-c2cc3c(NC(=O)C4CCCC4)ncnc3o2)cc1,CHEMBL181959,30.0,-8.0298847857061,-7.06262734795099,337.379,4.027100000000002,2.316854608147139,0.7776195366230417,77.25,5,1,4,True,CHEMBL181959,1.0,CHEMBL248790,0.5712140175219024,1.0,0.1481481481481481
CCOC(O)(Nc1cccc(C(=O)O)c1)Nc1nc2c(s1)CC(N1C(=O)c3ccccc3C1=O)CC2,CHEMBL4277917,670.0,-7.79459159573433,-8.83419183383623,508.5560000000003,3.158900000000002,3.790677489301388,0.2666480395783069,141.09,9,4,8,True,CHEMBL4277917,1.0,CHEMBL2376905,0.5016669753658085,1.0,0.2135922330097087
Fc1cnc(Nc2ccc(N3CCOCC3)cc2)cc1-c1ccn(CCN2CCOCC2)n1,,,-9.172797421,-6.548439402,452.534,2.9966,2.615292537,0.591150927,67.68,8,1,7,False,13922,0.57120413,CHEMBL1771713,1.0,0.240963855,1.0
CN(C)CCCn1nc(C2=C(c3cn(-c4cccs4)c4ccccc34)C(=O)NC2=O)c2ccccc21,CHEMBL178945,370.0,-8.25526733208624,-6.70119597139265,495.6080000000002,4.560600000000004,2.91930163609052,0.3361548993279729,72.16,7,1,7,True,CHEMBL178945,1.0,784823,0.4709956709956709,1.0,0.0762711864406779
Fc1cc(-c2cc[nH]c(=Nc3ccc(-n4cnc(N5CCOCC5)n4)cc3)n2)cc(N2CCOCC2)c1,,,-9.459836201,-8.015489249,502.554,2.7021,3.224773308,0.44829786,96.69,9,1,5,True,51304696,0.534032898,CHEMBL585951,1.0,0.197916667,1.0
CC1CN(c2ccccc2)CCN1c1nc(-c2ccncn2)cc(=O)n1C,CHEMBL3719193,1.4,-7.25292029911625,-9.02994486678178,362.437,1.9524,2.950812464710042,0.7094928571266,67.15,7,0,3,True,CHEMBL3719193,1.0,CHEMBL1644625,0.6660261337432745,1.0,0.1975308641975308
COc1ccncc1NC(=O)c1ccnc2[nH]c(-c3cccc(Cl)c3)nc12,CHEMBL2048684,2.0,-8.01270160145443,-7.79592830006779,379.807,3.9342000000000015,2.4104247784060693,0.5599748965296045,92.79,5,2,4,True,CHEMBL2048684,1.0,CHEMBL1923200,0.6174164756965383,1.0,0.2235294117647059
COc1ccc2c(-c3ccnc(Nc4cccc(C(F)(F)F)c4)n3)cnn2n1,13907,50.0,-8.75538912326915,-9.12231592421395,386.3370000000001,3.957300000000002,2.658234467739586,0.572194227522789,77.23,7,1,4,True,13907,1.0,CHEMBL246543,0.6012841495656553,1.0,0.2111111111111111
NC1=NC(=O)C(=C2CCNC(=O)c3[nH]c4ccc(Cl)cc4c32)N1,111092,51.0,-9.77162436258251,-9.56995999893016,329.74700000000007,1.1104000000000005,3.1660422581809344,0.5422177335123638,112.36999999999998,4,4,0,True,111092,1.0,50383516,0.529933110367893,1.0,0.088235294117647
NC1=NC(=O)C(=C2CCNC(=O)c3[nH]c4c(N)cccc4c32)N1,111098,163.0,-9.52352631751756,-9.6171616975003,310.317,0.0392000000000008,3.359027820311111,0.3452465495528955,138.38999999999996,5,5,0,True,111098,1.0,CHEMBL1761573,0.570117579581302,1.0,0.0864197530864197
O=C1Cc2c([nH]c3ccc(Br)cc23)-c2sccc2N1,CHEMBL323657,119.95,-8.32206524627862,-7.43352513458546,333.21,4.153500000000001,2.7905197127552857,0.6376412426289333,44.89,2,2,0,False,CHEMBL323657,1.0,51238049,0.5607618405528401,1.0,0.056338028169014
c1ccc(-c2ccnc(Nc3ccc(-n4cncn4)cc3)n2)cc1,,,-8.903307419,-7.685557384,314.352,3.4679,2.042559727,0.624460626,68.52,6,1,4,True,CHEMBL569998,0.691021392,CHEMBL572282,1.0,0.327868852,1.0
Cc1n[nH]c(-c2c(C)csc2NC(=O)CN2C(=O)CCc3ccccc32)n1,,,-7.987233081,-7.864768341,381.461,3.06794,2.884054833,0.726576491,90.98,5,2,4,True,CHEMBL3828624,0.652441644,CHEMBL1682012,1.0,0.21686747,1.0
Brc1cnn2c(NCc3cccnc3)cc(-c3ccccc3)nc12,CHEMBL249530,570.0,-8.63038831672593,-6.34003797070455,380.2490000000001,4.165900000000002,2.24671492750031,0.5776234266167142,55.11,5,1,4,True,CHEMBL249530,1.0,CHEMBL3394097,0.523354307841239,1.0,0.1309523809523809
COc1cccc(Nc2nccc(C3C(c4ccccc4)=NN4C=CC=CC34)n2)c1,50407528,30.0,-7.18829789386552,-9.58545974482754,395.46600000000007,4.484400000000003,3.656232762263601,0.6899203915074502,62.64,6,1,5,True,50407528,1.0,CHEMBL1080582,0.6538154442796852,1.0,0.2022471910112359
CCS(=O)(=O)Nc1ccc(CCNC(=O)c2ccnc3nc(-c4ccccc4)[nH]c23)cc1,50943604,14.0,-7.92777402550766,-8.0044860616649,449.5360000000001,3.3590000000000018,2.3922165918942646,0.3813426202812057,116.84,5,3,8,True,CHEMBL2048658,1.0,CHEMBL2376905,0.5966690803765388,1.0,0.2150537634408602
O=C(Cc1ccc(F)c2cnccc12)Nc1scc(Br)c1-c1nnc[nH]1,,,-7.568191584,-8.143627241,432.278,4.1642,3.151671336,0.507390008,83.56,5,2,4,True,CHEMBL3091540,0.534670008,50659435,1.0,0.108910891,1.0
CNC(=O)C1CCC(CNC(=O)c2ncoc2-c2ccc(OC)cc2)CC1,50201461,316.0,-8.02472238255245,-7.02808903792576,371.4370000000001,2.6324000000000005,2.376034053746114,0.8141396604962108,93.46,5,2,6,True,50201461,1.0,CHEMBL1644620,0.6090931253047294,1.0,0.1590909090909091
CNC(=O)c1ccccc1Nc1cc(Nc2ccc(-n3ccnn3)cc2)ncc1C(F)(F)F,,,-8.996387848,-7.988642941,453.428,4.5279,2.659862813,0.397085941,96.76,7,3,6,True,CHEMBL402969,0.637941142,CHEMBL3220471,1.0,0.181818182,1.0
COc1ccncc1NC(=O)c1ccnc2[nH]c(-c3ccc(F)cc3)nc12,CHEMBL2048677,3.0,-7.90358596405001,-8.02474996383222,363.352,3.419900000000001,2.3667259618380214,0.5794987757057013,92.79,5,2,4,True,CHEMBL2048677,1.0,CHEMBL1946335,0.6274257807479758,1.0,0.2098765432098765
CC(C)c1ccc(Nc2nccc(-c3cnn4ncccc34)n2)cc1,CHEMBL359963,16.0,-7.96153202666295,-8.71260658695639,330.39500000000004,4.053300000000002,2.466956399506463,0.6111231290718466,68.0,6,1,4,True,CHEMBL359963,1.0,CHEMBL3100083,0.6213220741522628,1.0,0.1625
COc1ccc(-c2ccnc3[nH]c(-c4ccc(C(=O)N5CCCCC5)cc4)nc23)cc1,51304711,31.0,-7.78366100922623,-7.74921734400839,412.4930000000002,4.926600000000004,2.244503365478984,0.5160804426931537,71.11,4,1,4,True,51304711,1.0,CHEMBL3393596,0.6336539603372522,1.0,0.108695652173913
CC(C)OC(=O)N1CCn2cc(C3=C(c4cnc5ccccn45)C(=O)NC3=O)c3cccc(c32)C1,CHEMBL363058,1.3,-6.13802520785952,-6.42222121365037,469.5010000000002,3.216800000000001,3.0282985243277887,0.4648732319142262,97.94,7,1,3,True,CHEMBL363058,1.0,50291813,0.4777777777777777,1.0,0.0854700854700854
COc1cccc(-n2ncc3c(NN=Cc4ccc(C(=O)NCCN(C)C)cc4)ncnc32)c1,CHEMBL67374,15.85,-8.5461207095076,-8.13274569462942,458.5260000000002,2.561500000000001,2.4959727721718394,0.2930105763886632,109.56,9,2,9,False,CHEMBL67374,1.0,CHEMBL1092764,0.6094204303159527,1.0,0.205607476635514
Cc1nc(-c2ccc(F)c(C)c2)c(-c2ccnc(NC(=O)C3CC3)c2)[nH]1,CHEMBL4457174,117.0,-7.39864549858238,-9.48594017471253,350.3970000000001,4.243140000000003,2.452650775027412,0.7391023596526201,70.67,3,2,4,True,CHEMBL4457174,1.0,CHEMBL1644630,0.6869065133074763,1.0,0.4166666666666667
N#Cc1ccc(Nc2nccc(-c3cnn4ncccc34)n2)cc1,CHEMBL359794,5.0,-8.70404728965038,-9.07553067646109,313.32400000000007,2.8015800000000004,2.544028903664991,0.6250388767170548,91.79,7,1,3,True,CHEMBL359794,1.0,CHEMBL3100083,0.6122726038555526,1.0,0.1625
Cn1c(NCCCCCCNc2c3c(nc4ccccc24)CCCC3)nc(-c2ccncc2)cc1=O,CHEMBL5088103,520.0,-7.40550512185136,-8.2390574675388,482.6320000000004,5.353700000000004,2.7133154548914598,0.2963615259946297,84.72999999999999,7,2,10,True,CHEMBL5088103,1.0,CHEMBL3099968,0.5368840786100826,1.0,0.1414141414141414
CNC(=O)CN1CCC(Nc2nccc(-c3cnc4ccccn34)n2)CC1,,,-8.455399386,-8.394307401,365.441,1.4136,2.54245936,0.710941824,87.45,7,2,5,True,50391818,0.591901098,CHEMBL485323,1.0,0.170454545,1.0
COc1ccc(CCC(=O)Nc2cc(-c3[nH]c(SC)nc3-c3ccc(F)cc3)ccn2)cc1,CHEMBL4547931,542.0,-6.74214194335061,-7.70488931031558,462.5500000000001,5.579600000000005,2.396806713414314,0.3342934197202444,79.89999999999999,5,2,8,True,CHEMBL4547931,1.0,CHEMBL3393597,0.5086153846153847,1.0,0.1078431372549019
c1cnn2ncc(-c3ccnc(Nc4ccc5c(c4)OCCO5)n3)c2c1,51236886,1.0,-8.06520075343063,-8.93265159324767,346.35000000000014,2.701100000000001,2.611960258694431,0.6101417780312128,86.46000000000001,8,1,3,True,51236886,1.0,CHEMBL246543,0.624966869864829,1.0,0.2261904761904762
c1ccc(CSc2nnc(-c3ccc4c(c3)CCO4)o2)cc1,CHEMBL456219,210.0,-7.54249351261875,-7.56628771875392,310.37800000000004,3.963800000000002,2.1166534271168267,0.682550461023631,48.150000000000006,5,0,4,True,CHEMBL456219,1.0,CHEMBL571619,0.7125327225130891,1.0,0.1285714285714285
CCCC(=O)Nc1n[nH]c2ncc(-c3cccc(F)c3F)cc12,CHEMBL264161,7.0,-9.96216502306645,-9.76162502127807,316.31100000000004,3.641700000000001,2.425630897234189,0.7717116864168245,70.67,3,2,4,True,CHEMBL264161,1.0,CHEMBL400863,0.5591211717709721,1.0,0.144578313253012
O=C(Cc1ccc(F)c2cnccc12)Nc1scc(Br)c1-c1ncn[nH]1,,,-7.095328101,-8.050390597,432.278,4.1642,2.932119336,0.507390008,83.56,5,2,4,True,CHEMBL3828624,0.645082204,CHEMBL1822132,1.0,0.137931034,1.0
O=C1NC(=S)NC1=Cc1ccc(-c2ccc([N+](=O)[O-])cc2)o1,51243424,584.0,-7.47730004299318,-8.40733560081626,315.31000000000006,2.2,2.5221955656234805,0.3899051453210397,97.41,5,2,3,False,51243424,1.0,CHEMBL4782076,0.5874115344074687,1.0,0.0909090909090909
CCC1COCCN1c1nc(-c2ccncc2F)cc(=O)n1C,CHEMBL3401119,19.0,-7.74723317914639,-8.83470816339526,318.3520000000001,1.5966,3.1504589385677484,0.8600817422910072,60.25,6,0,3,True,CHEMBL3401119,1.0,CHEMBL1682009,0.5694425698474828,1.0,0.1290322580645161
CCOC(=O)CCc1cccc2c(C3=C(c4coc5ccccc45)C(=O)NC3=O)cn(C)c12,50457172,10.0,-7.11826457599407,-8.19787186967479,442.4710000000002,3.987400000000004,2.7710002925339623,0.3602493913913923,90.54,6,1,6,True,50457172,1.0,CHEMBL4753310,0.6403224000895555,1.0,0.1238095238095238
COc1ccc(CNC(=O)Nc2nc3ccc(C#N)cc3s2)cc1,CHEMBL1824333,110.0,-7.54124299450085,-7.50379352126861,338.39200000000005,3.498280000000001,2.03488966017731,0.7620404493465068,87.03999999999999,5,2,4,True,CHEMBL1824333,1.0,CHEMBL4749658,0.5249112659392665,1.0,0.2432432432432432
Cc1n[nH]c(-c2c(C)csc2NC(=O)Cc2ccc(-c3ccncc3)cc2)n1,,,-7.122212232,-8.259618271,389.484,4.39324,2.748120365,0.53006848,83.56,5,2,5,True,CHEMBL593490,0.519669792,CHEMBL1682007,1.0,0.164948454,1.0
O=C1NC(=O)C(c2ccc(Cl)cc2)=C1Nc1ccc(O)c(Cl)c1,CHEMBL156684,173.0,-9.18385277830319,-7.47324273149848,349.173,3.1786000000000003,2.294133042204603,0.5875267137459769,78.43,4,3,3,True,CHEMBL156684,1.0,50383511,0.5570594479830149,1.0,0.1204819277108433
Cc1ccc([N+](=O)[O-])cc1S(=O)(=O)N(C)N=Cc1cnc2ccc(Br)cn12,200190,10.0,-6.24831810060804,-7.10858798403816,452.2900000000001,2.968020000000001,2.894558810070869,0.3359129546911549,110.18,7,0,5,False,200190,1.0,CHEMBL3393597,0.55985095482068,1.0,0.12
CCCOc1ccc(Oc2cc(Nc3ccccc3C(N)=O)c(C(F)(F)F)cn2)cc1,,,-7.788865064,-7.934521106,431.414,5.524,2.363428903,0.490197024,86.47,5,2,8,True,CHEMBL3099833,0.551789077,CHEMBL1923193,1.0,0.12745098,1.0
Cc1cc(Nc2n[nH]c3ncc(F)cc23)nc(C2CCCC2)n1,CHEMBL3652544,48.0,-9.24973835807501,-7.87299278292111,312.35200000000015,3.596620000000001,2.7565797270496084,0.7722430772662182,79.38000000000001,5,2,3,True,CHEMBL3652544,1.0,CHEMBL4782208,0.6356479294599275,1.0,0.0649350649350649
Cn1c(NCC(O)c2ccccc2)nc(-c2ccncc2)cc1=O,CHEMBL3093050,23.0,-8.19460192163835,-9.25074707720989,322.36800000000005,1.9878,2.713697747819076,0.7507425282684238,80.03999999999999,6,2,5,True,CHEMBL3093050,1.0,CHEMBL3220500,0.5708267509215377,1.0,0.1204819277108433
Cc1nc(-c2ccc(F)cc2)c(-c2ccnc(NC(=O)CCn3cncn3)c2)[nH]1,CHEMBL4557420,82.0,-8.38367346111764,-9.61186603348902,391.41000000000014,3.2065200000000003,2.5876072292135337,0.5255466360759488,101.38,6,2,6,True,CHEMBL4557420,1.0,CHEMBL1771722,0.6706358656823053,1.0,0.2528735632183908
O=C(Nc1n[nH]c2cc(-c3ccc(O)cc3)ccc12)C1CC1,CHEMBL260163,15.0,-8.49757099793465,-8.0631661979807,293.3260000000001,3.2840000000000016,2.1245123681757683,0.6931199898600003,78.01,3,3,3,True,CHEMBL260163,1.0,CHEMBL571619,0.6774245864417775,1.0,0.1515151515151515
NC1CCC(Nc2ncc3nc(Nc4c(F)cccc4F)n(C4CCCC4)c3n2)CC1,,,-7.543672399,-10.89588291,427.503,4.645,2.803679088,0.549023474,93.68,7,3,5,True,50234934,0.603392939,CHEMBL1946646,1.0,0.172839506,1.0
CC(C)c1cc(NCc2cccnc2)n2ncc(Br)c2n1,CHEMBL250369,420.0,-7.96280598791678,-7.46839454225714,346.2320000000001,3.622300000000002,2.524534389662937,0.7839621754960868,55.11,5,1,4,True,CHEMBL250369,1.0,CHEMBL3577865,0.5314442677461327,1.0,0.1866666666666666
O=C(Cc1cccc2ncccc12)Nc1scc(Br)c1-c1nnc[nH]1,,,-7.427138274,-8.423041597,414.288,4.0251,2.931601078,0.528425777,83.56,5,2,4,True,CHEMBL3828624,0.66656796,50626255,1.0,0.172839506,1.0
Fc1cccc(-n2ncc3c(N=NCc4ccncc4)ncnc32)c1,14650,316.0,-7.01592664446165,-8.21493833302207,333.33000000000004,3.6335000000000015,2.8844472860726924,0.534017196756514,81.21,7,0,4,False,14650,1.0,CHEMBL571619,0.6660542030316949,1.0,0.0897435897435897
COc1cccc2c(C3=C(c4cn(C)c5cc(Cl)c(F)cc45)C(=O)NC3=O)coc12,CHEMBL522760,260.0,-8.87966546548984,-8.28417961459986,424.81500000000017,4.292800000000002,2.792218538232696,0.4977438218615546,73.47,5,1,3,True,CHEMBL522760,1.0,CHEMBL1644629,0.6367466802860061,1.0,0.1111111111111111
Cc1nc2ccccc2n1Cc1nnc(Nc2ccccc2Cl)s1,CHEMBL3827511,122.0,-7.47884045173717,-7.21057267300169,355.85400000000004,4.641520000000002,2.209616540253755,0.5789717115625521,55.63,6,1,4,True,CHEMBL3827511,1.0,50659439,0.5866484336151169,1.0,0.0957446808510638
O=Nc1c(C2C(=O)Nc3ccc(S(=O)(=O)O)cc32)[nH]c2ccccc12,50864975,80.0,-7.44591924166424,-8.16001138548571,357.34700000000004,2.8965000000000005,3.2999171642388587,0.4901984850677983,128.69,5,3,3,True,50864975,1.0,CHEMBL4800639,0.6325115562403698,1.0,0.1805555555555555
N#CC(=C1Nc2ccccc2S1)c1ccnc(NCCc2cccnc2)n1,CHEMBL191384,40.0,-8.0614657754159,-10.2117978645895,372.4570000000001,3.936180000000003,2.78052576953033,0.6561152466645493,86.52,7,2,5,False,CHEMBL191384,1.0,CHEMBL1788116,1.0,1.0,1.0
COc1nc(-c2ccnc(NC(=O)C3CC3)c2)sc1C(N)=O,CHEMBL3410089,1.1,-8.72831906710816,-7.18117625813271,318.35800000000006,1.6610999999999998,2.498572789721436,0.8715172957352245,107.20000000000002,6,2,5,True,CHEMBL3410089,1.0,CHEMBL248643,0.6257206918641895,1.0,0.1408450704225352
COCCN1CCC(CNC(=O)c2n[nH]c3ccc(-c4cnccc4OC)cc23)CC1,CHEMBL3735079,45.0,-10.1465002972319,-7.64027650905404,423.5170000000003,2.7217,2.5182575497562443,0.5788283623171077,92.37,6,2,8,True,CHEMBL3735079,1.0,CHEMBL1761562,0.5730475994230373,1.0,0.1428571428571428
COc1cc(F)ccc1C1CN(c2nc(-c3ccncc3)cc(=O)n2C)CCN1.Cl,CHEMBL4087402,0.4,-7.85345588605268,-8.7092228093367,431.89900000000017,2.5627,3.15451666409711,0.6841669681850845,72.28,7,1,4,True,CHEMBL4087402,1.0,CHEMBL1644625,0.6761285482055771,1.0,0.1573033707865168
CCOC(=O)CN=c1nc(-c2ccc(OC)cc2)n(-c2ccccc2)s1,50932575,500.0,-7.64824202053795,-6.2632749727618,369.4460000000001,3.0732000000000017,2.6862356433098142,0.6265170767931396,65.71000000000001,7,0,6,False,50932575,1.0,50543920,0.6449749711205237,1.0,0.1298701298701298
CN1CCCn2cc(c3ccccc32)C2=C(C(=O)NC2=O)c2cn(c3ccccc23)CCOCCOCC1,CHEMBL321315,4.0,-4.98230448764234,-2.48910391603593,512.6100000000005,3.531900000000002,5.03932631125958,0.364976511115563,77.73,7,1,0,False,CHEMBL321315,1.0,51422453,0.356465101318752,1.0,0.238095238095238
COCCn1cc(C2=C(c3coc4ccccc34)C(=O)NC2=O)c2cccnc21,51194951,58.0,-7.28756524873908,-8.9058609172273,387.3950000000001,2.996100000000001,2.689894042400347,0.5322059106377183,86.36,6,1,5,True,51194951,1.0,CHEMBL3947134,0.5686839577329491,1.0,0.1341463414634146
CCS(=O)(=O)Nc1ccc(CCNC(=O)c2ccnc3nc(-c4cccs4)[nH]c23)cc1,50943607,12.0,-7.0570609982933,-7.34718417100099,455.5650000000001,3.420500000000001,2.565093850534117,0.376357846667222,116.84,6,3,8,True,CHEMBL2048661,1.0,CHEMBL3099962,0.5860036437680849,1.0,0.125
CSc1nc(-c2ccc(F)cc2)c(-c2ccnc(NC(=O)C3CC(=O)C3)c2)[nH]1,CHEMBL4458096,183.0,-7.60574963390548,-9.79152792961825,396.4470000000002,3.917300000000002,2.6075378270385148,0.6384997648125557,87.74000000000001,5,2,5,True,CHEMBL4458096,1.0,CHEMBL4074524,0.7188065099457505,1.0,0.5151515151515151
N#Cc1ccc(NCCNc2nc(-c3ccc(Cl)cc3Cl)cn3nc(CNC4CC4)cc23)nc1,CHEMBL3647957,80.0,-8.46862919264346,-7.50893523082214,493.4020000000002,4.7457800000000026,2.962787371857868,0.2894396640095704,102.96,8,3,9,True,CHEMBL3647957,1.0,CHEMBL1923212,0.5481368044920878,1.0,0.1132075471698113
CN(c1ncnc2[nH]c3cc(Cl)ccc3c12)C1CCCN(CCC#N)C1,CHEMBL5081917,489.0,-7.74532371931597,-8.39696527525147,368.8720000000003,3.5787800000000027,3.251743021921482,0.7616109853231889,71.84,5,1,4,True,CHEMBL5081917,1.0,CHEMBL4788894,0.5697625989171179,1.0,0.1494252873563218
CC1COCCN1c1nc(-c2ccncc2F)cc(=O)n1C,CHEMBL3401118,7.0,-7.62447329955344,-8.61620308802759,304.3250000000001,1.2065,3.1192765521755943,0.8343382543384311,60.25,6,0,2,True,CHEMBL3401118,1.0,CHEMBL397356,0.564659890539484,1.0,0.0581395348837209
O=C1NC(=O)C(c2cn(CCO)c3ccc(Br)cc23)=C1c1coc2ccccc12,51194945,21.0,-9.57657880190624,-6.60698054799531,451.2760000000001,3.709500000000001,2.695368535979057,0.4637522671803364,84.47,5,2,4,True,51194945,1.0,CHEMBL1784651,0.6015974827544475,1.0,0.0869565217391304
NC(=O)c1sc(-c2ccnc(NC(=O)C3CC3)c2)nc1OCCCC1CCN(Cc2cccc(F)c2)CC1,CHEMBL4776811,9.0,-7.09588896173795,-8.3662960544066,537.6610000000003,4.8628000000000045,2.748734837740741,0.338071967310287,110.44,7,2,11,True,CHEMBL4776811,1.0,50319407,0.5566178405403035,1.0,0.1794871794871795
Cc1cnc(Nc2ccc(-n3cnc(N4CCOCC4)n3)cc2)cc1-c1ccn(C)n1,,,-9.172417795,-9.11627611,416.489,2.95142,2.779374202,0.535262443,85.92,9,1,5,True,CHEMBL3891139,0.60117201,CHEMBL1771710,1.0,0.197802198,1.0
Cn1cnc(-c2c(Cl)csc2NC(=O)Cn2c(=O)ccn3nccc23)n1,,,-7.293327638,-8.34754748,389.828,1.6451,3.37506109,0.571730788,99.11,9,1,4,True,CHEMBL402932,0.599244876,696051,1.0,0.134831461,1.0
Cn1cc(C2=C(c3coc4ccccc34)C(=O)NC2=O)c2cc(I)ccc21,CHEMBL522751,34.5,-7.22606419629492,-7.97675513248536,468.2500000000001,4.096300000000002,2.7003523354643963,0.3562149779081549,64.24000000000001,4,1,2,False,CHEMBL522751,1.0,CHEMBL399168,0.5909854423292273,1.0,0.075
CC(C)c1nn(-c2c(Cl)cccc2Cl)c2nc(Cc3ccc(OCCO)cc3)[nH]c(=O)c12,50865201,754.0,-8.63314376285308,-7.16795592421784,473.3600000000003,4.500900000000005,2.6907478962420885,0.412444417467522,93.03,6,2,7,True,50865201,1.0,CHEMBL3220488,0.5249459932105751,1.0,0.0776699029126213
CC1(C)CC(=O)C2=C(C1)Nc1n[nH]c(C(F)(F)F)c1C2c1cccc(F)c1C(F)(F)F,580703,100.0,-4.62447330866315,-4.11205770443346,447.3540000000001,5.787000000000003,3.76580306738552,0.544679279573916,57.78,3,2,1,False,580703,1.0,CHEMBL3355993,0.3433561248867287,1.0,0.1121495327102803
COC1CCC(NC(=O)c2n[nH]cc2NC(=O)C2CCC(F)(F)CC2)CC1,50234822,8.0,-8.21417639801765,-8.02664528107825,384.4270000000003,2.8611000000000013,3.0471909415951064,0.7273211700341858,96.11,4,3,5,True,50234822,1.0,CHEMBL250017,0.5948878707499397,1.0,0.0804597701149425
CN(C)CC1CCn2c(c(C3=C(c4cn(C)c5ccccc45)C(=O)NC3=O)c3ccccc32)C1,CHEMBL26501,20.0,-6.26767193969207,-8.13147387525111,452.5580000000002,3.824200000000003,3.302474329876872,0.4790891174935276,59.27,5,1,4,True,CHEMBL26501,1.0,CHEMBL3947385,0.6044876088412592,1.0,0.0631578947368421
COc1cccc(OC)c1C1CN(c2nc(-c3ccncn3)cc(=O)n2C)CCO1,CHEMBL3091542,0.23,-7.14326003535447,-7.58074031749343,409.4460000000002,1.8324,3.182300896144133,0.6303809155275737,91.6,9,0,5,True,CHEMBL3091542,1.0,CHEMBL1288100,0.5540735400144197,1.0,0.1382978723404255
Cc1ccc2c(-c3ccnc(Nc4ccc(F)c(F)c4)n3)c(-c3ccc(F)cc3)nn2n1,13969,16.0,-7.0348637932532,-11.0101038602924,432.4090000000001,5.322620000000003,2.5987018761752,0.416222918002673,68.0,6,1,4,True,13969,1.0,CHEMBL4074524,0.6832425892317,1.0,0.282051282051282
Clc1ccccc1-c1cc(NCOc2cccnc2)n2ncc(Br)c2n1,CHEMBL398621,35.0,-7.93980060625899,-6.8057094961469,430.693,4.655600000000002,2.606817141285523,0.466730937690325,64.34,6,1,5,True,CHEMBL398621,1.0,CHEMBL401123,0.533341146138521,1.0,0.1494252873563218
COC1CCC(NC(=O)c2n[nH]cc2NC(=O)C2CCOCC2)CC1,50234821,8.0,-8.045135370018,-7.53591023315933,350.4190000000003,1.4621999999999995,2.826972390022796,0.7455315782386704,105.34,5,3,5,True,50234821,1.0,CHEMBL250017,0.5769846153846154,1.0,0.0681818181818181
COc1ccc(Nc2nnc(Cn3c(C)nc4ccccc43)s2)cc1,CHEMBL3827844,151.0,-7.80774556066143,-6.21003988915958,351.435,3.9967200000000025,2.150814565997507,0.588709536590342,64.86,7,1,5,True,CHEMBL3827844,1.0,CHEMBL4795574,0.5593681211964263,1.0,0.1111111111111111
FC(F)(F)c1cccc(CSc2nnc(-c3ccc4c(c3)CCO4)o2)c1,CHEMBL472249,68.0,-7.21118861503902,-7.83161547949882,378.37500000000017,4.982600000000002,2.3588331817713524,0.5992831811940338,48.150000000000006,5,0,4,True,CHEMBL472249,1.0,CHEMBL197698,0.6033263488737559,1.0,0.0909090909090909
CCCC(=O)Nc1n[nH]c2c(Cl)c(Cl)c(-c3ccccc3)cc12,CHEMBL1097003,12.0,-8.86563060353067,-7.07873778849122,348.23300000000006,5.275300000000003,2.454011252263774,0.6742838247410011,57.78,2,2,4,True,CHEMBL1097003,1.0,CHEMBL4800639,0.6280134269148612,1.0,0.1643835616438356
O=[N+]([O-])c1cccc(-c2ccc(CSc3nnc(-c4ccc5c(c4)OCO5)o3)cc2)c1,CHEMBL2391120,86.0,-7.54407019930095,-7.77746723441354,433.4450000000002,5.332800000000003,2.321959663027588,0.2283645558644891,100.52,8,0,6,False,CHEMBL2391120,1.0,CHEMBL1644634,0.5392030848329049,1.0,0.0918367346938775
Cl.Cn1c(N2CCNC(c3ccc(Br)cc3)C2)nc(-c2ccncn2)cc1=O,CHEMBL4081408,8.1,-7.45562888630854,-7.73817222749754,463.7670000000002,2.5725,3.2149154841311933,0.6433502462677786,75.94,7,1,3,True,CHEMBL4081408,1.0,CHEMBL372082,0.5814262023217247,1.0,0.1414141414141414
CS(=O)c1ccc(-c2coc3ccc(-c4nnc(N)o4)cc23)cc1,50531965,13.0,-8.39884398439902,-7.72306639685673,339.3760000000001,3.469400000000001,3.118774001999678,0.6138853625183339,95.15,6,1,3,True,CHEMBL584976,1.0,50383511,0.6427582387150375,1.0,0.0879120879120879
CCc1nc(-c2ccc(F)cc2)c(-c2ccnc(NC(=O)C3CC3)c2)[nH]1,CHEMBL4536012,35.0,-6.42569298735854,-9.70405845102983,350.3970000000001,4.1887000000000025,2.3529473688815408,0.7247499615014192,70.67,3,2,5,True,CHEMBL4536012,1.0,CHEMBL198756,0.6348542293110211,1.0,0.3
CC1COc2c(NCCCc3ccccc3)c(F)c(N)c3c(=O)c(C#N)cn1c23,CHEMBL1940979,1.4,-8.0465184287139,-8.55122060889197,392.4340000000002,3.5925800000000017,3.300730468988428,0.5112455740651433,93.07,6,2,5,True,CHEMBL1940979,1.0,CHEMBL1923200,0.6356680400235433,1.0,0.0891089108910891
NC(=O)c1ccc(-c2ccnc(NC(=O)C3CC3)c2)cn1,CHEMBL3410103,90.0,-9.2065836476931,-7.96040018884787,282.30299999999994,1.591,2.166738274930214,0.8892499191305028,97.97,4,2,4,True,CHEMBL3410103,1.0,CHEMBL571619,0.6585127201565557,1.0,0.2459016393442623
Cn1c(NCC(=O)c2ccccc2F)nc(-c2ccncc2)cc1=O,CHEMBL3093053,27.0,-8.4255778928446,-8.40902045048458,338.34200000000004,2.2762,2.3812479859057856,0.7223583701763556,76.88,6,1,5,True,CHEMBL3093053,1.0,50659446,0.5669940584454953,1.0,0.1847826086956521
NC(=O)c1sc(-c2ccnc(NC(=O)C3CC3)c2)nc1OCCC1CCN(Cc2ccccc2Cl)CC1,CHEMBL4742138,27.0,-8.74851674957661,-8.50950342753521,540.0890000000002,4.987000000000005,2.729907684822889,0.3754556327548996,110.44,7,2,10,True,CHEMBL4742138,1.0,CHEMBL584899,0.5328267736702809,1.0,0.1379310344827586
COc1ccccc1C1=C(Nc2cccc(O)c2)C(=O)NC1=O,CHEMBL160231,259.0,-9.78337122656898,-8.86008598454422,310.309,1.8803999999999996,2.2655991812578584,0.7505639722695365,87.66,5,3,4,True,CHEMBL160231,1.0,CHEMBL248832,0.6602605863192182,1.0,0.056338028169014
CNC(=O)c1ccc(CNC(=O)c2ncoc2-c2ccc(OC)cc2)cc1,50201463,251.0,-7.87485977658938,-7.60274773364461,365.38900000000007,2.639800000000001,2.101934153646214,0.7003954852910346,93.46,5,2,6,True,50201463,1.0,CHEMBL1644625,0.5947174447174447,1.0,0.1234567901234567
Fc1ccc(Nc2nccc(-c3c(-c4cccc(C(F)(F)F)c4)nn4ncccc34)n2)cc1F,13948,316.0,-8.27048127771604,-11.226902106444,468.38900000000007,5.893900000000003,2.685994890995577,0.333146290247999,68.0,6,1,4,True,13948,1.0,784802,0.7010321233909312,1.0,0.1386138613861386
CC1(C)CC(=O)C2=C(C1)Nc1n[nH]c(C(F)(F)F)c1C2(C)c1ccccc1,338323,4.0,-7.61537620327484,-5.45822768927686,375.3940000000001,4.803200000000004,3.721799510927859,0.7525289011697823,57.78,3,2,1,True,338323,1.0,CHEMBL1784093,0.5051026533797575,1.0,0.1071428571428571
COc1ncccc1-c1ccc2[nH]nc(C(=O)NCC3CCN(Cc4ccc(C(=O)O)o4)CC3)c2c1,CHEMBL3734924,360.0,-10.7923782858508,-7.06564610762572,489.5320000000004,3.5667000000000018,2.700493795853834,0.3420821714378075,133.58,7,3,8,True,CHEMBL3734924,1.0,CHEMBL248790,0.4783929446349828,1.0,0.1752577319587628
O=C(NCC1CCN(Cc2ccc(F)cc2)CC1)c1cncc(NC(=O)c2ccnc(NC(=O)C3CC3)c2)c1,CHEMBL4868956,244.0,-8.63360064071162,-7.97563332561441,530.6040000000003,3.858500000000002,2.478499655126244,0.3870007342515235,116.32000000000002,6,3,9,True,CHEMBL4868956,1.0,CHEMBL2376916,0.4523189585028478,1.0,0.1923076923076923
Cc1sc(C(=O)NC2C(N)CCCC2(F)F)cc1-c1cnn2cc(Cl)cnc12,CHEMBL4552628,150.0,-8.0885486559744,-7.55434408177224,425.89200000000005,3.664520000000002,3.947977210960893,0.6701270287962229,85.31,6,2,3,True,CHEMBL4552628,1.0,CHEMBL1923216,0.5662425586553053,1.0,0.1263157894736842
CNC(=O)c1ccccc1Nc1cc(Nc2ccc(N3CCOCC3)cc2OC)ncc1F,,,-6.862539682,-8.13335145,451.502,3.9127,2.454084608,0.501987092,87.75,7,3,7,True,51320408,0.538148843,CHEMBL3220465,1.0,0.138613861,1.0
COc1cccc(Oc2cc(Nc3ccccc3C(N)=O)c(C(F)(F)F)cn2)c1,,,-7.608315114,-7.153861533,403.36,4.7438,2.334958939,0.620689095,86.47,5,2,6,True,346052,0.551237162,CHEMBL1923189,1.0,0.120879121,1.0
O=C(NCCc1ccc(F)nc1)c1ccnc2nc(-c3ccc(F)cc3)[nH]c12,50943610,17.0,-7.67072667676031,-9.5901603431141,379.37000000000006,3.270600000000001,2.45295284380796,0.5215088670764452,83.56,4,2,5,True,CHEMBL2048664,1.0,CHEMBL205672,0.6699793495095508,1.0,0.2258064516129032
CCNC(=O)c1sc(-c2ccnc(NC(=O)CNCCNc3c4c(nc5ccccc35)CCCC4)c2)nc1OCC1CC1,51376218,114.0,-7.84976048679778,-6.95619767295063,599.7610000000001,4.810800000000005,3.0950105146179183,0.1612005941114782,130.16,9,4,13,True,51376218,1.0,CHEMBL1682000,0.3484156116563038,1.0,0.1709401709401709
Cc1cc(Nc2n[nH]c3ncc(F)cc23)nc(-c2ccccc2Cl)c1C,CHEMBL3661030,200.0,-9.35380322358524,-8.12792907895833,367.81500000000005,5.172840000000002,2.6665683668025384,0.5237069144781207,66.49000000000001,4,2,3,True,CHEMBL3661030,1.0,696081,0.5535496462551842,1.0,0.088235294117647
NC(=O)c1nc(-c2cccc(OC(F)(F)F)c2)c(-c2ccnc(NC(=O)C3CC3)c2)[nH]1,CHEMBL4529679,352.0,-6.42477507792556,-9.09603437864205,431.37400000000014,3.484700000000001,2.6922189093269058,0.5514385695841257,122.99,5,3,6,True,CHEMBL4529679,1.0,50715940,0.6288835780129738,1.0,0.1515151515151515
O=C(NCCCN1CCOCC1)c1ccc(-n2ncc3cc(Nc4ccccc4Cl)ccc32)cc1,,,-5.925324953,-8.898816007,490.007,4.8746,2.32402758,0.345262773,71.42,6,2,8,True,CHEMBL3828321,0.420117781,CHEMBL2376906,1.0,0.141414141,1.0
Cn1cc(C2=C(c3nnc4ccccn34)C(=O)NC2=O)c2cc(F)ccc21,CHEMBL3398193,188.0,-7.64063325645407,-9.12270588972309,361.3360000000001,1.9273,2.7440864013984605,0.5533471596007887,81.28999999999999,6,1,2,True,CHEMBL3398193,1.0,CHEMBL1991853,0.6455091665382837,1.0,0.1
CSc1nc(-c2ccc(F)cc2)c(-c2ccnc(NC(=O)C3CC(Cl)C3)c2)[nH]1,CHEMBL4446355,170.0,-5.86165396835633,-10.0211531444928,416.9090000000001,4.955600000000002,2.6852901152566258,0.4554250833859249,70.67,4,2,5,True,CHEMBL4446355,1.0,CHEMBL4074524,0.6882015465203293,1.0,0.5625
Cn1cnc(-c2c(C#N)csc2NC(=O)Cc2cccc3ncccc23)n1,,,-6.34223501,-8.033687037,374.429,3.14468,2.835819453,0.591823205,96.49,7,1,4,True,CHEMBL3827511,0.510076186,695913,1.0,0.136363636,1.0
N#Cc1csc(NC(=O)CN2C(=O)CCc3ncccc32)c1-c1nccs1,,,-6.952818637,-8.717491493,395.469,3.05618,2.977478033,0.731908913,98.98,7,1,4,True,CHEMBL3827219,0.607147448,CHEMBL1822306,1.0,0.152941176,1.0
Cc1ccc(-c2ccc3occ(-c4ccc(C(N)=O)cc4)c3c2)o1,CHEMBL576165,69.0,-9.2779001279525,-8.36413213352472,317.34400000000005,4.767120000000004,2.159866248806072,0.5916052597832735,69.37,3,1,3,True,CHEMBL576165,1.0,CHEMBL246544,0.624899166442592,1.0,0.1136363636363636
O=C(Cn1c(=O)ccc2c(F)cccc21)Nc1scc(Br)c1-c1ncn[nH]1,,,-7.37153165,-8.685795157,448.277,3.3884,2.846217071,0.50084459,92.67,6,2,4,True,51159565,0.603295622,695875,1.0,0.134020619,1.0
Cc1csc(-c2cnc(N)c(NC(=O)c3ccnc(NC(=O)C4CC4)c3)c2)c1,CHEMBL4578996,219.0,-8.75224019506705,-7.97218045120584,393.47200000000015,3.696520000000002,2.5664813518681164,0.6121849100777687,110.0,6,3,5,True,CHEMBL4578996,1.0,CHEMBL4783382,0.6702903026559605,1.0,0.2282608695652173
O=C1NC(=O)C(c2ccccc2Cl)=C1Nc1ccccc1,CHEMBL347647,216.0,-8.78897146980208,-7.61908025883597,298.729,2.8196000000000003,2.078485158893709,0.8567753567400479,58.2,3,2,3,True,CHEMBL347647,1.0,CHEMBL248643,0.6501261564339782,1.0,0.0483870967741935
CNC(=O)c1cc(-n2ncc3cc(Nc4ccccc4Cl)c(F)cc32)cs1,,,-7.472968909,-8.943006218,400.866,4.9827,2.664411676,0.507427041,58.95,5,2,4,True,14691,0.62525355,CHEMBL4874134,1.0,0.150537634,1.0
COc1cccc(-n2ncc3c(N=NCc4ccc(N)cc4)ncnc32)c1,14667,2.51,-7.98328762815732,-8.46779771405442,359.3930000000001,3.690200000000001,2.7926803922177683,0.4321853788314369,103.57,8,1,5,False,14667,1.0,CHEMBL572282,0.6125868410298325,1.0,0.1518987341772152
Clc1cccc(CSc2nnc(-c3ccncc3)o2)c1,CHEMBL40021,820.0,-6.31475741502501,-7.86746469775276,303.774,4.077300000000003,2.088391414687397,0.6798042476732032,51.81,5,0,4,True,CHEMBL40021,1.0,CHEMBL4800639,0.6327776860868131,1.0,0.1111111111111111
Br.CCCCCN=c1nc(-c2ccc(OC)cc2)n(-c2ccccc2)s1,CHEMBL2024373,300.0,-7.36543795508339,-6.60656064842229,434.4030000000001,5.278200000000004,2.684615144349316,0.4750309118007481,39.41,5,0,7,False,CHEMBL2024373,1.0,50543920,0.6555584483207498,1.0,0.1216216216216216
C[S+]([O-])c1nc(-c2ccc(F)cc2)c(-c2ccnc(NC(=O)C3CC3)c2)[nH]1,CHEMBL4589431,236.0,-6.68456947202824,-9.54203112487959,384.43600000000015,3.3637000000000006,3.409436927494223,0.6597245770082377,93.73,4,2,5,False,CHEMBL4589431,1.0,CHEMBL1946333,0.6100142721217887,1.0,0.160919540229885
O=C1NC(=O)C(c2ccccc2)=C1Nc1ccc(C(=O)Nc2ccccc2)cc1,CHEMBL4636075,210.0,-8.78505844244898,-8.49238304799381,383.407,3.4185000000000016,2.020251185257491,0.5893890269138328,87.30000000000001,4,3,5,True,CHEMBL4636075,1.0,CHEMBL4753310,0.6599249121957127,1.0,0.1511627906976744
Cc1[nH]nc2c1C(c1cccs1)C1=C(CC(C)(C)CC1=O)N2,580536,550.0,-9.27966932797345,-7.22261605972142,313.42600000000004,3.980220000000002,3.5149125323244776,0.8369711262098132,57.78,4,2,1,True,580536,1.0,79831,0.5246820730206482,1.0,0.1547619047619047
O=C(CN1C(=O)CCc2ncccc21)Nc1scc(Br)c1-c1ncco1,,,-6.269254418,-7.759261575,433.287,3.4785,3.017088566,0.680907683,88.33,6,1,4,True,51159565,0.585686226,CHEMBL1822153,1.0,0.101010101,1.0
O=C(Nc1cnn(-c2cccc(C(=O)NCCCN3CCCC3)c2)c1)Nc1ccccc1Cl,,,-7.677499658,-7.766146872,466.973,4.3854,2.249607872,0.429346567,91.29,5,3,8,True,50234923,0.566131026,CHEMBL3355180,1.0,0.217391304,1.0
CNC(=O)c1sc(-c2ccnc(NC(=O)C3CC3)c2)nc1OCCc1cn(CCNc2c3c(nc4cc(Cl)ccc24)CCCC3)nn1,CHEMBL4741219,46.7,-7.2156274572531,-7.33578598781245,672.2149999999999,5.318700000000004,3.326417382227426,0.1602495089326676,148.84000000000003,11,3,12,True,CHEMBL4741219,1.0,CHEMBL4094220,0.4295112781954887,1.0,0.2248062015503876
Cc1ccc2[nH]nc(C(=O)NCC3CCN(CC(=O)Nc4ccccc4)CC3)c2c1,CHEMBL3735755,640.0,-8.18672125775389,-6.63407065596269,405.5020000000001,2.951820000000001,2.1704124942766523,0.5881543765860128,90.12,4,3,6,True,CHEMBL3735755,1.0,CHEMBL4861739,0.5749140512365531,1.0,0.15
Cn1c(N2CCC(O)(c3ccccc3)CC2)cc(-c2ccncn2)cc1=O,CHEMBL1682850,8.5,-8.73548184429187,-8.47247202373598,362.4330000000001,2.3303000000000003,2.7064928257433465,0.774283229504223,71.25,6,1,3,True,CHEMBL1682850,1.0,CHEMBL2425655,0.5183399952974371,1.0,0.1547619047619047
O=C(CN1C(=O)CCc2ncccc21)Nc1scc(Br)c1-c1nnc[nH]1,,,-7.211361417,-8.623750529,433.291,2.6086,3.238287336,0.658563645,103.87,6,2,4,True,CHEMBL3828624,0.662154294,50659442,1.0,0.16091954,1.0
COc1c(NCCCc2ccccc2)c(F)c(N)c2c(=O)c(C(=O)O)cn(C3CC3)c12,CHEMBL1834123,65.0,-8.11944424326703,-7.84727984252042,425.46000000000026,3.8092000000000015,2.643709070328695,0.3743079337201968,106.57999999999998,6,3,8,True,CHEMBL1834123,1.0,CHEMBL1681998,0.5939718375421855,1.0,0.1685393258426966
O=C(Nc1cc(-c2ccnc(Nc3ccc(F)cc3)c2)ccn1)C1CCOCC1,,,-9.54698265,-10.53091005,392.434,4.3914,2.312217139,0.673436783,76.14,5,2,5,True,50397446,0.616398795,CHEMBL205078,1.0,0.131578947,1.0
CNC(=O)c1nn(C)c2c1CCc1cnc(NC3CCN(C(=O)C4CCN(S(C)(=O)=O)CC4)CC3)nc1-2,CHEMBL597754,358.0,-8.51706043657157,-7.5284600946035,530.6550000000004,0.4098000000000024,2.9563766783475067,0.5660853190229569,142.42000000000002,9,2,5,True,CHEMBL597754,1.0,CHEMBL1761566,0.441813908956393,1.0,0.1308411214953271
Cc1[nH]nc2c1C(c1cccc(C#N)c1)C1=C(CC(C)(C)CC1=O)N2,580623,100.0,-7.431885190057,-6.45334226078705,332.4070000000001,3.7904000000000018,3.41799518621688,0.8322176898330009,81.57,4,2,1,True,580623,1.0,CHEMBL4747276,0.5554006085192698,1.0,0.1123595505617977
Cn1cc(C2=C(c3coc4ccccc34)C(=O)NC2=O)c2cccc(CO)c21,CHEMBL522464,5.4,-9.86951415882889,-8.95742118666009,372.38000000000017,2.9840000000000013,2.7500811985088163,0.5416701560614354,84.47000000000001,5,2,3,True,CHEMBL522464,1.0,CHEMBL1644629,0.6194305299235434,1.0,0.1358024691358024
COc1ccccc1C1CN(c2nc(-c3ccncc3)cc(=O)n2C)CCN1.Cl,CHEMBL4085821,1.8,-7.98996932471495,-8.55069778627503,413.90900000000016,2.4236,3.048933095630078,0.7078329807430769,72.28,7,1,4,True,CHEMBL4085821,1.0,CHEMBL205561,0.6562655395325709,1.0,0.1714285714285714
CCS(=O)(=O)Nc1ccc(CCNC(=O)c2ccc(O)c3[nH]c(-c4ccc(Cl)cc4Cl)nc23)cc1,CHEMBL559559,30.0,-7.67048515285213,-10.0764504951755,533.4370000000002,4.976400000000004,2.5630751302932517,0.2545210391829614,124.18000000000002,5,4,8,True,CHEMBL559559,1.0,CHEMBL1761568,0.5681261631893427,1.0,0.1442307692307692
O=C(Nc1cc(-c2[nH]c(SCc3ccccc3)nc2-c2ccc(F)cc2)ccn1)C1CCCC1,CHEMBL4437018,663.0,-5.70834819923887,-7.45373616789778,472.5890000000003,6.698800000000004,2.3996006308845548,0.2937309364076585,70.67,4,2,7,True,CHEMBL4437018,1.0,CHEMBL1644644,0.5505309410472354,1.0,0.2376237623762376
COc1ccc(C2=C(c3cn(C)c4ccccc34)C(=O)NC2=O)c(OC)c1,CHEMBL1088149,2.4,-9.11057740192723,-8.36694141601365,362.3850000000001,2.7627,2.3169138160890324,0.7248333688797016,69.56,5,1,4,True,CHEMBL1088149,1.0,CHEMBL1644629,0.6472342733188721,1.0,0.1558441558441558
O=C(O)c1cccc(-c2n[nH]c3cc(Nc4ccccc4Cl)ccc23)c1,,,-8.566800147,-8.607920541,363.804,5.3251,2.10664672,0.457909044,78.01,3,3,4,True,CHEMBL4093930,0.59831353,50319431,1.0,0.094736842,1.0
COCCc1cccc2c(C3=C(c4coc5ccccc45)C(=O)NC3=O)cn(C)c12,51194936,11.0,-8.596842093957,-8.46048104189569,400.43400000000014,3.6806000000000023,2.7648171454394426,0.5188642054445515,73.47,5,1,5,True,51194936,1.0,CHEMBL1644618,0.6167572677853935,1.0,0.1
COC1CCC(NC(=O)c2n[nH]cc2NC(=O)c2ccccc2F)CC1,50234862,5.0,-9.05092019914738,-7.13362520340694,360.3890000000001,2.4885,2.5937974728316444,0.7632067815291957,96.11,4,3,5,True,50234862,1.0,CHEMBL248790,0.5900805951642901,1.0,0.1325301204819277
NC1CCC(Nc2ncc3nc(Nc4c(F)cc(F)cc4F)n(C4CCCC4)c3n2)CC1,,,-6.677113688,-10.87943647,445.493,4.7841,2.895975789,0.523179382,93.68,7,3,5,True,50721054,0.542528246,CHEMBL1946647,1.0,0.098039216,1.0
O=[N+]([O-])c1cccc(Nc2nccc(-c3cnn4ncccc34)n2)c1,CHEMBL526110,2.0,-8.42258286441877,-9.09618194630245,333.31100000000004,2.8381000000000007,2.5621894869669486,0.4512486634583549,111.14,8,1,4,False,CHEMBL526110,1.0,51238049,0.6248808388941849,1.0,0.1052631578947368
COc1cc2c(cc1OC)-c1[nH]c3ccccc3c1CC(=O)N2,CHEMBL431634,899.5,-8.66100283826531,-8.42230163212712,308.33700000000005,3.346700000000001,2.307181731015792,0.762898391761095,63.35,3,2,2,True,CHEMBL431634,1.0,CHEMBL1644616,0.6329721362229102,1.0,0.0869565217391304
COc1ccccc1Nc1ccc2c(cnn2-c2cccc(C(=O)NCCCN3CCOCC3)c2)c1,,,-7.625382113,-9.620265945,485.588,4.2298,2.364882218,0.345551958,80.65,7,2,9,True,1216168,0.560717039,CHEMBL2376917,1.0,0.183486239,1.0
Cc1ccc(-c2cccc3cnc(Nc4ccc(F)cc4)nc23)cn1,,,-9.052311202,-8.468318708,330.366,4.88292,2.154881162,0.581319598,50.7,4,1,3,True,CHEMBL1276317,0.640160977,CHEMBL1761573,1.0,0.105263158,1.0
N#Cc1onc(-c2ccnc(Nc3ccc(N4CCOCC4)cc3)c2)c1-c1ccc(F)cc1,,,-9.29103523,-12.00003721,441.466,4.99458,2.644062298,0.46656264,87.21,7,1,5,False,CHEMBL1834115,0.584817642,CHEMBL3099969,1.0,0.11,1.0
Cc1csc(NC(=O)CN2C(=O)CCc3ccccc32)c1-c1nnc[nH]1,,,-7.441915198,-8.260929577,367.434,2.75952,2.934170413,0.741738784,90.98,5,2,4,True,339353,0.517333333,50626381,1.0,0.170454545,1.0
CCNC(=O)NC1COC2C(Nc3nccc(-c4ccc(OC)cc4)n3)COC12,CHEMBL4755365,117.0,-9.77403249254347,-7.58650776964577,399.4510000000002,1.4179999999999997,3.680531630821646,0.6743666075815402,106.63,7,3,6,True,CHEMBL4755365,1.0,CHEMBL4851793,0.5395354293758798,1.0,0.1182795698924731
O=C(Nc1n[nH]c2nc(-c3cccc(O)c3)ccc12)C1CC1,CHEMBL408019,8.0,-7.94915485486844,-8.45887765900299,294.31400000000014,2.6790000000000003,2.3610464341098343,0.6923200521171139,90.9,4,3,3,True,CHEMBL408019,1.0,CHEMBL383177,0.638250319284802,1.0,0.2295081967213114
O=C1Nc2ccccc2NC1=CC(=O)c1cccc(Cl)c1,,,-8.826464879,-8.125290197,298.729,3.4708,2.27505439,0.659106024,58.2,3,2,2,True,50506652,0.708688839,CHEMBL4777530,1.0,0.169230769,1.0
O=C1NC(=O)C2=C1c1cn(c3ccccc13)CCOCCOCCn1cc2c2ccccc21,CHEMBL131035,136.0,-5.74120210173949,-4.68618437971371,441.48700000000025,3.2100000000000017,4.900954852488153,0.425483615259179,74.49000000000001,6,1,0,False,CHEMBL131035,1.0,CHEMBL3356001,0.3880251933349278,1.0,0.108695652173913
N=C1NC(=O)C(=Cc2ccc(-c3ccc(S(N)(=O)=O)c(C(F)(F)F)c3)o2)S1,CHEMBL233970,2.0,-7.96002252231607,-7.2423870653738,417.3900000000001,2.7514700000000003,3.039773590921268,0.6622305131204483,126.25,6,3,3,True,CHEMBL233970,1.0,CHEMBL3220483,0.5348758845333034,1.0,0.07
COCCN1CCC(CNC(=O)c2n[nH]c3ccc(-c4ccccc4)cc23)CC1,CHEMBL3736164,200.0,-9.74052111667501,-7.8674988377417,392.5030000000002,3.318100000000002,2.2358270934669253,0.647153718337053,70.25,4,2,7,True,CHEMBL3736164,1.0,CHEMBL4876387,0.5965127975857829,1.0,0.1958762886597938
Cc1nc2ccccc2n1Cc1nnc(Nc2ccccc2F)s1,CHEMBL3828131,76.0,-8.22518484696071,-7.02136412904826,339.399,4.127220000000002,2.214581375418589,0.6073521099881612,55.63,6,1,4,True,CHEMBL3828131,1.0,CHEMBL401123,0.5127861665854847,1.0,0.1058823529411764
COc1ccccc1C1CCCN(c2cc(-c3ccncn3)cc(=O)n2C)C1,CHEMBL1682848,84.1,-7.15351868284281,-7.78231939905696,376.4600000000001,3.234900000000001,3.0348952309666366,0.6996087212034874,60.25,6,0,4,True,CHEMBL1682848,1.0,CHEMBL4795574,0.5489741084513923,1.0,0.0978260869565217
Cc1ccc(-c2cccc3cnc(Nc4ccc(-n5cnc(N6CCOCC6)n5)cc4)nc23)cn1,,,-9.261084731,-8.706857802,464.533,4.16112,2.727892317,0.414420367,93.88,9,1,5,True,CHEMBL257188,0.558542546,CHEMBL1761563,1.0,0.219512195,1.0
N#Cc1ccc2c(c1)C(c1ccc3c(n1)CCCC3O)C(=O)N2,557190,100.0,-8.70804389905615,-8.21555129869479,305.337,2.4069799999999995,3.56530206971854,0.8468260935627085,86.00999999999999,4,2,1,True,557190,1.0,51238049,0.5709108099590293,1.0,0.0779220779220779
CCS(=O)(=O)Nc1ccc(CCNC(=O)c2ccnc3[nH]c(-c4ccc(F)cc4F)nc23)cc1,CHEMBL2048660,2.0,-7.83764322953947,-8.20408020856153,485.5160000000001,3.6372000000000018,2.5697224385768624,0.3523762677676854,116.84000000000002,5,3,8,True,CHEMBL2048660,1.0,CHEMBL1761562,0.5396285130798405,1.0,0.1333333333333333
O=C1Cc2c([nH]c3ccc(C(F)(F)F)cc23)-c2ccccc2N1,CHEMBL329505,29.99,-9.66123372087915,-8.99925634360053,316.282,4.348300000000002,2.38052864871348,0.636185934748119,44.89,1,2,0,True,CHEMBL329505,1.0,CHEMBL397356,0.6540182270091135,1.0,0.0779220779220779
O=C(NCCCn1cnc(Cl)c1Cl)c1ccc(O)c2[nH]c(-c3cccs3)nc12,CHEMBL1957959,8.0,-7.79796497809521,-9.61889559489905,436.3240000000001,4.320400000000002,2.7787686985088165,0.3925021421029108,95.83,6,3,6,False,CHEMBL1957959,1.0,CHEMBL1761568,0.6026951151038742,1.0,0.1485148514851485
COc1cc(Nc2nccc(-c3cnn4nc(C)ccc34)n2)cc(C(F)(F)F)c1,13921,10.0,-9.0755414638975,-8.14199246410803,400.3640000000001,4.265720000000003,2.724997942159124,0.5514734576221476,77.23,7,1,4,True,13921,1.0,CHEMBL3220489,0.6762666666666667,1.0,0.086021505376344
COc1ccc(-n2cnc3ccc(-c4nnc(SCc5cccc(C(F)(F)F)c5)o4)cc32)cc1,CHEMBL513570,2.5,-8.52878794339291,-8.50680590437998,482.4870000000002,6.395200000000004,2.4840749699740368,0.261215498790623,65.97,7,0,6,True,CHEMBL513570,1.0,CHEMBL1923212,0.5328482328482329,1.0,0.2258064516129032
Cn1c(N2CCOC(c3c(F)cccc3Cl)C2)nc(-c2ccncn2)cc1=O,CHEMBL3091544,0.64,-6.85817486967322,-8.11392301902514,401.8290000000001,2.6077000000000004,3.245017154043561,0.6713648698429714,73.14,7,0,3,True,CHEMBL3091544,1.0,CHEMBL400863,0.5208722014925373,1.0,0.1170212765957446
Cc1cc(-c2cc(-c3ccccc3)nc(=O)[nH]2)ccc1O,50624929,17.2,-9.05172123689253,-8.8491691676528,278.31100000000004,3.117920000000002,2.124092081970632,0.7565624140265935,65.98,3,2,2,True,50624929,1.0,CHEMBL571619,0.6580370309683763,1.0,0.2131147540983606
COc1cccc(-c2ccc3c(NC(=O)C4CC4)n[nH]c3n2)c1,CHEMBL406620,125.0,-7.81209192834686,-7.6403929915498,308.34099999999995,2.982,2.252797814931874,0.7762433759541231,79.89999999999999,4,2,4,True,CHEMBL406620,1.0,CHEMBL254443,0.6460573476702509,1.0,0.2571428571428571
Cc1cc(Nc2n[nH]c3ncc(F)cc23)nc(-c2ccccc2)c1C,CHEMBL3661033,20.0,-9.51757148353013,-7.95716788847296,333.37000000000006,4.519440000000002,2.5618146977151035,0.5783573547947682,66.49000000000001,4,2,3,True,CHEMBL3661033,1.0,CHEMBL234838,0.639801891040072,1.0,0.1125
NC1=NC(=O)C(=C2CCNC(=O)c3[nH]c4ccc([N+](=O)[O-])cc4c32)N1,111095,710.0,,,340.2990000000001,0.3652000000000001,3.2253042032096086,0.3336275216848924,155.51,6,4,1,False,,,,,,
COC(=O)c1coc(CN2CCC(CNC(=O)c3n[nH]c4ccc(Br)cc34)CC2)n1,CHEMBL3736476,360.0,-7.9037087771415,-7.03091238627523,476.3310000000001,2.742000000000001,2.6337954996433783,0.5263312155618346,113.35,7,2,6,True,CHEMBL3736476,1.0,CHEMBL3220496,0.5640860905878573,1.0,0.1111111111111111
Cc1nc2ccccc2n1CC(=O)NNC(=O)CCC(=O)c1ccc(Oc2ccccc2)cc1,CHEMBL3828240,80.0,-6.60150126666259,-7.99487696205741,456.5020000000002,3.9475200000000026,2.1977492242911474,0.3087940804576897,102.32,6,2,8,False,CHEMBL3828240,1.0,CHEMBL1761577,0.6114649681528662,1.0,0.0891089108910891
COc1cccc(-c2nc3nccc(C(=O)Nc4cnccc4C)c3[nH]2)c1,50943627,3.0,-8.18595902126101,-7.86109808350157,359.38900000000007,3.589220000000002,2.374950222193052,0.5807798766458897,92.79,5,2,4,True,50943627,1.0,CHEMBL1923208,0.6456449014991946,1.0,0.2352941176470588
O=C(Cc1cccc2ncccc12)Nc1scc(Cl)c1-c1nnc[nH]1,,,-7.87408077,-8.589909115,369.837,3.916,2.918826579,0.570782252,83.56,5,2,4,True,CHEMBL3828624,0.662990013,50626256,1.0,0.170731707,1.0
COc1cccc(-n2ncc3c(NN=Cc4cccc(S(C)(=O)=O)c4)ncnc32)c1,CHEMBL66453,3.981,-9.09169955655286,-9.15294453748755,422.4700000000002,2.6736000000000004,2.4879681293392637,0.3755159989131467,111.36,9,1,6,False,CHEMBL66453,1.0,CHEMBL1771661,0.6032967032967034,1.0,0.1318681318681318
COc1cc(NC(=O)c2cccc(-n3cc(NC(=O)Nc4ccc(Cl)cc4)cn3)c2)cc(OC)c1OC,,,-7.896267043,-8.197761293,521.961,5.4478,2.305297164,0.283878854,115.74,7,3,8,True,14673,0.53345136,200728,1.0,0.191489362,1.0
Fc1cccc(-n2ncc3c(NN=Cc4ccncc4)ncnc32)c1,CHEMBL67562,316.23,-8.86817571428083,-9.00103593560537,333.3300000000001,2.7956000000000003,2.4651071613325666,0.4586857995486921,80.88000000000001,7,1,4,False,CHEMBL67562,1.0,CHEMBL2425655,0.6331685153013498,1.0,0.1123595505617977
Cn1cc(C2=C(c3coc4ccccc34)C(=O)NC2=O)c2cccc(O)c21,CHEMBL489410,55.0,-9.7473816798733,-8.84773457644727,358.3530000000001,3.1973000000000016,2.718891796003856,0.5390933650781186,84.47000000000001,5,2,2,True,CHEMBL489410,1.0,CHEMBL4464624,0.609385415277963,1.0,0.2027027027027027
Cn1c(N2CCNC(c3ccc(Cl)cc3)C2)nc(-c2ccncc2)cc1=O,CHEMBL4080483,6.6,-8.00846576752455,-8.6617173178836,381.8670000000001,2.646600000000001,2.934106547550281,0.7552741302117797,63.05,6,1,3,True,CHEMBL4080483,1.0,CHEMBL1644634,0.589773387565369,1.0,0.1397849462365591
Cn1cc(C2=C(c3ccc(Cl)cc3Cl)C(=O)NC2=O)c2ccccc21,CHEMBL102714,7.0,-9.78088800816704,-8.70754207034127,371.22300000000007,4.0523000000000025,2.3260835438689504,0.6912947858704493,51.1,3,1,2,True,CHEMBL102714,1.0,CHEMBL1644629,0.6517289073305671,1.0,0.1621621621621621
NC(=O)c1sc(-c2ccnc(NC(=O)C3CC3)c2)nc1OCCOCC#Cc1ccc2c(c1)C(=O)N(C1CCC(=O)NC1=O)C2=O,CHEMBL4787336,27.7,-8.25567867751524,-8.70880266197457,642.6500000000002,1.5007999999999997,3.788777427733804,0.1653813588379175,199.98,11,3,10,True,CHEMBL4787336,1.0,51195160,0.3803653973145499,1.0,0.1463414634146341
COc1ccc(Oc2cc(Nc3cc(F)ccc3C(N)=O)c(C(F)(F)F)cn2)cc1,,,-7.964209388,-6.670264158,421.35,4.8829,2.393157629,0.554141515,86.47,5,2,6,True,CHEMBL3828131,0.564179478,CHEMBL1923209,1.0,0.142857143,1.0
COCCN1CCC(CNC(=O)c2n[nH]c3ccc(-c4ccccc4C)cc23)CC1,CHEMBL3736396,580.0,-9.47797266423559,-7.9919585608019,406.53000000000026,3.626520000000003,2.324742998255431,0.628672202583812,70.25,4,2,7,True,CHEMBL3736396,1.0,CHEMBL1761562,0.5703271514898938,1.0,0.1262135922330097
CC(C)(C)OC(=O)N1CCc2nc(C3C(=O)Nc4ccc(C#N)cc43)ccc2C1,557191,100.0,-8.59221472609606,-7.83216015493794,390.44300000000015,3.3304800000000023,3.243241496714089,0.805780773181171,95.32,5,1,1,True,557191,1.0,CHEMBL424872,0.4814565826330532,1.0,0.1546391752577319
Cc1ccccc1N1CCN(CCCNC(=O)c2nc(-c3cccnc3)no2)CC1,CHEMBL257992,710.0,-5.69427463501034,-6.27823958047904,406.4900000000001,2.3821200000000005,2.280120711059869,0.6029024953847198,87.39,7,1,7,True,CHEMBL257992,1.0,CHEMBL4783382,0.548676486875623,1.0,0.1782178217821782
COc1cccc(C2CN(c3nc(-c4ccncn4)cc(=O)n3C)CCN2)c1.Cl,CHEMBL4097431,6.7,-8.00938306446011,-7.8186507619013,414.8970000000001,1.8186,3.1857955721779208,0.6964620124546559,85.17000000000002,8,1,4,True,CHEMBL4097431,1.0,50659452,0.5510874490258268,1.0,0.1333333333333333
CC(C)(C)c1ccc(Nc2nccc(-c3cnn4ncccc34)n2)cc1,13892,50.0,-8.04677530157961,-9.23789612945328,344.422,4.227400000000003,2.508305181771353,0.6022966832072502,68.0,6,1,3,True,13892,1.0,CHEMBL2425655,0.6843434343434344,1.0,0.2077922077922078
CC(C)c1c2cc(-c3ccnc(Nc4ccc5c(N6CCN(C)CC6)ccnc5c4)n3)ccc2nn1C,CHEMBL4856177,0.8,-9.44126343124448,-7.04372748183449,492.6310000000003,5.197300000000004,2.8302448238432767,0.3615201746999744,75.0,8,1,5,True,CHEMBL4856177,1.0,CHEMBL4788258,0.5775878624927981,1.0,0.0932203389830508
O=C1NC(=O)C(c2cn3c4c(cccc24)CNCC3)=C1c1cccc2occc12,51159555,41.0,-8.74338022895443,-6.71081824342212,383.4070000000001,3.057900000000001,2.9295715278560674,0.5218522443403504,76.27000000000001,5,2,2,True,51159555,1.0,CHEMBL3577872,0.5155993431855501,1.0,0.1011235955056179
O=C1NCc2cc(-c3ccnc(NC(=O)C4CC4)c3)ccc21,CHEMBL3410095,11.0,-9.94737185188422,-9.32052457629309,293.326,2.3405000000000005,2.31914093960434,0.9121427788563152,71.09,3,2,3,True,CHEMBL3410095,1.0,CHEMBL485323,0.5987577639751553,1.0,0.180722891566265
NC(=O)c1sc(-c2ccnc(NC(=O)C3CC3)c2)nc1OCCC1CCN(Cc2ccc(F)cc2)CC1,CHEMBL4764558,38.0,-8.70878329683038,-8.14486041329964,523.6340000000004,4.472700000000004,2.70004440470678,0.405686260866369,110.44,7,2,10,True,CHEMBL4764558,1.0,CHEMBL4876785,0.513229464368028,1.0,0.1367521367521367
O=C(Cn1c(=O)ccc2cc(C(F)(F)F)ccc21)Nc1sc(Cl)cc1-c1ncn[nH]1,,,-7.709226036,-8.096547337,453.833,4.159,2.877191066,0.485035406,92.67,6,2,4,False,51189863,0.52689377,695881,1.0,0.097087379,1.0
Cc1cccc(C(=O)C=C2Nc3ccccc3NC2=O)c1,,,-9.071052767,-9.755496589,278.311,3.12582,2.256172851,0.65517284,58.2,3,2,2,True,50506652,0.727935943,CHEMBL4788894,1.0,0.169230769,1.0
COC(=O)c1c(C)csc1NC(=O)Cc1ccc(OC)cc1,,,-5.656412103,-6.816546306,319.382,3.03292,2.006339751,0.860435612,64.63,5,1,5,True,CHEMBL1347394,0.578415094,CHEMBL1681992,1.0,0.189655172,1.0
O=C(Nc1cncc(C(=O)NC2CCN(Cc3ccccc3)CC2)c1)c1ccnc(NC(=O)C2CC2)c1,CHEMBL4857955,81.0,-7.88803304974487,-7.55651464496485,498.5870000000003,3.4718000000000018,2.3621167145693747,0.4379914282741762,116.32,6,3,8,True,CHEMBL4857955,1.0,CHEMBL3355169,0.5609496124031008,1.0,0.2584269662921348
COc1ccc(Nc2ncc3nc(Nc4ccc(F)cc4F)n(C4CCCC4)c3n2)cc1,,,-6.987050108,-7.668989677,436.466,5.7154,2.480447598,0.402865235,76.89,7,2,6,True,14690,0.613031161,CHEMBL1946327,1.0,0.172043011,1.0
O=C(CSc1nnc(Cn2c(C(F)(F)F)nc3ccccc32)o1)Nc1ccccc1,CHEMBL4634672,130.0,-7.19419197240185,-8.29348120468819,433.4150000000001,4.217200000000003,2.3519972885521447,0.4585424919587618,85.84,7,1,6,True,CHEMBL4634672,1.0,784801,0.5921938088829071,1.0,0.1443298969072164
Cc1ccccc1-n1ncc2c(N=NCc3ccncc3)ncnc21,14638,158.5,-7.82305954572504,-8.21211105218146,329.3670000000001,3.8028200000000014,2.8469017559271617,0.5332208666774799,81.21,7,0,4,False,14638,1.0,CHEMBL1946336,0.5962268928842744,1.0,0.1341463414634146
COc1cccc(-n2ncc3c(N=NCc4cccc(S(C)(=O)=O)c4)ncnc32)c1,14668,3.98,-8.70883185223564,-8.32589388959878,422.47000000000014,3.5115000000000016,2.85787456941082,0.4396324081169674,111.69,9,0,6,False,14668,1.0,CHEMBL2376922,0.5769919427036705,1.0,0.2043010752688172
CNC1CC2OC(C)(C1OC)n1c3ccccc3c3c4c(c5c6ccccc6n2c5c31)C(=O)NC4,50414711,2.6,-11.2140221335072,-7.656206258195,466.5410000000003,4.354000000000003,4.953655653774268,0.4058424794083466,69.45,6,2,2,True,50414711,1.0,51422453,1.0,1.0,1.0
O=Nc1c(C2C(=O)Nc3ccccc32)[nH]c2ccccc12,50506652,22.0,-8.71730509860997,-8.76891629446378,277.283,3.6498000000000017,3.0895600583124354,0.701469779241155,74.32,3,2,2,True,50506652,1.0,CHEMBL248643,0.7021238938053098,1.0,0.0615384615384615
O=C(Nc1cc(-c2ccc3ccncc3c2)ccn1)C1CC1,CHEMBL3410100,74.0,-9.35496585074242,-7.76174062737979,289.3380000000001,3.6453000000000015,2.106210136032912,0.8004650509684468,54.88,3,1,3,True,CHEMBL3410100,1.0,CHEMBL571619,0.7064340957709396,1.0,0.2258064516129032
Cc1ccc(N2CCN(CCCNC(=O)c3nc(-c4cccnc4)no3)CC2)cc1C,CHEMBL427726,350.0,-7.04637121317733,-7.36188171418199,420.5170000000002,2.6905400000000013,2.339500626679321,0.588136639106314,87.39,7,1,7,False,CHEMBL427726,1.0,CHEMBL4869300,0.5967444717444718,1.0,0.1636363636363636
O=C1NC(=O)C(c2cn(CCCn3ccnc3)c3ccc(Br)cc23)=C1c1coc2ncccc12,310206,190.0,-7.71111310480141,-7.33163777022729,516.3550000000001,4.399000000000002,3.0550692043111285,0.3379278250198072,94.95,7,1,6,True,310206,1.0,CHEMBL1644618,0.6134759594177327,1.0,0.11
CNc1onc(-c2ccnc(Nc3ccc(N4CCOCC4)cc3)c2)c1-c1ccc(F)cc1,,,-8.686180726,-11.24362066,445.498,5.1646,2.566676573,0.424320724,75.45,7,2,6,False,CHEMBL4557420,0.62448156,CHEMBL3099972,1.0,0.275862069,1.0
c1cc(-c2cc[nH]n2)cc(Nc2ccc(N3CCOCC3)cc2)n1,,,-7.540894319,-7.473389431,321.384,3.0519,2.535113573,0.772976374,66.07,5,2,4,False,CHEMBL402932,0.670928865,CHEMBL1771660,1.0,0.162162162,1.0
CN(C)CCNC(=O)c1cccc(-c2n[nH]c3cc(Nc4ccccc4Cl)ccc23)c1,,,-7.643275233,-9.007522887,433.943,4.9183,2.279320125,0.386569846,73.05,4,3,7,True,14673,0.592178187,50319424,1.0,0.173469388,1.0
OC1(c2ccccc2)CSC(=S)N1Cc1ccncc1,CHEMBL4861930,102.0,-7.14318572033709,-6.75382432662652,302.424,2.760600000000001,2.982787301324059,0.8823719239386861,36.36,4,1,3,True,CHEMBL4861930,1.0,50383516,0.5056330923154532,1.0,0.1034482758620689
Cc1nnc(-c2ccc3occ(-c4ccc(S(C)=O)cc4)c3c2)s1,50531958,72.0,-8.28361424674564,-7.38976734878983,354.456,4.664120000000002,3.0401037678859666,0.5366191339551829,55.99,5,0,3,True,CHEMBL572793,1.0,50383511,0.5359052711993888,1.0,0.1136363636363636
c1cc(CN=Nc2ncnc3c2cnn3-c2ccncc2)ccn1,14655,3.16,-7.29888596862143,-8.13920152670224,316.32800000000003,2.8894,2.982667419374634,0.5395024166857832,94.1,8,0,4,False,14655,1.0,CHEMBL571619,0.6551080702845591,1.0,0.0857142857142857
O=C(Cn1c(=O)ccn2nc(C(F)(F)F)cc12)Nc1scc(Br)c1-c1ncn[nH]1,,,-6.97907266,-7.579481171,488.249,2.7626,3.429049537,0.459405208,109.97,8,2,4,True,CHEMBL3828624,0.623450906,CHEMBL1822144,1.0,0.164835165,1.0
O=C(NC1CCS(=O)(=O)C1)c1n[nH]c2ccc(-c3cncc(CO)c3)cc12,1216128,17.0,-10.795588286468,-8.376141922623,386.43300000000016,1.0340999999999998,3.055533328461676,0.6150832835956014,125.04,6,3,4,True,1216128,1.0,CHEMBL250017,0.5804556354916067,1.0,0.146067415730337
COC1CCC(NC(=O)c2n[nH]cc2NC(=O)c2cc(Cl)cc(Cl)c2)CC1,50234921,5.0,-8.572450450527,-6.6556980336231,411.2890000000002,3.656200000000001,2.7236445853198035,0.699906133693855,96.11,4,3,5,True,50234921,1.0,CHEMBL1784093,0.4573259867311369,1.0,0.1772151898734177
COc1cccc(-n2ncc3c(NN=Cc4ccc(C(=O)O)cc4)ncnc32)c1,CHEMBL65988,31.62,-8.70877190774766,-8.70971162348966,388.3870000000001,2.968300000000001,2.3433858006421038,0.3853820808135267,114.52,8,2,6,False,CHEMBL65988,1.0,CHEMBL3100085,0.6719537685970737,1.0,0.1666666666666666
CCOc1ccccc1C1CN(c2nc(-c3ccncc3)cc(=O)n2C)CCN1.Cl,CHEMBL4075525,25.0,-7.70892281875658,-8.18499780153823,427.9360000000001,2.8137000000000003,3.082020723567052,0.6746571200497867,72.28,7,1,5,True,CHEMBL4075525,1.0,CHEMBL1644625,0.6009239516702203,1.0,0.1976744186046511
CCCC(=O)Nc1n[nH]c2cc(Cl)c(-c3ccc(CC)cc3)cc12,CHEMBL1077213,12.0,-9.76191452685217,-9.00226815973957,341.8420000000001,5.184300000000003,2.234642532496805,0.6709868844144734,57.78,2,2,5,True,CHEMBL1077213,1.0,CHEMBL4788894,0.5568700114025085,1.0,0.16
O=C1Nc2ccccc2C1=C1Nc2ccccc2C1=NO,CHEMBL1496098,55.0,-9.79849464254542,-8.76275964159899,277.283,2.6538000000000004,2.611665058010985,0.3935462415947194,73.72,4,3,0,True,CHEMBL1496098,1.0,51238049,0.7086080586080585,1.0,0.2745098039215686
Cc1cc(Nc2n[nH]c3ccc(F)cc23)nc(C2CCCCC2)n1,CHEMBL3652551,25.0,-9.05630911999747,-7.68447485444438,325.3910000000002,4.591720000000003,2.53555104574826,0.7388060244016784,66.49000000000001,4,2,3,True,CHEMBL3652551,1.0,CHEMBL1822308,0.519066056552857,1.0,0.1020408163265306
CNC(=O)c1ccccc1Nc1cc(Nc2ccc(N3CCOCC3)cc2OC)ncc1C#N,,,-6.843838406,-8.588068493,458.522,3.64528,2.581690355,0.492058464,111.54,8,3,7,True,14683,0.542080502,CHEMBL3220468,1.0,0.2,1.0
O=C(Cn1c(=O)ccc2ccc(OC(F)(F)F)cc21)Nc1scc(Br)c1-c1nnc[nH]1,,,-7.200919402,-8.510109247,514.283,4.1479,3.170508478,0.417003884,101.9,7,2,5,True,CHEMBL4288850,0.505858474,50659454,1.0,0.172413793,1.0
O=C(Cn1c(=O)ccn2nc(C(F)(F)F)cc12)Nc1scc(Cl)c1-c1ncn[nH]1,,,-7.344454096,-7.485955595,443.798,2.6535,3.417536716,0.503614927,109.97,8,2,4,True,CHEMBL3828624,0.636640376,696090,1.0,0.163043478,1.0
N#Cc1csc(NC(=O)Cc2cccc3ncccc23)c1-c1ncn[nH]1,,,-7.185094917,-8.646775691,360.402,3.13428,2.768501959,0.581226714,107.35,6,2,4,True,50520423,0.47979408,CHEMBL1682021,1.0,0.144578313,1.0
COc1ccc(-c2ccc(CSc3nnc(-c4ccc5c(c4)OCCO5)o3)cc2)c(C#N)c1,CHEMBL2391125,32.0,-7.14407404773053,-7.94085370886811,457.51100000000025,5.347380000000004,2.46908830947425,0.3581264161763173,90.4,8,0,6,True,CHEMBL2391125,1.0,CHEMBL1682001,0.5653479701739851,1.0,0.1382978723404255
CC(=O)NC1=NC(=O)C(=C2CCNC(=O)c3c2cc(Br)n3C(C)=O)N1,CHEMBL398498,128.82,-6.83442086493702,-6.95161745135137,408.2120000000001,0.3771999999999998,3.608300104954924,0.5361585326206906,121.66,6,3,0,False,CHEMBL398498,1.0,CHEMBL1822306,0.5388409371146732,1.0,0.1521739130434782
N#Cc1csc(NC(=O)Cn2c(=O)ccc3cc(C(F)(F)F)ccc32)c1-c1ncco1,,,-7.750976443,-7.883318131,444.394,4.24718,2.969702643,0.507285327,100.92,7,1,4,True,310209,0.580485232,CHEMBL1822307,1.0,0.12962963,1.0
NC(=O)c1ccccc1Nc1nc(Nc2ccc(N3CCOCC3)cc2)ncc1Cl,,,-8.960214591,-7.766591614,424.892,3.5527,2.267454935,0.555193669,105.4,7,3,6,False,CHEMBL402932,0.637328899,CHEMBL3220493,1.0,0.352112676,1.0
Cc1ccccc1-n1cc(Cn2c(=O)oc3cccnc32)nn1,339358,650.0,-6.76730353301472,-7.94182641800576,307.313,1.9269199999999995,2.476825421653512,0.5776168605725146,78.74,7,0,3,True,339358,1.0,CHEMBL1682004,0.697642375995101,1.0,0.175
CCCC(=O)Nc1n[nH]c2c(F)c(Cl)c(-c3ccccc3)cc12,CHEMBL1086427,6.0,-9.67529971896371,-7.32439482588958,331.778,4.761000000000003,2.425630897234189,0.7237023552142279,57.78,2,2,4,True,CHEMBL1086427,1.0,CHEMBL400863,0.6036193029490617,1.0,0.119047619047619
COc1c(NCCNc2ccccn2)c(F)c(N)c2c(=O)c(C(=O)O)cn(C3CC3)c12,CHEMBL1834316,160.0,-7.56427923234618,-7.71185160536686,427.43600000000026,2.6835000000000004,2.847828748325117,0.318737750092278,131.5,8,4,8,True,CHEMBL1834316,1.0,CHEMBL4784092,0.5686848958333333,1.0,0.1682242990654205
O=C(Cn1c(=O)ccc2cnc(C(F)(F)F)cc21)Nc1scc(Cl)c1-c1nc[nH]n1,,,-6.835433676,-8.050369869,454.821,3.554,3.358964692,0.490282472,105.56,7,2,4,True,346055,0.482179172,696093,1.0,0.154639175,1.0
O=C(Cn1c(=O)ccc2cc(C(F)(F)F)ccc21)Nc1scc(Br)c1-n1nccn1,,,-7.642536466,-7.683115966,498.284,4.0637,2.954426231,0.460399834,81.81,7,1,4,True,CHEMBL1809122,0.577259126,696069,1.0,0.123595506,1.0
Cc1ccc(NC(=O)c2cccc(-n3cc(NC(=O)Nc4ccc(F)cc4)cn3)c2)cn1,,,-7.506138664,-8.572501889,430.443,4.61112,2.207701542,0.430331697,100.94,5,3,5,True,CHEMBL4458206,0.62788817,CHEMBL3355151,1.0,0.170454545,1.0
CCN1CCOCCOCCn2cc(c3ccccc32)C2=C(C(=O)NC2=O)c2cn(c3ccccc23)CC1,CHEMBL103506,4.0,-3.41846768985963,,512.6100000000004,3.531900000000001,4.986616124149391,0.3950781407955757,77.73000000000002,7,1,1,False,CHEMBL103506,1.0,,,1.0,
O=C(NCC1CCOCC1)c1n[nH]c2ccc(-c3cccc(F)c3F)cc12,CHEMBL4641082,14.0,-8.97403575118666,-8.14123056603995,371.38700000000006,3.664500000000002,2.423083358287725,0.7354643019887529,67.00999999999999,3,2,4,True,CHEMBL4641082,1.0,CHEMBL3220500,0.5894790472551268,1.0,0.0978260869565217
Cn1cc(-c2ccc(-c3cncc(Cl)c3N3CCC4(CCNC4=O)CC3)cc2)cn1,50314960,690.0,-7.51708529714734,-6.31941961114085,421.9320000000002,3.9090000000000016,3.3104381116151096,0.6960242281418261,63.05,5,1,3,True,50314960,1.0,CHEMBL3220499,0.5281512605042017,1.0,0.1313131313131313
O=C1NC(=O)C(c2ccccc2Cl)=C1Nc1cccc(C(=O)O)c1,CHEMBL350702,136.0,-8.15457516699431,-8.76398673938174,342.73800000000006,2.5178,2.2167117936570677,0.7419716040342892,95.5,4,3,4,True,CHEMBL350702,1.0,79831,0.5257952419139267,1.0,0.0952380952380952
CC(C)C1CN(c2nc(-c3ccncc3F)cc(=O)n2C)CCO1,CHEMBL3401115,17.0,-7.63295027737309,-8.66295417227088,332.3790000000002,1.8426,3.206325541958746,0.858289927184429,60.25,6,0,3,True,CHEMBL3401115,1.0,CHEMBL1923199,0.6258901322482198,1.0,0.108695652173913
O=C1NC(=O)C(c2cnc3ccccn23)=C1c1cn2c3c(cccc13)CN(C(=O)C1CCOCC1)CC2,51159605,0.8,-7.20245134388781,-6.87851318519611,495.5390000000005,2.625,3.077209765132517,0.4409223937694225,97.94,7,1,3,True,51159605,1.0,50291813,0.4441335740072202,1.0,0.1217391304347826
Cc1ccc(NC(=O)c2cccc(-n3cc(NC(=O)Nc4ccccc4Cl)cn3)c2F)cn1,,,-8.446416835,-7.862855,464.888,5.26452,2.41137296,0.374482878,100.94,5,3,5,True,50943622,0.605158517,CHEMBL3355159,1.0,0.193548387,1.0
CS(=O)(=O)Nc1ccc(CCNC(=O)c2ccc(O)c3nc(C4CCCC4)[nH]c23)cc1,50721047,44.0,-7.59845131481046,-8.67567467385031,442.5410000000003,3.270100000000001,2.52948027702897,0.4470181098777518,124.18,5,4,7,True,50721047,1.0,784825,0.5678480516937536,1.0,0.1363636363636363
Cn1cc(C2=C(c3nn(CCCCn4ccnc4)c4ncccc34)C(=O)NC2=O)c2ccccc21,CHEMBL563685,960.0,-8.21857458603025,-7.50727623624589,465.51700000000017,3.1671000000000014,2.879161574101543,0.2940256067696147,99.63,8,1,7,True,CHEMBL563685,1.0,CHEMBL1784093,0.4669796876594876,1.0,0.0927835051546391
Br.Cc1nc(=NCc2cccnc2)sn1-c1ccccc1,CHEMBL2022416,600.0,-7.90532893171739,-7.46287476276877,363.2840000000001,3.3160200000000017,3.0015897742783237,0.7166092269046475,43.07,5,0,3,False,CHEMBL2022416,1.0,CHEMBL3911431,0.6046774193548388,1.0,0.1714285714285714
CCN(CC)CCn1cc(NC(=O)c2cccc(-n3cc(NC(=O)Nc4ccccc4Cl)cn3)c2)cn1,,,-7.748454582,-8.527221458,521.025,4.9603,2.548643244,0.273651886,109.11,7,3,10,True,1216148,0.539824713,CHEMBL3355175,1.0,0.156862745,1.0
Fc1ccc(Nc2nccc(-c3cnn4ncccc34)n2)cc1F,13896,10.0,-8.31864154985653,-9.08314020181006,324.2940000000001,3.208100000000001,2.5331259908032067,0.6266029600672955,68.0,6,1,3,True,13896,1.0,CHEMBL246543,0.6746031746031746,1.0,0.2195121951219512
COc1cc(C2=C(c3cn(CCCN)c4ccccc34)C(=O)NC2=O)cc(OC)c1OC,CHEMBL3919644,129.0,-7.64080824223958,-7.0685323321603,435.4800000000002,2.583100000000001,2.558792511626706,0.5272146145434023,104.81,7,2,8,True,CHEMBL3919644,1.0,784823,0.4647177419354839,1.0,0.0818181818181818
N#Cc1ccc2c(ccc(=O)n2CC(=O)Nc2scc(Br)c2-c2ncn[nH]2)c1,,,-7.131472249,-7.597213091,455.297,3.12098,2.930133122,0.490652937,116.46,7,2,4,True,CHEMBL569998,0.579034307,CHEMBL1822151,1.0,0.122222222,1.0
COc1ccccc1C1C2=C(CC(C)(C)CC2=O)Nc2n[nH]c(-c3ccccc3)c21,580677,550.0,-7.4440087625642,-5.04111044644763,399.494,5.285900000000003,3.1369627923874246,0.6282756314954642,67.00999999999999,4,2,3,True,580677,1.0,CHEMBL250199,0.3651099961404863,1.0,0.1058823529411764
Cc1ncn(-c2ccc(Nc3ncc4cccc(-c5nccs5)c4n3)cc2)n1,,,-8.830217329,-8.962878803,385.456,4.38602,2.664428119,0.494191639,81.41,8,1,4,True,CHEMBL257188,0.655709571,CHEMBL1761569,1.0,0.226666667,1.0
COCCOc1cnn2ncc(-c3ccnc(Nc4cccc(OC)c4)n3)c2c1,13976,80.0,-7.47195960086495,-9.32644603342162,392.41900000000015,2.963700000000001,2.6683630210687355,0.4573921602830202,95.69,9,1,8,True,13976,1.0,CHEMBL1644625,0.6705838229778722,1.0,0.1785714285714285
Cc1ccc(C(=O)Nc2cccc(C)c2N2CCC3(CC2)OCCO3)o1,,,-7.287778446,-7.029719247,356.422,3.49204,2.996826099,0.911961611,63.94,5,1,3,True,50840603,0.611200795,CHEMBL1783591,1.0,0.141304348,1.0
O=C1NC(=O)C(c2cn(CCCO)c3ncccc23)=C1c1ccc(F)cc1Cl,CHEMBL111005,6.0,-10.1108267931604,-8.57231327290025,399.8090000000001,2.7784000000000004,2.620370933172886,0.6460440386996024,84.22,5,2,5,True,CHEMBL111005,1.0,CHEMBL1784651,0.6336472065285624,1.0,0.1208791208791208
CN1CCN(c2ccc(Nc3nccc(-c4cnn5ncccc45)n3)cc2C(F)(F)F)CC1,CHEMBL468963,16.0,-7.97774810393023,-8.46379021601014,454.46000000000015,3.7005000000000026,2.788116510985164,0.5040707579098099,74.48,8,1,4,False,CHEMBL468963,1.0,CHEMBL3100083,0.6113476809759466,1.0,0.1847826086956521
CC(=O)Nc1cc(-c2c(-c3ccc(F)cc3)nc(SCCC(=O)O)n2C)ccn1,,,-7.80857509,-8.343139043,414.462,3.8134,2.502704238,0.570787688,97.11,6,2,7,True,346049,0.566216669,CHEMBL3394098,1.0,0.215909091,1.0
O=C1Cc2c([nH]c3ccc(Br)cc23)-c2cc(O)c(O)cc2N1,CHEMBL329063,119.95,-8.59148817762952,-7.66924310245176,359.17900000000003,3.503200000000001,2.667345689692961,0.3661224345728134,85.35000000000001,3,4,0,False,CHEMBL329063,1.0,51238049,0.5499365884590995,1.0,0.0869565217391304
COP(=O)(OC)c1ccc(-c2coc3ccc(-c4ccc(C)o4)cc23)cc1,CHEMBL578861,280.0,-8.20886975558089,-6.70088198762908,382.35200000000015,5.779420000000004,2.719465422377482,0.4095705360987597,61.81,5,0,5,False,CHEMBL578861,1.0,CHEMBL3355173,0.5932262166223559,1.0,0.0879120879120879
O=C(Cc1cccc2ncc(C(F)(F)F)cc12)Nc1scc(Br)c1-c1ncn[nH]1,,,-7.117051941,-7.337158026,482.285,5.0439,2.896735841,0.42698513,83.56,5,2,4,True,CHEMBL3901767,0.55237885,CHEMBL1822135,1.0,0.157894737,1.0
CC(=O)N1CCCC(C(=O)Nc2cc(-c3ccnc(Nc4ccccc4)c3)ccn2)C1,,,-9.922764174,-10.89736635,415.497,4.0842,2.730508313,0.655549561,87.22,5,2,5,True,CHEMBL3398205,0.601870337,CHEMBL203225,1.0,0.090909091,1.0
COc1cc2c(C3=C(c4coc5ccccc45)C(=O)NC3=O)cn(C)c2cn1,CHEMBL2386110,65.9,-7.99636250471402,-8.62736842220895,373.3680000000001,2.8953000000000007,2.8111461985088173,0.5582165439588023,86.36,6,1,3,True,CHEMBL2386110,1.0,CHEMBL1923215,0.5808670023332925,1.0,0.2179487179487179
CCCC(=O)Nc1n[nH]c2cc(-c3ccoc3)ccc12,CHEMBL1086781,260.0,-8.29130826085674,-7.12029319741914,269.30400000000003,3.561500000000001,2.4347412595824185,0.7603121427344824,70.92,3,2,4,True,CHEMBL1086781,1.0,CHEMBL248643,0.6691125087351503,1.0,0.1470588235294117
NC(=O)c1ccccc1Nc1cc(Oc2ccc(-c3cccnc3)cc2)ncc1C(F)(F)F,,,-8.067493286,-7.517898075,450.42,5.7972,2.429996037,0.387680657,90.13,5,2,6,True,CHEMBL402541,0.597757533,CHEMBL1923204,1.0,0.235294118,1.0
O=C(Cn1c(=O)ccc2cc(C(F)(F)F)ccc21)Nc1scc(Br)c1-c1ncn[nH]1,,,-7.069485925,-7.41154587,498.284,4.2681,2.913491066,0.439904994,92.67,6,2,4,True,CHEMBL4288850,0.524601001,CHEMBL1822146,1.0,0.153846154,1.0
NC(=O)c1ccccc1Nc1nc(Nc2ccc(F)cc2)ncc1Cl,,,-8.93646913,-7.632196116,357.776,3.8552,2.066125126,0.644469382,92.93,5,3,5,True,CHEMBL2203556,0.706027596,CHEMBL3217784,1.0,0.28,1.0
Cc1cccc(C2C3=C(CC(C)(C)CC3=O)Nc3n[nH]c(C)c32)c1,580581,550.0,-9.5669687900397,-6.89142385355351,321.42400000000004,4.227140000000002,3.2934323157819376,0.8262597152316685,57.78,3,2,1,True,580581,1.0,CHEMBL1783596,0.565750419408956,1.0,0.1395348837209302
Cc1cn(CCCNC(=O)c2ccc(O)c3[nH]c(-c4cccs4)nc23)cn1,CHEMBL1957957,50.0,-8.35624713338423,-9.53382687319581,381.46100000000007,3.322020000000001,2.715208802074708,0.4465154030007864,95.83,6,3,6,True,CHEMBL1957957,1.0,CHEMBL1761568,0.5960188700955011,1.0,0.1386138613861386
O=C(Cc1ccc(F)c2ncccc12)Nc1scc(Br)c1-c1ncn[nH]1,,,-7.183826074,-8.252588362,432.278,4.1642,2.849592566,0.507390008,83.56,5,2,4,True,CHEMBL3828624,0.652022619,695854,1.0,0.137931034,1.0
O=C1Cc2c([nH]c3ccc(Cl)cc23)-c2ccccc2N1,CHEMBL98153,23.99,-8.76913316044015,-8.32322431672805,282.73,3.9829000000000017,2.24523277151876,0.6434182573108927,44.89,1,2,0,True,CHEMBL98153,1.0,51238049,0.5983790308673909,1.0,0.123076923076923
CNC(=O)c1ccccc1Nc1cc(Nc2ccc(N3CCOCC3)cc2)ncc1C(F)(F)F,,,-8.477125485,-7.943404496,471.483,4.7838,2.480606469,0.480240803,78.52,6,3,6,False,607846,0.576053821,CHEMBL3220469,1.0,0.137254902,1.0
CC(=O)Nc1cc(-c2c(-c3ccc(F)cc3)nc(SC=CC(=O)O)n2C)ccn1,,,-7.321922588,-6.762241333,412.446,3.937,2.792287144,0.470237028,97.11,6,2,6,True,CHEMBL3647950,0.453099174,CHEMBL3394100,1.0,0.107843137,1.0
Cn1cc(NC(=O)c2cccc(-n3cc(NC(=O)Nc4ccccc4Cl)cn3)c2)cn1,,,-7.371821353,-8.320348284,435.875,4.1555,2.304373885,0.437356167,105.87,6,3,5,True,50414711,0.628891258,CHEMBL3355169,1.0,0.107843137,1.0
CC1(NC(=O)OC2CCC(c3cc(NC(=O)Cc4cnc(C(F)(F)F)cn4)n[nH]3)C2)CCOC1,1038866,53.3,-7.9710461886569,-7.79252003513405,482.4630000000002,2.9410000000000016,4.255605022723272,0.576954265323314,131.12,7,3,6,True,1038866,1.0,CHEMBL3220502,0.5695142378559463,1.0,0.1071428571428571
CC1N(c2nc(-c3ccncc3F)cc(=O)n2C)CCOC1(C)C,CHEMBL3401128,9.7,-7.92008781310146,-8.43240087193677,332.37900000000013,1.9851,3.472140070713573,0.8415641024165319,60.25,6,0,2,True,CHEMBL3401128,1.0,CHEMBL1946329,0.5729339988907376,1.0,0.1604938271604938
COc1cc2c(CNC3CCN(S(=O)(=O)c4cccs4)CC3)cc3c(c2cc1OC)C(=O)NC3=O,293201,540.0,-8.77808869490434,-8.17739432212721,515.6130000000003,2.745000000000001,2.7729602166354823,0.4652736818299448,114.04,8,2,7,True,293201,1.0,50383511,0.4607167814714984,1.0,0.116504854368932
CNC(=O)c1sc(-c2ccnc(NC(=O)C3CC3)c2)nc1OCCc1cn(-c2c3c(nc4ccccc24)CCCC3)nn1,CHEMBL4791286,51.7,-8.73341572670537,-7.94933629696324,594.701,4.542400000000003,3.220625037694841,0.2538234859648903,136.81,10,2,9,True,CHEMBL4791286,1.0,CHEMBL3355166,0.5209054818819157,1.0,0.1858407079646017
Cc1nc2ccccc2n1CC(=O)NNC(=O)Cc1cc2ccccc2[nH]1,CHEMBL3828098,135.0,-7.2539252277269,-8.35666138421444,361.405,2.21612,2.290644896749264,0.4867895382524961,91.81,4,3,4,False,CHEMBL3828098,1.0,CHEMBL4758113,0.5735155513666352,1.0,0.1413043478260869
CNC(=O)c1sc(-c2ccnc(NC(=O)CNCCNc3c4c(nc5ccccc35)CCCC4)c2)nc1OCC1CC1,CHEMBL4789145,22.0,-6.09047451326616,-7.98611426108023,585.7340000000003,4.420700000000004,3.0872077795328323,0.1798954052360496,130.16,9,4,12,True,CHEMBL4789145,1.0,CHEMBL4085536,0.512916510670161,1.0,0.2
CCS(=O)(=O)Nc1ccc(CCNC(=O)c2ccnc3[nH]c(-c4ccoc4)nc23)cc1,CHEMBL2048663,1.0,-7.76434203855726,-7.87867648531984,439.4970000000001,2.952000000000001,2.685384256757109,0.3869609205631713,129.98000000000002,6,3,8,True,CHEMBL2048663,1.0,CHEMBL4879188,0.5993188310261481,1.0,0.1346153846153846
COc1cccc(OC)c1C(=O)Nc1c[nH]nc1C(=O)NC1CCCCCC1,50234934,20.0,-8.25931541643876,-6.59624872935788,386.4520000000003,3.131800000000002,2.518627160047279,0.6616508477066394,105.34,5,3,6,True,50234934,1.0,CHEMBL1923208,0.5737893045673629,1.0,0.1829268292682926
COc1ccc(C2=C(Nc3cc(Cl)c(O)c(Cl)c3)C(=O)NC2=O)cc1,CHEMBL346721,83.0,-8.36142873160772,-7.5473179245305,379.19900000000007,3.1872000000000016,2.3859689619291515,0.5611447600774874,87.66,5,3,4,True,CHEMBL346721,1.0,50383511,0.5258999122036874,1.0,0.1034482758620689
O=C1NC(=O)C(c2cn3c4c(cccc24)CNCC3)=C1c1cccc2c1ccn2CCCO,51159559,27.0,-9.82108006389995,-10.4419719388522,440.5030000000002,2.648800000000001,2.982142968475044,0.4165430406292496,88.29,6,3,5,False,51159559,1.0,CHEMBL1644629,0.6403839144696878,1.0,0.1290322580645161
COc1ccc(C=C2SC(=O)NC2=O)cc1S(=O)(=O)O,CHEMBL1630448,537.0,-6.44521173799016,-7.96756417264409,315.32800000000003,1.2658,2.418949128724771,0.6380394266823359,109.77,6,2,3,True,CHEMBL1630448,1.0,CHEMBL1946329,0.6080935528542852,1.0,0.0632911392405063
Cc1nnc(-c2c(C)csc2NC(=O)Cc2cccc3nccnc23)[nH]1,,,-7.176525895,-7.914170802,364.434,3.27444,3.054220259,0.579202793,96.45,6,2,4,True,CHEMBL3828150,0.534130982,50626377,1.0,0.149425287,1.0
O=C(Cn1c(=O)ccc2cc(F)ccc21)Nc1scc(Br)c1-c1ncn[nH]1,,,-7.717670844,-8.291514742,448.277,3.3884,2.834706781,0.50084459,92.67,6,2,4,True,50520423,0.495376821,695729,1.0,0.114942529,1.0
Cc1nc(=NCc2cccnc2)sn1-c1ccccc1,50932579,600.0,-7.69933905668229,-7.47984958011937,282.372,2.738120000000001,2.898773944022468,0.7410636463357,43.07,5,0,3,False,50932579,1.0,CHEMBL3911431,0.6054036563662838,1.0,0.1714285714285714
O=C(Cc1cc(C(F)(F)F)cc2ncccc12)Nc1scc(Br)c1-c1ncn[nH]1,,,-6.837024674,-7.37310858,482.285,5.0439,2.928720456,0.42698513,83.56,5,2,4,True,CHEMBL3828150,0.525437766,CHEMBL1822136,1.0,0.105263158,1.0
CCOC(=O)N1CCC(Nc2ncc(Cl)c(-c3c[nH]c4ccccc34)n2)CC1,,,-7.784019555,-7.867076778,399.882,4.3111,2.449865664,0.682512526,83.14,5,2,4,True,CHEMBL403385,0.576720197,CHEMBL245533,1.0,0.235294118,1.0
COc1nc(-c2ccnc(NC(=O)C3CC3)c2)sc1C(=O)NCCNc1c2c(nc3cc(Cl)ccc13)CCCC2,CHEMBL4282154,63.0,-8.77887509256957,-7.45253796091435,577.1099999999999,5.484500000000004,2.9756952451110887,0.2256215852971635,118.13,8,3,9,True,CHEMBL4282154,1.0,CHEMBL437747,0.3468632006970665,1.0,0.1864406779661017
COc1cnccc1-c1cc(=O)n(C)c(N2CCOC(c3ccc(F)cc3)C2)n1,CHEMBL3091534,791.0,-7.89075500958545,-8.432615570618,396.4220000000001,2.5679000000000007,3.0201724410040685,0.6752311727566519,69.48,7,0,4,True,CHEMBL3091534,1.0,CHEMBL1822308,0.5568093815687576,1.0,0.1320754716981132
CN1CCOCCn2cc(c3ccccc32)C2=C(C(=O)NC2=O)c2cn(c3ccccc23)CCOCC1,CHEMBL106061,71.0,-3.08455420103669,-1.14960060244958,498.5830000000004,3.1418000000000017,5.002562271667435,0.3771549165995619,77.73,7,1,0,False,CHEMBL106061,1.0,CHEMBL3356001,0.2452524160302763,1.0,0.1157894736842105
O=C(NCc1ccncc1)c1ncoc1-c1ccc(Oc2ccccc2)c(Cl)c1,50201522,794.0,-7.71910871491938,-8.21127477614253,405.8410000000001,5.112300000000003,2.2872012111139863,0.4818325830223619,77.25000000000001,5,1,6,True,50201522,1.0,CHEMBL1923200,0.5470673023616809,1.0,0.1860465116279069
CNC(=O)c1cc(-n2ncc3cc(Nc4ccccc4Cl)c(OC)cc32)cs1,,,-7.194946163,-9.08112861,412.902,4.8522,2.636798891,0.491223232,68.18,6,2,5,True,14690,0.607428303,CHEMBL4853326,1.0,0.170212766,1.0
COc1cc2c(C3=C(c4coc5ccccc45)C(=O)NC3=O)cn(C)c2cc1I,CHEMBL520147,223.0,-7.54926851368528,-8.03449153676727,498.2760000000001,4.104900000000003,2.839213514391769,0.3411961777569204,73.47,5,1,3,False,CHEMBL520147,1.0,CHEMBL1644635,0.6276570618800189,1.0,0.1263157894736842
O=C(C=Cc1cnc2[nH]cc(-c3ccccc3)c2c1)NCCc1ccncc1,CHEMBL3929715,43.5,-9.15718655173313,-8.16630119811846,368.44000000000017,3.9970000000000026,2.3717204269610868,0.5055232315906649,70.67,3,2,6,False,CHEMBL3929715,1.0,CHEMBL2376922,0.6620166421928537,1.0,0.1888888888888888
CCS(=O)(=O)Nc1ccc(CCNC(=O)c2ccnc3[nH]c(-c4ccccc4)nc23)cc1,CHEMBL2048658,14.0,-7.92777402550766,-8.0044860616649,449.5360000000001,3.3590000000000018,2.391155555104966,0.3813426202812057,116.84000000000002,5,3,8,True,CHEMBL2048658,1.0,CHEMBL2376905,0.5966690803765388,1.0,0.2150537634408602
Fc1ccccc1Nc1cc(-c2ccnc(Nc3ccccc3F)c2)ccn1,,,-9.579954242,-11.26822728,374.394,5.909,2.172991785,0.455959597,49.84,4,2,5,True,50230999,0.668584129,CHEMBL203289,1.0,0.216666667,1.0
FC(F)(F)Oc1cccc(-n2ncc3c(N=NCc4ccncc4)ncnc32)c1,14645,316.2,-7.28693141439168,-8.11812247832635,399.33600000000007,4.3930000000000025,3.001811624817929,0.4643131809467281,90.44,8,0,5,False,14645,1.0,CHEMBL572282,0.6237251744498121,1.0,0.1923076923076923
COc1ccc(-c2ocnc2C(=O)NCC2CCC(C(=O)N(C)C)CC2)cc1,50201464,316.0,-7.97955745787485,-7.50461023359231,385.4640000000001,2.974600000000001,2.434292646902195,0.8263263368722886,84.67,5,1,6,True,50201464,1.0,CHEMBL3099965,0.6262473891854259,1.0,0.1111111111111111
NC(=O)c1ccccc1Nc1cc(Oc2ccc(F)cc2)ncc1C(F)(F)F,,,-7.970432408,-7.835204312,391.324,4.8743,2.298577959,0.608338184,77.24,4,2,5,True,CHEMBL3828006,0.574892452,CHEMBL1923195,1.0,0.194805195,1.0
O=C(CN1C(=O)CCc2ccccc21)Nc1scc(Br)c1-c1ncn[nH]1,,,-7.638625336,-8.439330679,432.303,3.2136,2.770169182,0.662646379,90.98,5,2,4,True,CHEMBL3827219,0.61414749,CHEMBL1682013,1.0,0.170731707,1.0
CN(C)c1nc2ccc1CCCN1C=C(C3=C(C(=O)NC3=O)c3cn(c4ccccc34)CCC2)N2C=CC=CC12,CHEMBL1087499,7.0,-4.51408391852065,-3.61606356125174,532.6480000000003,3.959900000000003,6.201878504508673,0.4786540209669633,73.71,7,1,1,False,CHEMBL1087499,1.0,51422453,0.3677158487275034,1.0,0.1621621621621621
O=C(Nc1cnn(-c2cccc(C(=O)NC3CCNC3)c2)c1)Nc1ccccc1Cl,,,-8.757622801,-8.934856362,424.892,3.2614,2.75974156,0.504722673,100.08,5,4,5,True,CHEMBL4632807,0.606759534,CHEMBL3355184,1.0,0.134615385,1.0
COCCn1cc(NC(=O)c2csc(-c3nncn3C(C)C)n2)cn1,50736880,457.0,-6.42505925266284,-7.35032019376134,361.431,2.0777,2.8015860140748003,0.6914761827097196,99.75,9,1,7,True,50736880,1.0,CHEMBL3220501,0.6107072042300066,1.0,0.1379310344827586
OC1CCC(c2[nH]ncc2-c2ccnc(NC3CCCC3)n2)CC1,,,-8.516802723,-9.582063113,327.432,3.2397,2.693553714,0.802307189,86.72,5,3,4,True,CHEMBL495696,0.608410549,CHEMBL507249,1.0,0.22972973,1.0
Cc1ccccc1-n1nc(C)c2c3c(c4cccn4c21)C(=O)NC3=O,CHEMBL3110142,440.0,-9.89131818485374,-8.78538707954969,330.3470000000001,2.778640000000001,2.7770334680292965,0.5457305550803394,68.4,5,1,1,True,CHEMBL3110142,1.0,CHEMBL1783492,0.5329718824864456,1.0,0.0898876404494382
O=C(O)c1ccc(CN2CCC(CNC(=O)c3n[nH]c4ccc(-c5ccccc5F)cc34)CC2)o1,CHEMBL3735856,17.0,-9.59871898942873,-7.90320794837452,476.5080000000002,4.302200000000004,2.550089234152619,0.3667307993810078,111.46,5,3,7,True,CHEMBL3735856,1.0,51195161,0.5469497035762096,1.0,0.1160714285714285
COc1cccc(OC)c1C(=O)Nc1c[nH]nc1C(=O)NC1CCC(OC)CC1,50234868,5.0,-8.10299143761265,-7.09377641723378,402.45100000000025,2.3666,2.6922112629846406,0.6550387712812226,114.57,6,3,7,True,50234868,1.0,CHEMBL1288159,0.4501347708894878,1.0,0.1481481481481481
O=C1NC(=O)C(c2ccccc2Cl)=C1Nc1ccc(Cl)c(C(=O)O)c1,CHEMBL345212,74.0,-7.87995692514254,-9.19587620071163,377.1830000000001,3.1712000000000007,2.3002913699559078,0.7117947723133518,95.5,4,3,4,True,CHEMBL345212,1.0,CHEMBL1946330,0.5212875096178508,1.0,0.0987654320987654
N#CC(c1ccnc(Cl)n1)c1nc2ccccc2s1,,,-6.58396457,-7.980008907,286.747,3.39518,3.121781385,0.677456106,62.46,5,0,2,False,CHEMBL4064316,0.606699752,CHEMBL1991853,1.0,0.104477612,1.0
COc1ccncc1NC(=O)c1ccnc2nc(-c3ccncc3)[nH]c12,50943631,2.0,-8.12010374337996,-7.88175129341244,346.35,2.6758,2.480157627115481,0.5883834014185988,105.68,6,2,4,True,CHEMBL2048685,1.0,CHEMBL1946335,0.601182063471669,1.0,0.1875
O=[N+]([O-])c1cnc(NC2CCC(O)CC2)nc1NC12CC3CC(CC(O)(C3)C1)C2,CHEMBL404174,198.0,-8.61996863756078,-5.96897885853504,403.4830000000003,2.595800000000001,4.874549204217415,0.4353951391592305,133.44,8,4,5,False,CHEMBL404174,1.0,50383511,0.5350047303689688,1.0,0.1489361702127659
Nc1ccc2cc(-n3c(-c4ccnc(NC5CCOCC5)c4)n[nH]c3=O)ccc2c1,,,-10.64149922,-10.95002847,402.458,2.9489,2.690160396,0.452761037,110.85,7,3,4,True,50457160,0.639770828,CHEMBL1644633,1.0,0.09,1.0
COc1cccc(-n2ncc3c(NN=Cc4ccc(NS(C)(=O)=O)cc4)ncnc32)c1,CHEMBL303433,15.85,-9.10079651454962,-8.5827965310787,437.4850000000001,2.6416000000000004,2.468556599021584,0.3364352253746487,123.39,9,2,7,False,CHEMBL303433,1.0,CHEMBL3099963,0.5969089868345736,1.0,0.1770833333333333
O=C(Nc1n[nH]c2cc(-c3ccccc3)ccc12)C1CC1,CHEMBL405021,498.0,-7.78017139330588,-7.6606427846023,277.3270000000001,3.578400000000002,1.9758950706213247,0.7684453460485575,57.78,2,2,3,True,CHEMBL405021,1.0,CHEMBL571619,0.645600388915897,1.0,0.2258064516129032
Cc1ccccc1-n1cc(-c2ccccn2)nn1,CHEMBL1938959,490.0,-6.69182648752825,-7.79758874946588,236.278,2.6377200000000007,2.052544308430232,0.6866426219874746,43.6,4,0,2,True,CHEMBL1938959,1.0,CHEMBL248832,0.6701952911115168,1.0,0.1206896551724138
O=C1NC(=O)C(c2cnc3cnccn23)=C1c1cn2c3c(cccc13)CN(C(=O)N1CCCCC1)CC2,51159597,2.1,-10.1978809616817,-6.65269826089689,495.5430000000005,2.6727000000000007,3.1348828420555943,0.4307651370354398,104.84,7,1,2,True,51159597,1.0,CHEMBL234655,0.445377445629356,1.0,0.1610169491525423
COc1cccc(Nc2nccc(-c3cnn4ncccc34)n2)c1,13887,10.0,-8.25022444727916,-8.92822846551986,318.34000000000003,2.9385000000000003,2.434240604640072,0.6232002385599055,77.23,7,1,4,True,13887,1.0,CHEMBL246543,0.6450006914672937,1.0,0.2289156626506024
Cn1c(OCCc2ccccc2)nc(-c2ccncc2)cc1=O,CHEMBL3093047,200.0,-7.59325488037235,-8.45936380889345,307.35300000000007,2.4638,2.2401450542597114,0.7263695108313156,57.01,5,0,5,True,CHEMBL3093047,1.0,CHEMBL1923199,0.6255031814050123,1.0,0.1772151898734177
CS(=O)(=O)c1ccc(C=NNc2ncnc3c2cnn3-c2cccc3[nH]cnc23)cc1,50597851,5.0,-8.54017376407759,-8.35062863002954,432.4690000000001,2.541300000000001,2.760229857448552,0.322231307163014,130.81,9,2,5,False,50597851,1.0,CHEMBL3099964,0.5688500397320921,1.0,0.1274509803921568
O=C(Cc1cccc2cnccc12)Nc1scc(Cl)c1-c1ncn[nH]1,,,-7.272303493,-8.693564059,369.837,3.916,2.775606136,0.570782252,83.56,5,2,4,True,CHEMBL3828624,0.669562612,CHEMBL1682017,1.0,0.151162791,1.0
O=C(Cn1c(=O)ccc2cc(Br)ccc21)Nc1scc(Br)c1-c1nc[nH]n1,,,-7.555832319,-7.726529447,509.183,4.0118,3.139552335,0.435223153,92.67,6,2,4,True,CHEMBL1738953,0.518592215,696078,1.0,0.129411765,1.0
CSc1nc(-c2ccc(F)cc2)c(-c2ccnc(NC(=O)CC3CC3)c2)[nH]1,CHEMBL4434855,215.0,-6.5921761187271,-9.97936127913096,382.46400000000017,4.738300000000002,2.470934153646212,0.6043481957360108,70.67,4,2,6,True,CHEMBL4434855,1.0,CHEMBL4074524,0.6593655589123867,1.0,0.5714285714285714
O=C(CN1C(=O)CCc2ccccc21)Nc1scc(Cl)c1-c1ncn[nH]1,,,-7.851562828,-8.066392636,387.852,3.1045,2.757735336,0.719172292,90.98,5,2,4,True,CHEMBL3827219,0.601330203,CHEMBL1682014,1.0,0.168674699,1.0
COc1cc(CC(=O)Nc2cc(-c3[nH]c(SC)nc3-c3ccc(F)cc3)ccn2)cc(OC)c1OC,CHEMBL4513323,510.0,-6.74121622118713,-10.0974245363935,508.5750000000003,5.206700000000005,2.5813412723592304,0.2997068770210516,98.36,7,2,9,True,CHEMBL4513323,1.0,CHEMBL4074524,0.6026879462410752,1.0,0.4857142857142857
O=C(CN1C(=O)CCc2ncccc21)Nc1scc(Cl)c1-c1nc[nH]n1,,,-7.294308045,-8.754219135,388.84,2.4995,3.288890413,0.714168051,103.87,6,2,4,True,CHEMBL3828624,0.653093755,696006,1.0,0.159090909,1.0
Cc1ccc(C)c(N2CCN(CCCNC(=O)c3nc(-c4cccnc4)no3)CC2)c1,CHEMBL254961,860.0,-6.42829092821658,-6.26771927631502,420.51700000000017,2.6905400000000013,2.3528929343716296,0.5881366391063141,87.39,7,1,7,True,CHEMBL254961,1.0,CHEMBL4783382,0.5344364456860428,1.0,0.1764705882352941
Cc1[nH]nc2c1C(c1ccccc1C(F)(F)F)C1=C(CC(C)(C)CC1=O)N2,338314,11.0,-6.08351730186369,-5.21679985568184,375.3940000000002,4.937520000000003,3.391460217788566,0.7424484975031603,57.78,3,2,1,True,338314,1.0,CHEMBL3394094,0.3724981852120709,1.0,0.1075268817204301
O=C1Cc2c([nH]c3c(Br)cccc23)-c2ccccc2N1,CHEMBL318911,599.79,-7.46157434191449,-7.6526493121353,327.18100000000004,4.092000000000001,2.420914203879501,0.6416609516725437,44.89,1,2,0,True,CHEMBL318911,1.0,51238049,0.6587175410704822,1.0,0.1428571428571428
Fc1cnc2[nH]nc(Nc3cc(C(F)(F)F)cc(-c4ccccc4Cl)n3)c2c1,CHEMBL3661029,50.0,-8.37261545683231,-7.84844578378347,407.758,5.5748000000000015,2.6623475641368586,0.435315175147035,66.49000000000001,4,2,3,True,CHEMBL3661029,1.0,CHEMBL1923199,0.6463803680981595,1.0,0.2658227848101265
COCCn1cc(C2=C(c3coc4ccccc34)C(=O)NC2=O)c2cc(F)ccc21,CHEMBL2386103,39.7,-7.83592397404257,-7.80507293219387,404.3970000000001,3.7402000000000015,2.644672780502054,0.5145299647936831,73.47,5,1,5,True,CHEMBL2386103,1.0,CHEMBL1644623,0.6555699481865285,1.0,0.0978260869565217
COCc1ccc2c(C3=C(c4cn(C)c5ccc(F)cc45)C(=O)NC3=O)coc2c1,CHEMBL516261,23.8,-9.17129848731868,-8.8909326522583,404.3970000000001,3.7772000000000014,2.734136114186155,0.5256570517952431,73.47,5,1,4,True,CHEMBL516261,1.0,CHEMBL3220493,0.6231144116964493,1.0,0.0714285714285714
O=C(Nc1n[nH]c2nc(-c3ccccc3O)ccc12)C1CC1,CHEMBL260663,36.0,-7.76441778707251,-8.58520149224968,294.31400000000014,2.6790000000000003,2.3793717088351087,0.6923200521171139,90.9,4,3,3,True,CHEMBL260663,1.0,CHEMBL571619,0.6082393483709273,1.0,0.1818181818181818
CC1CN(c2cccnc2)CCN1c1nc(-c2ccncn2)cc(=O)n1C,CHEMBL4067170,3.9,-7.67626204997208,-8.525521437103,363.42500000000007,1.3473999999999997,3.1384544765443625,0.6947163509330748,80.04000000000002,8,0,3,True,CHEMBL4067170,1.0,CHEMBL1644625,0.6603532121832608,1.0,0.1785714285714285
CC(=O)Nc1cc(-c2[nH]c(C(N)=O)nc2-c2ccc(F)cc2)ccn1,CHEMBL4564217,47.0,-6.86267840559446,-10.2057962433739,339.33,2.3351,2.461912335077741,0.6766215186030619,113.76,4,3,4,True,CHEMBL4564217,1.0,CHEMBL4074524,0.714265985361138,1.0,0.4838709677419355
Nc1c(F)c(NCCNc2ccccn2)c(F)c2c1c(=O)c(C(=O)O)cn2C1CC1,CHEMBL1834120,190.0,-7.84673910485055,-7.3768365509219,415.40000000000026,2.814000000000001,2.813880520226606,0.3456946647907751,122.26999999999998,7,4,7,True,CHEMBL1834120,1.0,CHEMBL570554,0.5660762211486849,1.0,0.0747663551401869
O=C(Cc1cccc2cnccc12)Nc1scc(Cl)c1-c1nnc[nH]1,,,-7.760877545,-8.715893344,369.837,3.916,3.001173259,0.570782252,83.56,5,2,4,True,CHEMBL3828624,0.641323529,50626253,1.0,0.151162791,1.0
N#Cc1cccc(-c2nc3ncnc(Nc4ccccc4)c3[nH]2)c1,50586516,26.0,-9.31967171841765,-8.73479432554885,312.336,3.635180000000001,2.3224904421265293,0.6025345651750139,90.28,5,2,3,True,50586516,1.0,CHEMBL1771661,0.5933213246501317,1.0,0.1558441558441558
COc1ccc(Nc2nnc(-c3ccc(Cl)cc3)o2)cc1,CHEMBL1630482,534.0,-8.23899529263242,-8.12647358410544,301.733,4.1422000000000025,1.8633825863842493,0.7844005150950883,60.18,5,1,4,True,CHEMBL1630482,1.0,CHEMBL3099976,0.5969710336715188,1.0,0.1884057971014492
CCC(=O)Nc1cccc(C(=O)Nc2ccc(Nc3cc(-c4[nH]c(SC)nc4C)ccn3)cc2)c1,,,-7.619594546,-9.2517269,486.601,5.84642,2.571213447,0.23263693,111.8,6,4,8,True,CHEMBL4062453,0.539012169,CHEMBL4101252,1.0,0.129310345,1.0
COc1ccc(-c2ocnc2C(=O)NCc2ccnc(C(F)(F)F)c2)cc1Cl,CHEMBL1957227,100.0,-7.82251071788278,-6.77594164500434,411.76700000000005,4.347400000000002,2.552069083124202,0.6751496619212947,77.25,5,1,5,True,CHEMBL1957227,1.0,695985,0.5190764156129741,1.0,0.1666666666666666
CC(=O)Nc1cc(-c2c(-c3ccc(F)cc3)nc(SC3CCC(C(=O)O)CC3O)n2C2CCCCC2)ccn1,,,-7.607471473,-7.493049023,552.672,5.9211,3.870460542,0.332982896,117.34,7,3,7,True,CHEMBL3949162,0.468776879,CHEMBL3394110,1.0,0.172413793,1.0
O=C1NC(=O)C(c2cnc3ccccn23)=C1c1cn2c3c(cc(F)cc13)CN(C(=O)N1CCCCC1)CC2,50826172,0.7,-7.55659156282575,-7.18143582623595,512.5450000000005,3.416800000000002,3.151303099753956,0.4169219651816075,91.95,6,1,2,True,50826172,1.0,50291813,0.4373891450869103,1.0,0.0932203389830508
CS(=O)(=O)NC1CCC(Nc2nccc(-n3ccc4c(N5CCN(C(=O)CO)CC5)cccc43)n2)CC1,,,-9.271947233,-8.1402297,527.651,1.3337,2.870173142,0.419337614,132.69,9,3,7,True,CHEMBL4472042,0.538790589,51195162,1.0,0.164948454,1.0
O=C1NC(=O)C(c2ccccc2)=C1Nc1cccc(O)c1,CHEMBL350435,704.0,-9.95767326297259,-8.33546609376237,280.283,1.8718,2.172129005047553,0.7499827587512359,78.43,4,3,3,True,CHEMBL350435,1.0,CHEMBL399168,0.6422377146743752,1.0,0.0857142857142857
Cn1c(NCCc2ccccc2)nc(-c2ccncc2)cc1=O,CHEMBL3093048,70.0,-7.61421640468998,-8.00429865200068,306.3690000000001,2.496900000000001,2.1261684756144774,0.7865754628522795,59.81,5,1,5,True,CHEMBL3093048,1.0,CHEMBL1784651,0.6532947339398952,1.0,0.1948051948051948
Brc1cnn2c(NCc3cccnc3)cc(C3CCCCC3)nc12,CHEMBL251393,27.0,-7.80384755056795,-5.82416265051191,386.29700000000025,4.546600000000003,2.5136141691037768,0.7150808687692792,55.11,5,1,4,True,CHEMBL251393,1.0,696051,0.4902394106813996,1.0,0.1041666666666666
Cn1cc(-c2ccc3cnc(Nc4ccc(-n5cnc(N6CCOCC6)n5)cc4)nc3c2Cl)cn1,,,-10.01756416,-8.278889165,487.955,3.8446,2.92071481,0.398945127,98.81,10,1,5,True,CHEMBL304172,0.63538961,CHEMBL1761577,1.0,0.158415842,1.0
N=C1NC(=O)C(=Cc2ccc(-c3ccc(S(N)(=O)=O)c(Cl)c3)o2)S1,CHEMBL396614,14.0,-7.83075202672078,-8.974004287313,383.8380000000001,2.38607,2.945002734059948,0.701170309982414,126.25,6,3,3,True,CHEMBL396614,1.0,CHEMBL248790,0.5210073858820681,1.0,0.1358024691358024
O=C1NCCC(=NNc2ccccn2)c2c1[nH]c1ccc(Cl)cc21,111131,399.0,-9.35807297955132,-10.085667773455,339.7860000000001,3.1660000000000013,2.796909067726281,0.6270917045175095,82.16999999999999,4,3,2,False,111131,1.0,CHEMBL1822152,0.5345062569693966,1.0,0.1458333333333333
Cn1cc(C2=C(c3nnc4ccccn34)C(=O)NC2=O)c2cc(Br)ccc21,CHEMBL3398197,63.5,-8.94688018443139,-9.4568011732807,422.2420000000001,2.550700000000001,2.777448439360498,0.5038668782180943,81.28999999999999,6,1,2,True,CHEMBL3398197,1.0,CHEMBL1644623,0.6871724137931035,1.0,0.127906976744186
COC(Cn1c(SCCC(=O)O)nc(-c2ccc(F)cc2)c1-c1ccnc(NC(C)=O)c1)OC,,,-6.653917243,-7.392873822,488.541,3.8953,2.810346275,0.308507458,115.57,8,2,11,False,CHEMBL2048663,0.449846896,CHEMBL3394099,1.0,0.163461538,1.0
CN(C)S(=O)(=O)Nc1ccc(CCNC(=O)c2ccnc3[nH]c(-c4ccc(F)cc4)nc23)cc1,CHEMBL2048668,27.0,-7.70888952788533,-7.61101464117748,482.54100000000017,2.954800000000001,2.5306546501153253,0.3566938666921513,120.08,5,3,8,True,CHEMBL2048668,1.0,CHEMBL4762965,0.5582077475472843,1.0,0.1132075471698113
O=C(Nc1cccnc1)c1ccnc2[nH]c(-c3ccc(F)cc3)nc12,CHEMBL2048665,8.0,-7.9633581707604,-7.86634625921979,333.326,3.4113000000000016,2.246328370001722,0.6016566167835089,83.56,4,2,3,True,CHEMBL2048665,1.0,CHEMBL400863,0.6230872483221477,1.0,0.1219512195121951
O=C1NC(=O)C(c2ccccc2[N+](=O)[O-])=C1Nc1cccc(Cl)c1,CHEMBL346066,104.0,-6.07869701555147,-7.7747155787639,343.726,2.7278,2.368643366561775,0.5046679257457655,101.34,5,2,4,False,CHEMBL346066,1.0,CHEMBL1784665,0.6193879136243592,1.0,0.1269841269841269
CCC(C)c1ccc(Nc2nccc(-c3cnn4ncccc34)n2)cc1,13891,125.0,-7.99272348624388,-8.84712634096722,344.422,4.443400000000003,2.957820414634032,0.5793975009998595,68.0,6,1,5,True,13891,1.0,CHEMBL2425655,0.6646973874228699,1.0,0.1951219512195122
O=C(NCCCc1ccc(Cl)nc1)c1ccnc2nc(-c3ccc(F)cc3)[nH]c12,50943612,17.0,-7.5802319799001,-9.17391665213048,409.85200000000015,4.1750000000000025,2.4378429434992483,0.3694669793810602,83.56,4,2,6,False,CHEMBL2046466,1.0,CHEMBL1644625,0.6739508318847778,1.0,0.1494252873563218
COc1ccccc1C1=C(c2cn(CCCO)c3ncccc23)C(=O)NC1=O,CHEMBL111298,4.0,-10.0533106763712,-8.51392644519542,377.4,1.9944999999999995,2.5134954292780485,0.6410749402163791,93.45,6,2,6,True,CHEMBL111298,1.0,CHEMBL1644635,0.5948399426660296,1.0,0.1489361702127659
Cc1cc(Nc2ncc(Cl)c(Nc3ccccc3C(N)=O)n2)ccc1N1CCOCC1,,,-7.552206317,-7.753609283,438.919,3.86112,2.371054784,0.5361549,105.4,7,3,6,False,CHEMBL402541,0.628140704,CHEMBL3220498,1.0,0.264367816,1.0
O=C1NC(=O)C(c2ccccc2)=C1Nc1cccc(Cl)c1,CHEMBL351356,301.0,-8.90824542554645,-7.94817277282467,298.72900000000004,2.8196000000000003,2.0805528512014,0.8567753567400479,58.2,3,2,3,True,CHEMBL351356,1.0,CHEMBL1784665,0.7022636944876447,1.0,0.1454545454545454
Cn1c(N2CCCCC2)cc(-c2ccncn2)cc1=O,CHEMBL1682839,62.0,-7.50263176893687,-7.8318922050159,270.33600000000007,1.8326,2.5314184479113315,0.8351576955537058,51.02,5,0,2,True,CHEMBL1682839,1.0,CHEMBL248643,0.6446786807208433,1.0,0.1612903225806451
CC1(C)CC(=O)C2=C(C1)Nc1n[nH]c(C(F)(F)F)c1C2c1c(F)cccc1F,580694,100.0,-7.96324818636777,-4.20764668661154,397.3470000000001,4.907300000000003,3.621363449590119,0.6727979900454318,57.78,3,2,1,True,580694,1.0,51422453,0.410818858560794,1.0,0.1354166666666666
COc1cc(C2=C(c3cn(CCN4CCN(C)CC4)c4ccccc34)C(=O)NC2=O)c2occc2c1,CHEMBL564450,0.14,-7.18161016150168,-5.56351042456413,484.5560000000002,3.210700000000001,2.8138045946704047,0.4236313260336348,79.95,7,1,6,True,CHEMBL564450,1.0,696099,0.4990883792342385,1.0,0.146788990825688
CCCOc1ccc2c(-c3ccnc(Nc4cccc(C(F)(F)F)c4)n3)cnn2n1,13909,794.0,-8.47129046634144,-8.77642766009718,414.391,4.7375000000000025,2.7035897751353275,0.4912440182097822,77.23,7,1,6,True,13909,1.0,CHEMBL4754908,0.5946132596685083,1.0,0.1009174311926605
Fc1ccccc1-c1cc(NCOc2cccnc2)n2ncc(Br)c2n1,CHEMBL398622,130.0,-8.48280170428086,-7.25665537554654,414.23800000000006,4.141300000000002,2.618072606872568,0.4976570575850282,64.34,6,1,5,True,CHEMBL398622,1.0,CHEMBL400863,0.5606004217838978,1.0,0.1511627906976744
CC=CC(=O)NCCCN1CCC(CNC(=O)c2n[nH]c3ccc(OC)cc23)CC1,607858,780.0,-8.41357494267976,-6.67481082703049,413.52200000000016,2.0956999999999995,2.532718576566456,0.4318743799462385,99.35,5,3,9,False,607858,1.0,CHEMBL4101252,0.532751937984496,1.0,0.1192660550458715
CCc1ccc(-n2cc(CSC3=NC(c4ccccc4)CC(=O)N3C)nn2)cc1,CHEMBL4641105,94.0,-7.968252211821,-8.42110588459063,405.52700000000016,4.022300000000003,3.199300959473552,0.6430876558053066,63.38,6,0,5,True,CHEMBL4641105,1.0,CHEMBL1644625,0.6250744845667977,1.0,0.1294117647058823
NCCn1cc(C2=C(c3coc4ccccc34)C(=O)NC2=O)c2cc(Br)ccc21,CHEMBL2386098,116.0,-7.5700331709831,-7.1106527532681,450.2920000000001,3.675900000000002,2.729453429398889,0.4645755456390527,90.26,5,2,4,True,CHEMBL2386098,1.0,CHEMBL1644616,0.6115891368647486,1.0,0.0897435897435897
CCOC(=O)c1ccc(CN2CCC(CNC(=O)c3n[nH]c4ccc(Br)cc34)CC2)o1,CHEMBL3735613,260.0,-8.04244674098715,-7.39421805047227,489.3700000000001,3.7371000000000016,2.526016581735499,0.4909090372419549,100.46,6,2,7,True,CHEMBL3735613,1.0,CHEMBL3593777,0.5495881383855025,1.0,0.128440366972477
Nc1c(F)c(NCCc2c[nH]c3ccccc23)c(F)c2c1c(=O)c(C(=O)O)cn2C1CC1,CHEMBL1834111,660.0,-7.89195355853762,-9.31671877124592,438.4340000000003,4.030900000000003,2.774842641272341,0.339626850071006,113.14,5,4,6,True,CHEMBL1834111,1.0,CHEMBL1681996,0.5705310573731626,1.0,0.1578947368421052
COc1ccc(-c2cc(-c3ccc(F)cc3)[nH]c(=O)c2O)cc1,CHEMBL1630451,325.0,-8.99095884714101,-8.58303349370128,311.31200000000007,3.5622000000000016,2.0433449800744263,0.7771656721861827,62.32000000000001,3,2,3,True,CHEMBL1630451,1.0,CHEMBL248643,0.6512455516014235,1.0,0.1666666666666666
O=C1NC(=O)C(c2cccc(Cl)c2)=C1Nc1cc(Cl)c(O)c(Cl)c1,CHEMBL422714,58.0,-7.53426367290292,-7.81343509221816,383.61800000000005,3.8320000000000007,2.4731761606333755,0.5558324975173015,78.43,4,3,3,True,CHEMBL422714,1.0,50611614,0.6419612314709235,1.0,0.0987654320987654
COCCN1CCC(CNC(=O)c2n[nH]c3ccc(-c4ccc(O)cc4)cc23)CC1,607836,890.0,-10.1615663631856,-8.11230451363284,408.5020000000002,3.0237000000000016,2.3529716454702854,0.5590951985175426,90.48,5,3,7,True,607836,1.0,CHEMBL1761562,0.5410761963442186,1.0,0.12
Cc1nc2c(cnn2-c2csc(C(=O)NC3COC3)c2)cc1Nc1ccc(F)cc1Cl,,,-7.296175841,-8.887145947,457.918,4.45512,2.947149508,0.462317915,81.07,7,2,5,True,1216148,0.590349527,CHEMBL4854405,1.0,0.152380952,1.0
Cn1cc(-c2ccc(N3CCOCC3)cc2)c2sc(-c3ccncc3)cc2c1=O,CHEMBL1809111,251.19,-8.25471081747013,-6.59285198551728,403.50700000000006,4.165600000000003,2.513250260887741,0.5152373071868925,47.36,6,0,3,True,CHEMBL1809111,1.0,CHEMBL400863,0.6059618633840212,1.0,0.1707317073170731
Cc1ccc(-c2ncn(-c3ccc(Nc4cc(-c5ccn(C)n5)c(F)cn4)cc3)n2)cn1,,,-9.266900712,-8.204256174,426.459,4.31592,2.759063479,0.450567116,86.34,8,1,5,True,51304711,0.594432967,CHEMBL1771668,1.0,0.130434783,1.0
Nc1c(F)c(NCCNc2ccccn2)c(F)c2c1c(=O)c(C(=O)O)cn2C1CCCC1,CHEMBL1834318,22.0,-7.55434144926859,-6.93411129294503,443.4540000000004,3.5942000000000016,2.826221742395937,0.3250882801289974,122.26999999999998,7,4,7,True,CHEMBL1834318,1.0,CHEMBL3220502,0.5806031677153396,1.0,0.2
O=C(Cn1c(=O)ccc2cc(C(F)(F)F)ccc21)Nc1scc(Br)c1-c1nnc[nH]1,,,-7.054306976,-7.352228383,498.284,4.2681,3.109519637,0.439904994,92.67,6,2,4,True,CHEMBL4288850,0.528931891,50659450,1.0,0.153846154,1.0
COc1ccc(Oc2cc(Nc3ccccc3C(N)=O)c(Cl)cn2)cc1,,,-8.028346954,-7.88436598,369.808,4.3784,2.11086608,0.672980125,86.47,5,2,6,True,CHEMBL188938,0.639724138,CHEMBL1923187,1.0,0.1625,1.0
CC1(C)CC(=O)C2=C(C1)Nc1n[nH]c(C(F)(F)F)c1C2c1cc(F)ccc1C(F)(F)F,580706,100.0,-4.04595686949123,-4.10569786007305,447.3540000000001,5.787000000000004,3.677097599359568,0.5446792795739159,57.78,3,2,1,False,580706,1.0,CHEMBL3355993,0.3537555960868844,1.0,0.1226415094339622
COc1ccc(-c2nc3c(C(=O)Nc4cnccc4C)ccnc3[nH]2)cc1,CHEMBL2048680,2.0,-8.1590550582415,-7.21462293085913,359.38900000000007,3.589220000000001,2.324928328701926,0.5807798766458897,92.79,5,2,4,True,CHEMBL2048680,1.0,CHEMBL248790,0.584718826405868,1.0,0.1772151898734177
CC(C)c1c(-c2ccc(Cl)cc2)[nH]c2nccnc12,CHEMBL77217,750.0,-8.40296637072321,-7.95446039345473,271.75100000000003,4.401700000000004,2.430254071729646,0.7503896065377909,41.57,2,1,2,True,CHEMBL77217,1.0,CHEMBL3577872,0.5553056921995784,1.0,0.1408450704225352
Cc1ccc(-c2ncn(-c3ccc(Nc4nccc(-c5cccc(N6CCOCC6)c5)n4)cc3)n2)cn1,,,-9.344774407,-8.333691037,490.571,4.67492,2.636467854,0.366898024,93.88,9,1,6,True,51304696,0.541828886,CHEMBL2144409,1.0,0.22,1.0
CN(c1ncnc2[nH]c3ccccc3c12)C1CCCN(CCC#N)C1,CHEMBL5089053,480.0,-7.35503243860139,-8.73984618561324,334.42700000000013,2.925380000000001,3.152653780225613,0.7940946237628433,71.84,5,1,4,True,CHEMBL5089053,1.0,CHEMBL4788894,0.6144667059516795,1.0,0.1851851851851851
Cc1occc1-c1ncc(OCC(N)Cc2c[nH]c3ccccc23)cc1-c1cnc2[nH]nc(C)c2n1,CHEMBL596583,210.0,-8.26010188923549,-7.84236407778758,479.5440000000002,4.721840000000002,3.581422817745299,0.3017431209083362,131.53,7,3,7,True,CHEMBL596583,1.0,CHEMBL1771717,0.5491525423728814,1.0,0.1666666666666666
C=CC(=O)Nc1ccc(C(=O)Nc2ccc(Nc3cc(-c4c(-c5ccc(F)cc5)nc(SC)n4C)ccn3)c(C)c2)cc1,,,-4.745703055,-7.762546332,592.7,7.43892,2.774538941,0.121513239,100.94,7,3,9,False,CHEMBL3647952,0.341390925,CHEMBL4063964,1.0,0.140625,1.0
O=c1[nH]nc(-c2ccnc(NC3CCOCC3)c2)n1-c1ccc2ccccc2c1,,,-10.46087888,-11.79018159,387.443,3.3667,2.543330396,0.560847365,84.83,6,2,4,True,50374906,0.640251572,CHEMBL1644620,1.0,0.133333333,1.0
O=C1Nc2ccccc2NC1=CC(=O)c1cccc2ccccc12,,,-8.505094915,-10.62921211,314.344,3.9706,2.255188189,0.555645342,58.2,3,2,2,True,CHEMBL4080416,0.595148754,CHEMBL4531109,1.0,0.108433735,1.0
CSc1nccc(C(C#N)c2nc3ccccc3s2)n1,,,-7.093510396,-8.251324003,298.396,3.46368,3.128410643,0.547091565,62.46,6,0,3,True,CHEMBL575138,0.555706727,CHEMBL3911431,1.0,0.048192771,1.0
FC(F)(F)c1cccc(Nc2nccc(-c3c(-c4ccccc4)nn4ncccc34)n2)c1,13926,12.0,-7.16537471389015,-11.1277139182686,432.4090000000001,5.615700000000003,2.52768978209817,0.3995211134880526,68.0,6,1,4,True,13926,1.0,CHEMBL4074524,0.738104205900816,1.0,0.188235294117647
CCCC(=O)Nc1n[nH]c2cc(-c3ccc(N)cc3)ccc12,CHEMBL1086638,76.0,-7.55135538130997,-7.95136571136105,294.358,3.550700000000001,2.1525123681757687,0.64329887540903,83.8,3,3,4,True,CHEMBL1086638,1.0,CHEMBL3220501,0.6618336262448741,1.0,0.1351351351351351
O=C(Cn1c(=O)ccn2nccc12)Nc1scc(Br)c1-c1ncn[nH]1,,,-6.213008079,-7.227675838,420.252,1.7438,3.334699313,0.522861717,109.97,8,2,4,True,CHEMBL3828150,0.555987055,CHEMBL1822143,1.0,0.119565217,1.0
O=C(Nc1cncc(OCC2CCN(Cc3ccccc3F)CC2)c1)c1ccnc(NC(=O)C2CC2)c1,CHEMBL4865061,77.0,-8.1268316918374,-7.44552105136409,503.57800000000026,4.507500000000004,2.496716858350826,0.4462082307148451,96.45,6,2,9,True,CHEMBL4865061,1.0,188571,0.5495411125678966,1.0,0.2291666666666666
CCN(CC)CCNC(=O)c1cccc(Nc2nccc(-c3cnn4ncccc34)n2)c1,CHEMBL495751,20.0,-7.67834268507421,-9.59677040691743,430.5160000000001,3.001500000000001,2.641634695249534,0.4209550023336283,100.34,8,2,9,True,CHEMBL495751,1.0,CHEMBL246543,0.546605040167272,1.0,0.2717391304347826
Cn1cc(C2=C(c3cccc(NCCCO)c3)C(=O)NC2=O)c2ccccc21,CHEMBL1082151,1.0,-10.9969530101563,-11.0471607586486,375.42800000000005,2.5398000000000005,2.4605598523549705,0.4567093018404206,83.35999999999999,5,3,6,True,CHEMBL1082151,1.0,CHEMBL1644637,0.6679291386682957,1.0,0.1473684210526315
O=C(Cn1c(=O)ccc2ncccc21)Nc1scc(Br)c1-c1ncn[nH]1,,,-6.812938933,-8.374954846,431.275,2.6443,2.819972874,0.51702481,105.56,7,2,4,True,339353,0.48245046,695863,1.0,0.183908046,1.0
N#Cc1cccc(-c2nc3c(Nc4ccccc4)ncnc3[nH]2)c1,CHEMBL1210236,26.0,-9.25811786670487,-8.75057858044602,312.336,3.635180000000002,2.355321428042023,0.6025345651750138,90.28,5,2,3,True,CHEMBL1210236,1.0,CHEMBL1771661,0.5924387203988367,1.0,0.1558441558441558
Cc1ccc(-c2cc3c(NC(=O)C4CC4)ncnc3o2)cc1,CHEMBL182283,617.0,-7.71628562030765,-7.33993900158341,293.326,3.546720000000001,2.31462006048346,0.8015502504875369,68.02000000000001,4,1,3,True,CHEMBL182283,1.0,CHEMBL3393595,0.6514820592823714,1.0,0.1690140845070422
CN(C)CCNC(=O)c1ccc(-c2n[nH]c3cc(Nc4ccccc4Cl)ccc23)cc1,,,-7.528251912,-8.912476255,433.943,4.9183,2.234712174,0.386569846,73.05,4,3,7,True,CHEMBL261660,0.534580567,CHEMBL399167,1.0,0.269230769,1.0
Cn1c(N2CCOC(c3ccccc3)C2)nc(-c2ccncc2)cc1=O,CHEMBL3091546,51.0,-7.65489850776976,-8.81219509304819,348.40600000000006,2.4202000000000004,2.810005434876945,0.7274503309831554,60.25,6,0,3,True,CHEMBL3091546,1.0,CHEMBL1644625,0.7145746258595119,1.0,0.2051282051282051
CCC(NC(=O)OC1CCC(c2cc(NC(=O)Cc3cc(C)no3)n[nH]2)C1)C(F)(F)F,1038734,139.0,-7.5355134515133,-7.41408084668037,443.4260000000001,3.590520000000001,4.029777645083333,0.6012045713911599,122.14,6,3,7,True,1038734,1.0,CHEMBL383955,0.5787302545527719,1.0,0.1261261261261261
O=C1NC(=O)C2=C1c1cn(c3ncccc13)CCOCCOCCn1cc2c2cccnc21,CHEMBL132223,620.0,-6.22858226727378,-5.05999099056028,443.46300000000025,2.0,5.195044305303378,0.4174805276630868,100.27,8,1,0,False,CHEMBL132223,1.0,CHEMBL3394119,0.3963742370410859,1.0,0.0760869565217391
O=C(O)CN1CCC(CNC(=O)c2n[nH]c3ccc(-c4cncnc4)cc23)CC1,607844,220.0,-9.62821491069306,-7.47792452339527,394.4350000000002,1.5463,2.532046240202545,0.5792449627821263,124.1,6,3,6,True,607844,1.0,50383511,0.6038015304862997,1.0,0.2359550561797752
Fc1ccc(-c2nn3ncccc3c2-c2ccnc(Nc3ccccc3)n2)cc1,13931,20.0,-7.12757892926226,-10.873229105491,382.4020000000001,4.736000000000003,2.378287461771672,0.486403637068939,68.0,6,1,4,True,13931,1.0,784802,0.7264364919354839,1.0,0.1797752808988764
COc1cc(CNC(=O)c2ncoc2-c2ccc(OC)c(Cl)c2)ccn1,CHEMBL1957226,31.62,-8.39632847830473,-6.93209759567418,373.7960000000001,3.337200000000002,2.4039573480915184,0.7127411796798697,86.48,6,1,6,True,CHEMBL1957226,1.0,CHEMBL3220500,0.5210268948655257,1.0,0.1627906976744186
Cc1ccc(NC(=O)c2ccc(F)c(-n3cc(NC(=O)Nc4ccccc4Cl)cn3)c2)cn1,,,-8.31485424,-8.782731781,464.888,5.26452,2.339375906,0.374482878,100.94,5,3,5,True,50943622,0.608522544,CHEMBL3355156,1.0,0.177083333,1.0
Cn1c(N2CCOC(c3ccc(F)cc3)C2)nc(-c2ccncn2)cc1=O,CHEMBL3091536,12.0,-6.91546499766521,-8.23365683185954,367.38400000000007,1.9543,3.0201053641183258,0.704604875011335,73.14,7,0,3,True,CHEMBL3091536,1.0,CHEMBL400863,0.537779397473275,1.0,0.0989010989010989
Cc1nc(C)n(-c2ccc(Nc3cc(-c4ccn(C)n4)c(F)cn3)cc2)n1,,,-9.067901183,-7.813614585,363.4,3.56234,2.62327781,0.600070817,73.45,7,1,4,True,CHEMBL402932,0.691070673,CHEMBL1771667,1.0,0.213333333,1.0
Cc1nc2ccccc2n1Cc1nnc(Nc2ccc(F)cc2)s1,CHEMBL3828006,134.0,-7.9577241462869,-7.46206808745101,339.399,4.127220000000002,2.1716761006933147,0.6073521099881612,55.63,6,1,4,True,CHEMBL3828006,1.0,CHEMBL1822136,0.5528917449332674,1.0,0.1208791208791208
O=C(NCCc1cccc(O)c1)c1ccnc2[nH]c(-c3ccc(F)cc3)nc12,CHEMBL2048666,14.0,-8.10701167114365,-8.65245475183089,376.3910000000001,3.4421000000000017,2.305848570303688,0.4975972570935383,90.9,4,3,5,True,CHEMBL2048666,1.0,CHEMBL1784097,0.5988357377879018,1.0,0.2117647058823529
O=C1NC(=S)NC1=Cc1ccc(-c2ccc(Cl)c(Cl)c2)o1,51243406,678.0,-7.54801915158956,-8.63660757714561,339.2030000000001,3.598600000000001,2.5337411432483368,0.6484604331602242,54.27,3,2,2,True,51243406,1.0,CHEMBL1923184,0.6090964037473556,1.0,0.0789473684210526
COc1cc(C=NNc2ncnc3c2cnn3-c2ccccc2)ccc1O,CHEMBL63803,100.0,-7.76865289296593,-8.66032681322206,360.37700000000007,2.975700000000002,2.333198405849707,0.4194151945787625,97.45,8,2,5,False,CHEMBL63803,1.0,CHEMBL485323,0.6655729098306864,1.0,0.1237113402061855
NCC1(c2ccc(Cl)cc2)CCN(c2ncnc3[nH]ccc23)CC1,CHEMBL406863,500.0,-7.17020808120118,-6.18606192518109,341.8460000000001,3.108200000000001,2.6162800567372706,0.7675424700700888,70.83,4,2,3,True,CHEMBL406863,1.0,CHEMBL250199,0.4628089759653719,1.0,0.0875
NC(=O)c1ncc(-c2ccnc(NC(=O)C3CC3)c2)[nH]1,CHEMBL4456432,47.0,-8.90857364667179,-9.03155856421513,271.28,0.9190999999999993,2.5291028833035245,0.7666162145137368,113.76,4,3,4,True,CHEMBL4456432,1.0,CHEMBL3911431,0.6541595925297115,1.0,0.12
CS(=O)c1ccc(-c2nc(-c3ccncc3)c(-c3ccc(F)cc3)[nH]2)cc1,,,-6.760299668,-7.220261719,377.444,4.6822,2.84449708,0.561614004,58.64,3,1,4,True,CHEMBL558982,0.579204736,50543920,1.0,0.111111111,1.0
O=C1Cc2c([nH]c3c(Cl)cccc23)-c2ccccc2N1,CHEMBL318471,199.99,-7.66153564944211,-8.01329296212328,282.73,3.9829000000000017,2.3465579704577504,0.6434182573108927,44.89,1,2,0,True,CHEMBL318471,1.0,51238049,0.6832095634848759,1.0,0.1428571428571428
Cc1ccc(-c2ccc3occ(-c4cccc([S+](C)[O-])c4)c3c2)o1,CHEMBL573487,210.0,-8.61194728768536,-8.57824763592926,336.4120000000001,5.405620000000004,3.374721159190313,0.4702674108664945,49.34,3,0,3,False,CHEMBL573487,1.0,CHEMBL400863,0.5466294982260518,1.0,0.1518987341772152
O=C(NCc1ccccc1)c1ccc(O)c2nc(-c3ccccc3)[nH]c12,50397446,870.0,-7.39355953620278,-8.490649472414,343.386,3.8655000000000017,2.0677043882490853,0.5263152250054527,78.00999999999999,3,3,4,True,50397446,1.0,CHEMBL1783492,0.5927567430669874,1.0,0.1264367816091954
Oc1onc(-c2ccnc(Nc3ccc(N4CCOCC4)cc3)c2)c1-c1ccc(F)cc1,,,-7.920663975,-11.92793043,432.455,4.8285,2.53664914,0.467370099,83.65,7,2,5,False,CHEMBL4802108,0.607477642,CHEMBL3099975,1.0,0.157894737,1.0
O=C(Nc1ncnc2nc(-c3cccc(Cl)c3)[nH]c12)C1CC1,50586515,365.0,-7.97082141322042,-6.96147486876802,313.7480000000001,3.0218000000000007,2.350679401142802,0.7782019366428375,83.56,4,2,3,True,CHEMBL1210310,1.0,CHEMBL1288966,0.6560632972711126,1.0,0.1168831168831168
COc1ccccc1C1CN(c2cc(-c3ccncn3)cc(=O)n2C)CCO1,CHEMBL1682851,6.1,-7.76024551655276,-7.87658848752142,378.4320000000002,2.4288,3.151467880539286,0.6945453665538253,69.48,7,0,4,True,CHEMBL1682851,1.0,CHEMBL4795574,0.5632112815437902,1.0,0.0967741935483871
O=C1NC(=O)C(c2cn3c4c(cccc24)CNCC3)=C1c1ccc2c(c1)COC2,51159564,83.0,-10.1087855066592,-5.56597875409657,385.4230000000002,2.3419,3.0127184961818587,0.6645277234130758,72.36,5,2,2,True,51159564,1.0,CHEMBL1761572,0.5128326434062684,1.0,0.1477272727272727
O=C(NC1CCS(=O)(=O)CC1)c1n[nH]c2ccc(-c3cccc(F)c3F)cc12,CHEMBL4645145,39.0,-8.91681903833764,-8.01505350353407,405.4260000000001,2.815100000000001,2.528076678060909,0.7009912762669496,91.92,4,2,3,True,CHEMBL4645145,1.0,CHEMBL400863,0.6203796203796204,1.0,0.125
Cn1c(SCc2cn(-c3ccccc3F)nn2)nc(-c2ccccc2)cc1=O,346052,122.0,-8.34866087695129,-9.77337498125137,393.4470000000001,3.4594000000000014,2.3924331856883043,0.3837698614015224,65.6,7,0,5,True,346052,1.0,CHEMBL203289,0.660535329189395,1.0,0.1791044776119403
Cc1cc(NC(=O)c2cccc(-n3cc(NC(=O)Nc4ccccc4Cl)cn3)c2)ccn1,,,-7.406304213,-8.393675139,446.898,5.12542,2.276524451,0.395444635,100.94,5,3,5,True,CHEMBL1957959,0.586471103,CHEMBL3355165,1.0,0.183673469,1.0
O=C1Cc2c([nH]c3cc(Br)ccc23)-c2ccccc2N1,CHEMBL98554,139.96,-7.98706772801378,-6.47376918641354,327.181,4.092000000000002,2.3252516044100062,0.6416609516725437,44.89,1,2,0,True,CHEMBL98554,1.0,CHEMBL1287859,0.5115300942712111,1.0,0.1285714285714285
NC(=O)c1cnc(-c2ccnc(NC(=O)C3CC3)c2)cc1OCC(F)(F)F,CHEMBL3410106,6.8,-7.30163485380258,-6.94146306029593,380.3260000000001,2.5321000000000007,2.513172115684176,0.800840369138406,107.2,5,2,6,True,CHEMBL3410106,1.0,50704570,0.5903421020130912,1.0,0.1235955056179775
COc1cccc(C2=C(c3cn(C)c4cc(C)ccc34)C(=O)NC2=O)c1,CHEMBL1081128,35.0,-9.68258116846776,-9.13228997987943,346.3860000000001,3.062520000000001,2.367697982614345,0.7416581865990748,60.33,4,1,3,True,CHEMBL1081128,1.0,CHEMBL1991853,0.6482927576175165,1.0,0.0632911392405063
CCn1c(-c2nonc2N)nc2cnc(NC(=O)c3ccc(OCCN4CCOCC4)cc3)cc21,200191,420.0,-5.81863267784023,-7.72117884322097,478.5130000000004,2.0467,2.7091009406173825,0.3855417785128244,146.45,11,2,8,True,200191,1.0,CHEMBL1761582,0.5239228125826064,1.0,0.1834862385321101
Cc1cc(NCCCc2ccnc(Cl)c2)c2n[nH]c(=O)n2c1.Cl,51195512,774.0,-8.33001623108887,-8.29491560129615,354.24100000000004,2.845920000000001,2.780440253743066,0.5458023585927645,75.08,5,2,5,False,51195512,1.0,CHEMBL4777530,0.6226945920600188,1.0,0.1375
COc1cccc(-n2nc(C)c3c(N=NCc4ccncc4)ncnc32)c1,14687,10.0,-7.03703213259235,-8.57369608057423,359.39300000000003,3.811420000000002,2.8684521546325694,0.5053981862200208,90.44,8,0,5,False,14687,1.0,CHEMBL1644625,0.623991935483871,1.0,0.1585365853658536
O=C(Nc1cc(-c2ccnc(Nc3ccccc3)c2)ccn1)C1CCOCC1,,,-9.41831977,-10.75871404,374.444,4.2523,2.255207545,0.698081086,76.14,5,2,5,True,CHEMBL4568087,0.612526291,CHEMBL203059,1.0,0.178571429,1.0
COc1ccc(-c2nc3nccc(C(=O)Nc4cnccc4C)c3[nH]2)cc1,51304662,2.0,-8.03563182617473,-7.98892148437765,359.38900000000007,3.589220000000001,2.326179807991867,0.5807798766458897,92.79,5,2,4,True,51304662,1.0,CHEMBL197698,0.702354874041621,1.0,0.1585365853658536
C#Cc1ccc2c(ccc(=O)n2CC(=O)Nc2scc(Br)c2-c2ncn[nH]2)c1,,,-7.376242705,-7.909474236,454.309,3.2306,3.038391006,0.463486996,92.67,6,2,4,True,CHEMBL4071429,0.568331442,695931,1.0,0.119266055,1.0
COc1ccc(Nc2ncc3nc(Nc4ccccc4F)n(C4CCC(C(N)=O)CC4)c3n2)cc1,,,-8.17225949,-10.43787375,475.528,4.6778,2.582752448,0.35498357,119.98,8,3,7,True,CHEMBL1089723,0.559318378,CHEMBL1946495,1.0,0.12,1.0
C(=NNc1ncnc2c1cnn2-c1ccncc1)c1ccncc1,CHEMBL308454,3.162,-8.30622945699468,-8.66742461308931,316.32800000000003,2.0515,2.551678957836172,0.4572961694584843,93.77,8,1,4,False,CHEMBL308454,1.0,CHEMBL246543,0.6570870535714286,1.0,0.1162790697674418
COCCn1cc(C2=C(c3coc4ccccc34)C(=O)NC2=O)c2cc(F)c(F)cc21,CHEMBL2386105,35.7,-7.52306224051378,-7.96214491721661,422.3870000000001,3.8793000000000015,2.747906500805195,0.4956872623363725,73.47,5,1,5,True,CHEMBL2386105,1.0,50704570,0.5507295941632466,1.0,0.1222222222222222
N#Cc1cccc(-c2nc3ncnc(NC(=O)C4CC4)c3[nH]2)c1,50586514,781.0,-8.27151888404569,-7.50152338107073,304.31300000000005,2.24008,2.4871607519948142,0.7712194019867443,107.35,5,2,3,True,50586514,1.0,695913,0.5933260987520348,1.0,0.1777777777777777
COc1ccncc1NC(=O)c1ccnc(NC(=O)C2CC2)c1,51109194,3.4,-8.54255550108632,-6.62434953235837,312.3290000000001,2.086,2.092598944571467,0.8814613564019497,93.21,5,2,5,True,51109194,1.0,CHEMBL232601,0.6147945917836714,1.0,0.2142857142857142
O=C(Nc1ncnc2[nH]c(-c3ccc4ccccc4c3)nc12)C1CC1,CHEMBL1210406,169.0,-7.86825427261926,-8.499832588908,329.3630000000001,3.521600000000002,2.3471169896013,0.602179837082921,83.56,4,2,3,True,CHEMBL1210406,1.0,50626377,0.6444015975760915,1.0,0.1647058823529411
NC(=O)c1sc(-c2ccnc(NC(=O)C3CC3)c2)nc1OCCOCC#Cc1cccc2c1CN(C1CCC(=O)NC1=O)C2=O,CHEMBL4755345,63.8,-9.71222279673852,-8.54646255324816,628.6670000000003,1.8606,3.853463450862432,0.1713991380752147,182.91,10,3,10,True,CHEMBL4755345,1.0,CHEMBL584899,0.5122541367467999,1.0,0.1343283582089552
Cc1nc(C)n(-c2ccc(Nc3cc(-c4nn(C)cc4-c4ccc(F)cc4)ccn3)cc2)n1,,,-9.081372967,-11.35957072,439.498,5.22934,2.560137402,0.405971503,73.45,7,1,5,True,CHEMBL4557420,0.60318521,CHEMBL1771718,1.0,0.353658537,1.0
Cc1cnc(C(=O)Nc2cc(-c3ccnc(Nc4ccccc4)c3)ccn2)cn1,,,-8.858986025,-9.733811668,382.427,4.23792,2.318934967,0.536323058,92.69,6,2,5,True,CHEMBL2046466,0.664640817,CHEMBL205402,1.0,0.182926829,1.0
CCOc1ccncc1NC(=O)c1ccnc2nc(-c3cccc(OC)c3)[nH]c12,50943629,7.0,-8.02219693171233,-7.4644594725023,389.4150000000001,3.6795000000000018,2.439952833609137,0.5215346873198298,102.02,6,2,6,True,CHEMBL2048683,1.0,CHEMBL3947385,0.5744122210287623,1.0,0.1818181818181818
CCC1(C)CCN1C(=O)OC1CCC(c2cc(NC(=O)Cc3cc(C)no3)n[nH]2)C1,1039027,5.0,-7.76881919500379,-7.63854503358234,415.4940000000002,3.5344200000000017,4.170664789961524,0.746039627512734,113.35,6,2,6,True,1039027,1.0,CHEMBL204757,0.5372945638432365,1.0,0.1888888888888888
Cc1ccc(-c2cnc(N)c(N=Cc3ccnc(NC(=O)C4CC4)c3)c2)cc1,CHEMBL4458206,372.0,-8.536039267291,-8.34392184213201,371.4440000000002,4.133320000000002,2.576966198508817,0.6594466122923316,93.26,5,2,5,True,CHEMBL4458206,1.0,CHEMBL1761554,0.6563000228675966,1.0,0.1458333333333333
Cc1[nH]nc2c1C(c1ccccc1Br)C1=C(CC(C)(C)CC1=O)N2,580575,100.0,-6.54040341616308,-5.68287141810547,386.2930000000002,4.681220000000003,3.371718882946116,0.7483021183833707,57.78,3,2,1,True,580575,1.0,696051,0.4990714374148818,1.0,0.0947368421052631
NC(=O)c1sc(-c2ccnc(NC(=O)C3CC3)c2)nc1OCCC1CCN(Cc2c(F)cccc2F)CC1,CHEMBL4755445,5.0,-8.52714993441299,-7.67234394631381,541.6240000000003,4.611800000000004,2.8404372489381053,0.387902672432287,110.44,7,2,10,True,CHEMBL4755445,1.0,CHEMBL1761556,0.5537599252685661,1.0,0.1150442477876106
Cc1nn(C)cc1NC(=O)c1cccc(-n2cc(NC(=O)Nc3ccccc3Cl)cn2)c1,,,-7.721685518,-8.626432007,449.902,4.46392,2.380376113,0.41775995,105.87,6,3,5,True,CHEMBL558512,0.613764655,CHEMBL3355172,1.0,0.13,1.0
Cc1c(-c2ccc(O)cc2)[nH]c2nccnc12,CHEMBL77641,520.0,-8.67489117871465,-8.04104818966512,225.251,2.63892,2.457434870694561,0.6688362481139254,61.8,3,2,1,True,CHEMBL77641,1.0,51238049,0.554788297292386,1.0,0.1636363636363636
CCN1CCOCCn2cc(c3ccccc32)C2=C(C(=O)NC2=O)c2cn(c3ccccc23)CCOCC1,CHEMBL103055,18.0,-3.27967617848894,-1.80236463974887,512.6100000000004,3.531900000000002,4.9676656043988725,0.3950781407955757,77.73,7,1,1,False,CHEMBL103055,1.0,CHEMBL3356001,0.2839142641922892,1.0,0.1122448979591836
c1ccc(-c2ccc3c(-c4ccnc(Nc5ccc6c(c5)OCCO6)n4)cnn3n2)cc1,13924,125.0,-8.34525462680393,-7.74104610251531,422.44800000000015,4.368100000000002,2.588078088549784,0.4602237796097605,86.46000000000001,8,1,4,True,13924,1.0,CHEMBL2376911,0.667501565435191,1.0,0.1881188118811881
COc1ccc(Oc2ncc(Cl)c(Nc3ccccc3C(N)=O)n2)cc1,,,-7.619869323,-7.498703348,370.796,3.7734,2.153250279,0.684697382,99.36,6,2,6,True,CHEMBL402932,0.651095093,CHEMBL1923217,1.0,0.216216216,1.0
Cn1cc(-c2cn(C)nc2-c2ccnc(Nc3ccc(N4CCOCC4)cc3)c2)cn1,,,-7.410223691,-10.20232514,415.501,3.4628,2.59368815,0.538184992,73.03,8,1,5,False,CHEMBL4063206,0.482109228,CHEMBL1771721,1.0,0.14893617,1.0
O=C(NCC1CCN(Cc2ccccc2F)CC1)c1cncc(NC(=O)c2ccnc(NC(=O)C3CC3)c2)c1,CHEMBL4870746,164.0,-7.05027998809726,-8.61368316928345,530.6040000000003,3.858500000000002,2.5130074847965727,0.3870007342515235,116.32000000000002,6,3,9,True,CHEMBL4870746,1.0,CHEMBL198821,0.5248573757131214,1.0,0.2135922330097087
O=C(NCC1CCN(Cc2cccc(F)c2)CC1)c1cncc(NC(=O)c2ccnc(NC(=O)C3CC3)c2)c1,CHEMBL4866150,97.0,-8.3971448080639,-7.67831265267196,530.6040000000003,3.858500000000002,2.510272869411958,0.3870007342515235,116.32000000000002,6,3,9,True,CHEMBL4866150,1.0,51195177,0.5506499682942296,1.0,0.1932773109243697
Cn1nnc(-c2ccc(Nc3nccc(-c4cc(C#N)cc(N5CCOCC5)c4)n3)cc2)n1,,,-8.736171129,-8.530193095,439.483,2.78598,2.687816145,0.500634658,117.67,10,1,5,True,13913,0.569006713,CHEMBL571434,1.0,0.269662921,1.0
Cn1cc(C2=C(c3cccc(NCC(O)CO)c3)C(=O)NC2=O)c2cc(F)ccc21,CHEMBL1082152,0.6,-10.6348910310688,-10.4763159749217,409.41700000000014,1.6496999999999995,3.082417762998208,0.4637933512322448,103.59,6,4,6,True,CHEMBL1082152,1.0,CHEMBL1644637,0.6721057646498332,1.0,0.15
Cn1c(N2CCNC(c3ccccc3Cl)C2)nc(-c2ccncc2)cc1=O,CHEMBL4104642,9.6,-7.82303403859806,-8.63925358750535,381.8670000000001,2.646600000000001,2.9872598019881487,0.7552741302117797,63.05,6,1,3,True,CHEMBL4104642,1.0,CHEMBL482708,0.6284670545257747,1.0,0.1707317073170731
OC1CCC(Nc2ncc(Br)c(NC34CC5CC(CC(O)(C5)C3)C4)n2)CC1,CHEMBL403385,125.0,-7.99552516924005,-4.93089676274191,437.3820000000004,3.4501000000000017,4.832989006921036,0.5771594402939246,90.3,6,4,4,True,CHEMBL403385,1.0,CHEMBL1784089,0.4486297746270236,1.0,0.0736842105263157
O=C1NC(=O)C2=C1c1cn(c3ccccc13)CCOCCOCCOCCn1cc2c2ccccc21,CHEMBL340259,21.88,-6.76914226756794,-6.72780701268925,485.5400000000004,3.226600000000002,5.005324855475724,0.3868996966453111,83.72,7,1,0,False,CHEMBL340259,1.0,784823,0.4758930142530353,1.0,0.09375
COc1ccc(-c2coc3ccc(-c4nnc(SCc5ccc(OC)c(C(F)(F)F)c5)o4)cc23)cc1,CHEMBL469509,25.0,-7.33901436631383,-7.74020427603035,512.5090000000002,7.478100000000004,2.569167266296759,0.2094313978057476,70.52000000000001,7,0,7,True,CHEMBL469509,1.0,CHEMBL1923212,0.527070382995789,1.0,0.2150537634408602
COc1ccc(-c2ocnc2C(=O)NCc2ccnc(C)c2)cc1Cl,CHEMBL1957225,31.62,-7.43514067321925,-6.64550634309162,357.797,3.6370200000000015,2.38782783422648,0.7539440096048328,77.25,5,1,5,True,CHEMBL1957225,1.0,CHEMBL203059,0.581450505554862,1.0,0.1772151898734177
Cn1c(SCc2cn(-c3ccc(F)cc3)nn2)nc(-c2ccccc2)cc1=O,346044,200.0,-8.18799106139557,-9.16868611711073,393.4470000000001,3.4594000000000014,2.353821219876337,0.3837698614015224,65.6,7,0,5,True,346044,1.0,CHEMBL205672,0.6761661341853036,1.0,0.1666666666666666
CCc1ccc(-n2cc(CSc3nnc(Cn4c(C(F)(F)F)nc5ccccc54)o3)nn2)cc1,CHEMBL4643895,390.0,-6.70831691624293,-7.6387785126148,485.4950000000001,4.921800000000005,2.7596939652644608,0.3024341134259548,87.45,9,0,7,True,CHEMBL4643895,1.0,CHEMBL4104351,0.5683247041420119,1.0,0.1272727272727272
O=C(NCC1CCCOC1)c1n[nH]c2ccc(-c3cccc(F)c3F)cc12,CHEMBL4635680,20.0,-9.39783177093377,-8.69452537760644,371.38700000000006,3.664500000000002,2.880085245775131,0.7354643019887529,67.00999999999999,3,2,4,True,CHEMBL4635680,1.0,50383511,0.5877405377851408,1.0,0.313953488372093
CC1(C)CC(=O)C2=C(C1)Nc1n[nH]c(C(F)(F)F)c1C2c1cc(F)ccc1F,580696,550.0,-8.04046305495292,-5.01815008992207,397.3470000000001,4.907300000000003,3.559230656067852,0.6727979900454318,57.78,3,2,1,True,580696,1.0,CHEMBL3394094,0.335164286427644,1.0,0.1538461538461538
O=C(Nc1cccnc1)c1ccnc2[nH]c(-c3ccsc3)nc12,CHEMBL2048674,13.0,-7.79261582717719,-7.46705915836578,321.365,3.333700000000001,2.497573257136729,0.6060209441812471,83.56,5,2,3,True,CHEMBL2048674,1.0,CHEMBL571619,0.640588690937258,1.0,0.2463768115942029
COc1cccc(-n2ncc3c(NN=Cc4ccc(F)c(F)c4)ncnc32)c1,CHEMBL67799,15.85,-8.03835554665652,-9.19149588096439,380.3580000000001,3.548300000000001,2.421983613038732,0.423249975686782,77.22,7,1,5,False,CHEMBL67799,1.0,188581,0.6523968213278646,1.0,0.0909090909090909
COC(=O)c1c(C)csc1NC(=O)Cc1ccc(OCCCn2ccnc2)cc1,,,-6.832790552,-6.874822871,413.499,3.68992,2.390354449,0.427327672,82.45,7,1,9,True,CHEMBL2386112,0.561014809,CHEMBL1681999,1.0,0.103092784,1.0
CC(=O)Nc1cc(-c2c(-c3ccc(F)cc3)nc(SC3CCC(C(=O)O)CC3O)n2C)ccn1,,,-7.693760794,-8.327539669,484.553,3.9529,3.765914522,0.484876,117.34,7,3,6,True,CHEMBL4476724,0.63715131,CHEMBL3394111,1.0,0.340909091,1.0
CCS(=O)(=O)Nc1ccc(CCNC(=O)c2ccc(O)c3nc(-c4ccc(F)cc4Cl)[nH]c23)cc1,50506656,2.0,-7.10956073418517,-8.27547033885072,516.9820000000002,4.462100000000002,2.6161058995240207,0.2750445799707703,124.18,5,4,8,True,50506656,1.0,CHEMBL1946495,0.5402363010512605,1.0,0.1272727272727272
Cc1nc2ccccc2n1Cc1nnc(Nc2ccc(Br)cc2)s1,CHEMBL3828350,173.0,-7.77790657922445,-7.46195589119149,400.305,4.750620000000002,2.219625331462545,0.5372486972733915,55.63,6,1,4,True,CHEMBL3828350,1.0,50659439,0.5499339021752193,1.0,0.1208791208791208
Cc1ccc2c(-c3ccnc(Nc4cccc(C(F)(F)F)c4)n3)c(-c3ccc(F)cc3)nn2n1,13968,25.0,-6.85199998210589,-9.43629440981675,464.4260000000001,6.063220000000004,2.6486959219234123,0.3274766080633437,68.0,6,1,4,True,13968,1.0,CHEMBL3310142,0.591135674035544,1.0,0.2282608695652173
C=CC(=O)Nc1cccc(C2=C(c3cn(C)c4ccc(F)cc34)C(=O)NC2=O)c1,CHEMBL4649363,150.0,-9.23057884984891,-10.187422184454,389.3860000000001,3.0091,2.5911555198118243,0.5317817325517512,80.2,4,2,4,False,CHEMBL4649363,1.0,CHEMBL1644629,0.6713221601489758,1.0,0.1744186046511628
Cc1nnc(-c2c(C)csc2NC(=O)Cc2ccc(-c3ccncc3)cc2)[nH]1,,,-6.726571773,-7.836899153,389.484,4.39324,2.798675921,0.53006848,83.56,5,2,5,True,CHEMBL1834125,0.522378909,50626375,1.0,0.132653061,1.0
Cc1cccc2c(C3=C(c4nnc5ccccn45)C(=O)NC3=O)cn(C)c12,50374922,105.0,-9.452133531496,-9.20696337365917,357.3730000000001,2.096619999999999,2.8047235642356245,0.5571947376283927,81.29000000000002,6,1,2,True,50374922,1.0,CHEMBL248832,0.6303246946678582,1.0,0.081081081081081
CC1CN(c2ccc(F)cc2)CCN1c1nc(-c2ccncn2)cc(=O)n1C,CHEMBL4076060,0.4,-7.46291564609716,-9.01610179877343,380.4270000000001,2.0915,3.0090561925050983,0.6932436773054226,67.15,7,0,3,True,CHEMBL4076060,1.0,CHEMBL1644625,0.6676813800101471,1.0,0.1927710843373494
Cn1cc(C2=C(c3nn(CCCN4CCOCC4)c4ncccc34)C(=O)NC2=O)c2ccccc21,CHEMBL564033,340.0,-7.97985683311073,-7.55456868620194,470.5330000000001,2.2124999999999995,2.7903873659567484,0.4344980559533768,94.28,8,1,6,True,CHEMBL564033,1.0,188581,0.5856033256755279,1.0,0.1078431372549019
CS(=O)(=O)NCCc1ccc(NC(=O)c2ccc(O)c3[nH]c(-c4ccc(Cl)cc4Cl)nc23)cc1,CHEMBL564006,80.0,-6.92655956324696,-8.65149199371985,519.4100000000002,4.586300000000002,2.498781578252977,0.2845277979654812,124.18000000000002,5,4,7,True,CHEMBL564006,1.0,CHEMBL250017,0.5280194214040057,1.0,0.1739130434782608
Cn1cc(C2=C(c3coc4ncccc34)C(=O)NC2=O)c2cc(F)ccc21,310195,390.0,-7.92352316329346,-8.52095500002637,361.3320000000001,3.025800000000001,2.820436251548312,0.5569416075932415,77.13,5,1,2,True,310195,1.0,CHEMBL399168,0.631318434078296,1.0,0.0963855421686747
O=C1NC(=O)C(c2cnc3ncccn23)=C1c1cn2c3c(cccc13)CN(C(=O)N1CCCCC1)CC2,51159566,1.9,-10.4921035876019,-6.34016892005312,495.5430000000005,2.6727,3.127434124106877,0.4307651370354398,104.84,7,1,2,True,51159566,1.0,CHEMBL3355992,0.4705536912751678,1.0,0.1160714285714285
O=C(NCCc1cccc(O)c1)c1ccnc2nc(-c3ccc(F)cc3)[nH]c12,50943613,14.0,-8.10701167114365,-8.65245475183089,376.3910000000001,3.4421000000000017,2.307053698508817,0.4975972570935383,90.9,4,3,5,True,CHEMBL2048666,1.0,CHEMBL1784097,0.5988357377879018,1.0,0.2117647058823529
CCCC(=O)Nc1n[nH]c2ccc(-c3ccccc3)cc12,CHEMBL261366,99.0,-9.7298014445882,-8.93282705131559,279.343,3.9685000000000015,1.9671833430046772,0.7588748236828992,57.78,2,2,4,True,CHEMBL261366,1.0,CHEMBL400863,0.5700000000000001,1.0,0.1447368421052631
COc1ccc(C2=C(Nc3ccc(C(=O)Nc4ccccc4)cc3)C(=O)NC2=O)cc1,CHEMBL4647915,170.0,-9.57386233574601,-8.86463572008827,413.4330000000001,3.427100000000001,2.0887239283215,0.5382873268092621,96.53,5,3,6,True,CHEMBL4647915,1.0,CHEMBL4762965,0.5554719415179532,1.0,0.1413043478260869
Cn1cc(-c2ccc3cnc(Nc4ccc(-n5cnc(N6CCOCC6)n5)cc4)nc3c2C(F)(F)F)cn1,,,-9.973412292,-8.757669116,521.507,4.21,3.076194009,0.367416664,98.81,10,1,5,True,CHEMBL304172,0.621641325,CHEMBL1761580,1.0,0.155339806,1.0
CC(C)Oc1ccc(F)c(-c2cnc(N)c(C(=O)Nc3cnccc3N3CCCC(C(=O)O)C3)n2)c1,CHEMBL4647659,16.0,-8.15597053664398,-7.36276407565774,494.5270000000002,3.6004000000000023,3.160675869643895,0.4486462271708318,143.56,8,3,7,True,CHEMBL4647659,1.0,CHEMBL3220483,0.5191088918763203,1.0,0.1711711711711711
COc1ccc2[nH]nc(C(=O)NCC3CCN(Cc4ccc(C(F)(F)F)cc4)CC3)c2c1,CHEMBL3735984,640.0,-8.4894483281915,-7.04870402149904,446.4730000000001,4.232300000000004,2.335316771981736,0.5946176091680039,70.24999999999999,4,2,6,True,CHEMBL3735984,1.0,CHEMBL1761571,0.4958130879768427,1.0,0.08
CC(=O)Nc1ccc(-c2c(-c3ccc(F)cc3)nc([S+](C)[O-])n2C)cn1,,,-8.306342864,-7.659403614,372.425,2.984,3.417928714,0.713909155,82.87,5,1,4,False,CHEMBL4564217,0.616255829,CHEMBL4747276,1.0,0.314285714,1.0
COc1ccc(Oc2cc(Nc3cc(OC)ccc3C(N)=O)c(C(F)(F)F)cn2)cc1,,,-7.658669584,-6.788066501,433.386,4.7524,2.388508355,0.558267043,95.7,6,2,7,True,CHEMBL257993,0.574135889,CHEMBL1923211,1.0,0.14,1.0
COc1nc(-c2ccnc(NC(=O)C3CC3)c2)sc1C(=O)NCCCCCCNc1c2c(nc3ccccc13)CCCC2,CHEMBL4290039,18.0,-7.99547921197633,-7.56922163850274,598.7730000000001,6.391500000000006,2.9677289146179184,0.1526452528332081,118.13,8,3,13,True,CHEMBL4290039,1.0,CHEMBL2376913,0.4215424572541664,1.0,0.176
CCc1nn(-c2cccc(OC)c2)c2ncnc(NN=Cc3ccncc3)c12,CHEMBL66900,12.59,-9.31855877411475,-9.00148891691986,373.4200000000001,3.227500000000001,2.628648445225515,0.4121880165357977,90.11,8,1,6,False,CHEMBL66900,1.0,CHEMBL1946336,0.6512146752602875,1.0,0.1976744186046511
Nc1nonc1-n1nnc(-c2n[nH]c(-c3ccncc3)n2)c1CN1CCCCC1,CHEMBL326705,280.0,-7.02089946523722,-6.02738846462432,393.4150000000003,1.0654999999999992,2.977136835653603,0.5028984203302317,153.35000000000002,11,2,5,True,CHEMBL326705,1.0,CHEMBL3593777,0.5998777506112469,1.0,0.1274509803921568
CCc1n[nH]c(-c2c(Cl)csc2NC(=O)CN2C(=O)CCc3ncccc32)n1,,,-7.807571529,-8.018111759,416.894,3.0619,3.096669468,0.664744412,103.87,6,2,5,True,CHEMBL3894571,0.519860627,696039,1.0,0.115384615,1.0
CC1(C)Cn2cc(C(=O)O)c(=O)c3c(N)c(F)c(NCCNc4ccccn4)c(c32)O1,CHEMBL1834327,440.0,-7.69845861118418,-7.38381856154091,427.4360000000001,2.511000000000001,3.143891717913668,0.3485866363463633,131.5,8,4,6,True,CHEMBL1834327,1.0,CHEMBL1946495,0.5957558017980347,1.0,0.1844660194174757
CSc1ccc(NC2=C(c3ccccc3)C(=O)NC2=O)cc1,CHEMBL434484,404.0,-9.49932194587817,-8.14209554491444,310.37800000000004,2.888100000000001,2.198439840703239,0.6732819684351562,58.2,4,2,4,True,CHEMBL434484,1.0,CHEMBL248643,0.6757425742574257,1.0,0.0625
Cn1ccc(-c2cc(Nc3ccc(-n4cnc(N5CCOCC5)n4)cc3)ncc2F)n1,,,-9.200101424,-9.057634116,420.452,2.7821,2.796389756,0.531325198,85.92,9,1,5,True,51304711,0.600177699,CHEMBL1771709,1.0,0.117021277,1.0
O=C(Nc1n[nH]c2ncc(-c3ccccc3)cc12)C1CCCC1,CHEMBL258483,5.0,-10.0586960050199,-9.97589725342044,306.3690000000002,3.7536000000000014,2.177800406457997,0.7738099920100354,70.67,3,2,3,True,CHEMBL258483,1.0,CHEMBL400863,0.5784693468679043,1.0,0.1688311688311688
CNc1ncc2nc(Nc3ccccc3F)n(C3CCCC3)c2n1,,,-7.991848703,-8.716433473,326.379,3.8658,2.493702035,0.761697845,67.66,6,2,4,True,CHEMBL318208,0.593543544,CHEMBL1946329,1.0,0.102564103,1.0
Cc1[nH]nc2c1C(c1ccccc1C#N)C1=C(CC(C)(C)CC1=O)N2,580620,100.0,-5.68427947215597,-4.7402151013133,332.4070000000001,3.7904000000000018,3.4402103510520448,0.8322176898330009,81.57,4,2,1,True,580620,1.0,CHEMBL3394104,0.360699204556614,1.0,0.1224489795918367
O=C1Nc2ccccc2C1=C1Nc2ccccc2C1=NOCC(O)CO,CHEMBL1276317,110.0,-10.4284360165985,-9.06336099941109,351.3620000000001,1.5493999999999997,3.280949175767634,0.4943241090225668,103.18,6,4,4,True,CHEMBL1276317,1.0,CHEMBL1288160,0.6038221740309027,1.0,0.0833333333333333
COC1CCC(C(=O)Nc2cc(-c3ccnc(Nc4ccc(F)cc4)c3)ccn2)CC1,,,-9.258940147,-10.69913157,420.488,5.17,2.386299088,0.575358114,76.14,5,2,6,True,CHEMBL191384,0.595109632,CHEMBL202676,1.0,0.086956522,1.0
COc1cc2c(C3=C(c4coc5ccccc45)C(=O)NC3=O)cn(C)c2cc1Cl,CHEMBL483669,440.0,-9.23948556379302,-8.81412935594263,406.82500000000016,4.153700000000003,2.666833964673195,0.5184939117432479,73.47,5,1,3,True,CHEMBL483669,1.0,CHEMBL4464624,0.6142222222222222,1.0,0.2125
COCCNC(=O)c1n[nH]cc1NC(=O)c1c(OC)cccc1OC,50234945,300.0,-7.56701947391529,-5.71657285854409,348.3590000000001,1.0553999999999997,2.5216940933195,0.6145788263587912,114.57,6,3,8,True,50234945,1.0,CHEMBL1761574,0.5228713768115942,1.0,0.1529411764705882
O=C1NC(=O)C(c2ccccc2)=C1Nc1ccc(Cl)c(C(=O)O)c1,CHEMBL160251,143.0,-8.70537787979194,-9.24600259819112,342.7380000000001,2.5178,2.1944814836685484,0.7419716040342892,95.5,4,3,4,True,CHEMBL160251,1.0,50383511,0.5497299433539717,1.0,0.1566265060240964
COc1cccc(C2=C(c3cn(C)c4ccc(Cl)cc34)C(=O)NC2=O)c1,CHEMBL1081617,6.4,-8.05799152123778,-8.94721048196521,366.80400000000014,3.4075000000000006,2.354176170180203,0.7225283140034026,60.33,4,1,3,True,CHEMBL1081617,1.0,CHEMBL399168,0.6303928836174945,1.0,0.0602409638554216
COc1nc(-c2ccnc(NC(=O)C3CC3)c2)sc1C(=O)NCCCNc1c2c(nc3ccccc13)CCCC2,CHEMBL4278686,66.0,-6.7491700945599,-7.34121826271563,556.692,5.221200000000004,2.9121599366114914,0.2292430640485944,118.13,8,3,10,True,CHEMBL4278686,1.0,51195161,0.5014067695455708,1.0,0.1694915254237288
CS(=O)(=O)Nc1ccc(CCNC(=O)c2ccnc3nc(-c4ccc(Cl)cc4)[nH]c23)cc1,50943638,10.0,-7.82175424844956,-8.33956130390209,469.9540000000001,3.622300000000002,2.3753260703756496,0.3818838747131097,116.84,5,3,7,True,CHEMBL2048669,1.0,CHEMBL3355995,0.5143335815338794,1.0,0.1485148514851485
CC1(C)CC(=O)C2=C(C1)Nc1n[nH]cc1C2(C)c1ccccc1,1121059,225.0,-7.81675105651227,-5.86207508427295,307.397,3.7844000000000015,3.7158101811712982,0.8425878500648177,57.78,3,2,1,True,1121059,1.0,79831,0.5097698072805139,1.0,0.1948051948051948
Clc1cnc(Nc2ccc(N3CCOCC3)cc2)cc1-c1cc[nH]n1,,,-8.105612275,-6.854663199,355.829,3.7053,2.66344396,0.746530983,66.07,5,2,4,False,CHEMBL402932,0.682059372,CHEMBL1771661,1.0,0.168831169,1.0
COc1ccc(-c2ocnc2C(=O)NCc2ccncc2)c(F)c1,50201517,398.0,-7.70508576703625,-7.33342001939054,327.315,2.814300000000001,2.3033083892743,0.7795396611872015,77.25,5,1,5,True,50201517,1.0,CHEMBL1288160,0.5417567567567567,1.0,0.1666666666666666
O=C(Cc1cccc2cnccc12)Nc1scc(Br)c1-c1nnc[nH]1,,,-6.916455936,-8.563502163,414.288,4.0251,3.013947759,0.528425777,83.56,5,2,4,True,CHEMBL3828624,0.641567142,50626252,1.0,0.152941176,1.0
O=C1Cc2c([nH]c3ccc(Cl)cc23)-c2sccc2N1,CHEMBL334031,399.94,-8.54251023351808,-8.21865265015427,288.759,4.044400000000001,2.7290604120559863,0.6440083313690669,44.89,2,2,0,False,CHEMBL334031,1.0,51238049,0.6026109660574412,1.0,0.0416666666666666
COc1ccc(-c2ocnc2C(=O)NCc2cccnc2)cc1,50201502,251.0,-7.92532580488835,-7.22106449392024,309.325,2.675200000000001,2.1150626202757845,0.7837716418246529,77.25,5,1,5,True,50201502,1.0,50659450,0.5566214027656659,1.0,0.1368421052631579
CNC(=O)c1ccccc1Nc1cc(Nc2ccc(N3CCOCC3)cc2OC)ncc1Br,,,-6.498381014,-7.673604565,512.408,4.5361,2.510317483,0.428758598,87.75,7,3,7,True,14669,0.550255363,CHEMBL3220467,1.0,0.171717172,1.0
Nc1n[nH]c2nnc(-c3ccccc3)c(-c3ccccc3)c12,CHEMBL260135,250.0,-8.30752976506525,-8.64779033743825,287.3260000000001,3.2691000000000017,2.2852376767133844,0.592646114514844,80.48,4,2,2,True,CHEMBL260135,1.0,CHEMBL1946329,0.6106824027840823,1.0,0.1194029850746268
N#Cc1ccc2c(c1)C(c1ccc3c(n1)C(O)CCC3)C(=O)N2,557194,100.0,-8.23359722656397,-8.60630427461784,305.33700000000005,2.406979999999999,3.551661510277982,0.8468260935627085,86.00999999999999,4,2,1,True,557194,1.0,51238049,0.5740888110775108,1.0,0.0632911392405063
CCS(=O)(=O)Nc1ccc(CCNC(=O)c2ccnc3nc(-c4ccsc4)[nH]c23)cc1,51304695,3.0,-7.2625806491252,-7.30042693855976,455.5650000000001,3.420500000000001,2.625582873870332,0.376357846667222,116.84,6,3,8,True,CHEMBL2048662,1.0,CHEMBL1644631,0.5437158469945356,1.0,0.1847826086956521
COCCCn1cc(C2=C(c3ccccc3O)C(=O)NC2=O)c2cccnc21,CHEMBL109944,45.0,-9.0467141780147,-7.66996269357823,377.40000000000015,2.3456,2.5765992754318923,0.5080426283599507,93.45,6,2,6,True,CHEMBL109944,1.0,CHEMBL1644623,0.6351970669110907,1.0,0.1411764705882353
c1cc(-c2nocc2C2CC2)cc(Nc2ccc(N3CCOCC3)cc2)n1,,,-8.135705911,-9.251564326,362.433,4.1942,2.599315962,0.734048637,63.42,6,1,5,False,CHEMBL255735,0.647543126,CHEMBL3100083,1.0,0.141176471,1.0
c1cnn2ncc(-c3ccnc(Nc4ccc5c(c4)OCO5)n3)c2c1,13894,10.0,-7.9301589238628,-8.99381633686257,332.3230000000001,2.6586000000000007,2.5949583130997187,0.6169489367504181,86.46000000000001,8,1,3,True,13894,1.0,CHEMBL246543,0.6457731958762887,1.0,0.2261904761904762
O=C(Nc1ncnc2oc(-c3ccc(F)cc3)cc12)C1CCCC1,CHEMBL185922,219.0,-8.36024876606523,-8.05863842534879,325.3430000000002,4.157600000000002,2.3448321446493594,0.7849750897145666,68.02000000000001,4,1,3,True,CHEMBL185922,1.0,CHEMBL1771660,0.6134332660709139,1.0,0.1428571428571428
COc1ccc(-c2ocnc2C(=O)NCc2ccncc2)cc1,50201539,79.0,-8.20163459612453,-6.50137574176584,309.325,2.675200000000001,2.1316759383010435,0.7837716418246529,77.25,5,1,5,True,50201539,1.0,CHEMBL4777530,0.6224774914622788,1.0,0.12
N#Cc1ccc(-c2ccc(CSc3nnc(-c4ccncc4)o3)cc2)cc1,CHEMBL2390958,153.0,-6.86703033323083,-7.60999485533569,370.437,4.962580000000004,2.187465577222637,0.4620974566523632,75.6,6,0,5,True,CHEMBL2390958,1.0,CHEMBL1771668,0.6056844547563804,1.0,0.0813953488372093
Cl.Cn1c(N2CCNC(c3cccc(F)c3)C2)nc(-c2ccncc2)cc1=O,CHEMBL4070244,22.0,-8.00704145656177,-8.30982845966999,401.87300000000016,2.554100000000001,3.0758930888050013,0.7304011649249638,63.05,6,1,3,True,CHEMBL4070244,1.0,CHEMBL571619,0.638034188034188,1.0,0.1392405063291139
Cc1cc(NCCCc2cccnc2)c2n[nH]c(=O)n2c1.Cl,51195509,354.0,-7.74814340243947,-8.2214218309694,319.7960000000001,2.1925200000000005,2.635492836094945,0.7069012577318556,75.08,5,2,5,True,51195509,1.0,CHEMBL1681992,0.6343598561825856,1.0,0.1139240506329113
Cc1ccc(-c2cnc(N)c(NC(=O)c3ccnc(NC(=O)C4CC4)c3)c2)cc1,CHEMBL4472042,127.0,-7.35449015227839,-8.26899336979154,387.44300000000015,3.6350200000000017,2.232814452478074,0.6190936214966697,110.0,5,3,5,True,CHEMBL4472042,1.0,CHEMBL4783382,0.6410379625180203,1.0,0.1758241758241758
COc1ccc(-c2cc3c(NC(=O)C(C)C)ncnc3o2)cc1,CHEMBL183077,130.0,-8.24178425585696,-7.7673162691111,311.34100000000007,3.492900000000001,2.3359227315537154,0.7977115029610568,77.25,5,1,4,True,CHEMBL183077,1.0,CHEMBL1682009,0.5880747714558603,1.0,0.1686746987951807
CCS(=O)(=O)Nc1ccc(CCNC(=O)c2ccnc3nc(-c4ccoc4)[nH]c23)cc1,50943609,1.0,-7.76434203855726,-7.87867648531984,439.4970000000001,2.952000000000001,2.686481058831438,0.3869609205631713,129.98000000000002,6,3,8,True,CHEMBL2048663,1.0,CHEMBL4879188,0.5993188310261481,1.0,0.1346153846153846
COc1ccc(-c2ocnc2C(=O)NCc2ccnc(C)n2)cc1Cl,CHEMBL1957229,39.81,-7.97787500846048,-7.44425407298053,358.7850000000001,3.032020000000001,2.495547010824531,0.7535161203418315,90.14,6,1,5,True,CHEMBL1957229,1.0,50659450,0.5577380952380953,1.0,0.1515151515151515
CC1CC2(CCC2)n2cc(C(=O)O)c(=O)c3c(N)c(F)c(NCCNc4ccccn4)c(c32)O1,CHEMBL1940908,250.0,-6.45176425453722,-5.39680892358726,467.5010000000002,3.390200000000001,4.128097841549184,0.3204817787380485,131.5,8,4,6,True,CHEMBL1940908,1.0,CHEMBL1339933,0.3821714706694907,1.0,0.1588785046728972
N#Cc1csc(NC(=O)Cn2c(=O)ccc3cc(C(F)(F)F)ccc32)c1-c1nccs1,,,-8.344243996,-8.444619353,460.462,4.71568,2.888398664,0.477609645,87.78,7,1,4,True,CHEMBL1809122,0.568266979,CHEMBL1822308,1.0,0.126315789,1.0
CS(=O)(=O)Nc1ccc(CCNC(=O)c2ccc(O)c3[nH]c(C4CCCC4)nc23)cc1,CHEMBL1957946,44.0,-8.44835753499831,-9.88534303049973,442.5410000000003,3.270100000000001,2.488481500805193,0.4470181098777518,124.18000000000002,5,4,7,True,CHEMBL1957946,1.0,CHEMBL1761568,0.6397310109139014,1.0,0.1176470588235294
CCCC(=O)Nc1n[nH]c2cc(Cl)c(Br)cc12,CHEMBL1089722,55.0,-8.96523405272673,-7.75886331495139,316.586,3.717400000000002,2.4477533248847454,0.9064616465370056,57.78,2,2,3,True,CHEMBL1089722,1.0,CHEMBL1725279,0.5192165558019217,1.0,0.0666666666666666
O=C(Cc1c(F)ccc2ncccc12)Nc1scc(Br)c1-c1ncn[nH]1,,,-7.142400039,-8.170943482,432.278,4.1642,2.873352566,0.507390008,83.56,5,2,4,True,CHEMBL3828624,0.700610392,695925,1.0,0.149425287,1.0
O=c1n(C2CCOCC2)nc(-c2ccnc(NC3CCCCC3)c2)n1-c1ccc2ccccc2c1,,,-7.017481028,-6.48174536,469.589,5.3453,2.745004299,0.426779698,73.97,7,1,5,True,13955,0.525467626,CHEMBL1644639,1.0,0.183673469,1.0
Cn1c(N2CCOCC2)nc(-c2ccncc2F)cc1=O,CHEMBL3401114,67.0,-7.45439488946744,-8.53102047408356,290.29800000000006,0.8180000000000001,2.449490543509093,0.8192098946722082,60.25,6,0,2,True,CHEMBL3401114,1.0,CHEMBL220227,0.5652858717908332,1.0,0.1818181818181818
O=C(Cn1c(=O)ccn2nc(C(F)(F)F)cc12)Nc1scc(Br)c1-c1nnc[nH]1,,,-7.016834484,-7.585617449,488.249,2.7626,3.632338426,0.459405208,109.97,8,2,4,True,CHEMBL3828624,0.602307796,50659448,1.0,0.164835165,1.0
COc1ccc2[nH]nc(C(=O)NCC3CCN(Cc4ccc(C(=O)[O-])nc4)CC3)c2c1.[Na+],CHEMBL3735621,320.0,-9.84309543155423,-8.04964615696697,445.4550000000002,-2.023999999999996,2.8290217423959376,0.4024773702491695,123.27,7,2,7,False,CHEMBL3735621,1.0,CHEMBL1923204,0.5404347378180694,1.0,0.1470588235294117
Cn1cc(-c2ccc3cnc(Nc4ccc(-n5cnc(N6CCOCC6)n5)cc4)nc3c2-c2cnn(C)c2)cn1,,,-10.84872442,-7.199218077,533.6,3.5917,3.134612236,0.342761758,116.63,12,1,6,True,CHEMBL304172,0.565128901,CHEMBL1761582,1.0,0.16,1.0
O=C(Nc1cc(-c2ccnc(Nc3ccccc3)c2)ccn1)c1cccnc1,,,-9.498717129,-10.4961887,367.412,4.5345,2.126711901,0.541478819,79.8,5,2,5,True,CHEMBL2048664,0.640951056,CHEMBL380625,1.0,0.197368421,1.0
O=c1oc2cccnc2n1Cc1cn(-c2ccccc2Cl)nn1,339351,190.0,-6.58211509700617,-8.17465343031915,327.731,2.2719000000000005,2.502213481355005,0.5764976321007999,78.74,7,0,3,True,339351,1.0,CHEMBL1682004,0.6781006590772918,1.0,0.1325301204819277
CS(=O)(=O)N(c1ccc(-c2cnc3ccc4ccncc4c3c2)cc1)S(C)(=O)=O,,,-7.563312133,-7.132904323,427.507,3.1756,2.545817058,0.46416603,97.3,6,0,4,True,CHEMBL1809110,0.535517241,CHEMBL250199,1.0,0.12195122,1.0
COc1ccc(C=C2SC(=NCc3ccccc3)NC2=O)cc1[N+](=O)[O-],CHEMBL3949218,2.1,-8.53343982822268,-8.98253600249926,369.4020000000001,3.363500000000002,2.718768366802537,0.4953942476709882,93.83,6,1,5,False,CHEMBL3949218,1.0,CHEMBL199136,0.6363516367476241,1.0,0.0967741935483871
Nc1nc(NCCNc2ncc(-n3ccnc3)c(-c3ccc(Cl)cc3Cl)n2)ccc1[N+](=O)[O-],CHEMBL3185148,0.6,-7.73643197265907,-6.44701822930208,486.32300000000015,4.045500000000001,2.8925503743670227,0.190442337958419,149.71,10,3,8,False,CHEMBL3185148,1.0,CHEMBL398691,0.4726296615856581,1.0,0.116504854368932
O=C1NC(=O)C(n2ccc3ncccc32)=C1c1cn(CCn2ccnc2)c2ccccc12,CHEMBL558512,260.0,-8.62199382034262,-8.71118298849076,422.44800000000015,2.9124000000000008,2.948379254670895,0.4414298958237183,86.74,7,1,5,True,CHEMBL558512,1.0,CHEMBL1644620,0.6882517312598713,1.0,0.125
Nc1ncc(-c2ccccc2F)nc1C(=O)Nc1cnccc1N1CCNCC1,CHEMBL3957649,0.2,-7.9708711183968,-7.03837383171521,393.42600000000016,1.9217999999999995,2.5185182182245214,0.6212729902157482,109.06,7,3,4,True,CHEMBL3957649,1.0,CHEMBL1681998,0.5524293651731883,1.0,0.0978260869565217
O=C(Nc1cnn(-c2csc(C(=O)NC3CNC3)c2)c1)Nc1ccccc1Cl,,,-8.074811525,-8.279673065,416.894,2.9328,2.650935814,0.513419568,100.08,6,4,5,True,1216158,0.635920599,CHEMBL4783382,1.0,0.125,1.0
Cc1c(-c2cnn(C)c2)ccc2cnc(Nc3ccc(-n4cnc(N5CCOCC5)n4)cc3)nc12,,,-10.1549494,-8.132696432,467.537,3.49962,2.884596512,0.419394653,98.81,10,1,5,True,CHEMBL304172,0.61339487,CHEMBL1761579,1.0,0.16,1.0
NC1(Cc2ccc(Cl)cc2)CCN(c2ncnc3[nH]ccc23)CC1,CHEMBL263664,660.0,-8.27673078477352,-6.72243551904844,341.8460000000001,3.1517000000000017,2.6190651116823265,0.7673453722981184,70.83,4,2,3,True,CHEMBL263664,1.0,CHEMBL1771660,0.5678139028703577,1.0,0.1756756756756756
Cc1nc(C)n(-c2ccc(Nc3cc(-c4ccn(-c5cccc(C#N)c5)n4)ccn3)cc2)n1,,,-9.220824394,-7.551175673,432.491,4.74712,2.660336718,0.430528243,97.24,8,1,5,True,13922,0.635364989,CHEMBL1771715,1.0,0.202247191,1.0
Clc1ccc(CSc2nnc(-c3ccc4c(c3)CCO4)o2)cc1,CHEMBL470567,280.0,-7.34309744556618,-7.51522622097334,344.8230000000001,4.617200000000003,2.1861264245575445,0.6463157405499853,48.150000000000006,5,0,4,True,CHEMBL470567,1.0,CHEMBL571619,0.6075348561257787,1.0,0.08
Cc1nc2ccccc2n1Cc1nnc(Nc2ccccc2Br)s1,CHEMBL3828114,190.0,-7.72094802783692,-6.85191764982657,400.305,4.750620000000002,2.286322254539469,0.5372486972733915,55.63,6,1,4,True,CHEMBL3828114,1.0,696015,0.559066474367379,1.0,0.1208791208791208
Br.N=c1nc(-c2ccccc2)n(-c2ccccc2)s1,CHEMBL2024362,600.0,-7.41377637110618,-7.04402180503311,334.242,3.658170000000001,2.5947668922424665,0.7634945318106707,41.67,4,1,2,False,CHEMBL2024362,1.0,50383520,0.5229276895943562,1.0,0.196078431372549
COc1cc(NC(=O)c2cccc(-n3ncc4cc(Nc5ccccc5C)ccc43)c2)cc(OC)c1OC,,,-8.238168726,-9.892095782,508.578,6.35562,2.358297435,0.253814579,86.64,7,2,8,True,CHEMBL521871,0.53453269,CHEMBL2376912,1.0,0.165137615,1.0
CNC(=O)c1sc(-c2ccnc(NC(=O)CNCCNc3c4c(nc5ccccc35)CCCC4)c2)nc1OCC(C)(C)C,51376226,165.0,-9.20617395877342,-7.63604521239711,601.7770000000003,5.056800000000004,3.154778196419043,0.1757125869977464,130.16,9,4,11,True,51376226,1.0,CHEMBL1682000,0.4278713145205912,1.0,0.175438596491228
CC(CC(F)(F)F)N(C)C(=O)OC1CCC(c2cc(NC(=O)Cc3cnn(C)c3)n[nH]2)C1,1038764,3.44,-7.4123813049106,-7.59316154060849,456.46900000000016,3.369800000000001,4.095138513605283,0.6647600914661514,105.14,6,2,7,True,1038764,1.0,CHEMBL3099975,0.5398558187435634,1.0,0.1132075471698113
O=C1NC(=O)C(c2cnc3ncccn23)=C1c1cn2c3c(cccc13)CNCC2,51159594,120.0,-9.97951925035504,-7.7995289784337,384.3990000000002,1.3543999999999992,3.117380758625297,0.5091739575890728,93.32,7,2,2,True,51159594,1.0,CHEMBL1644623,0.6577682861719167,1.0,0.1685393258426966
O=C(Cc1cc(F)cc2ncccc12)Nc1scc(Br)c1-c1ncn[nH]1,,,-7.229203205,-8.326970017,432.278,4.1642,2.851501489,0.507390008,83.56,5,2,4,True,CHEMBL3828624,0.670371454,CHEMBL1822134,1.0,0.151162791,1.0
c1ccc(-c2noc(CN3CCCCC3)c2-c2ccnc(NC3CCCCC3)n2)cc1,,,-6.950572931,-9.278757219,417.557,5.5291,2.528889312,0.568791234,67.08,6,1,6,True,51189863,0.563226021,CHEMBL1080582,1.0,0.155555556,1.0
C=CC(=O)Nc1ccc(C(=O)Nc2cccc(Nc3cc(-c4c(-c5ccc(F)cc5)nc(SC)n4C)ccn3)c2)cc1,,,-7.64395979,-8.02788604,578.673,7.1305,2.722506197,0.127086689,100.94,7,3,9,False,51159605,0.521225636,CHEMBL4072555,1.0,0.116666667,1.0
CC1CN(c2ccccc2C#N)CCN1c1nc(-c2ccncn2)cc(=O)n1C,CHEMBL4101293,4.2,-7.49449753587316,-9.29724620387313,387.447,1.82408,3.161950383543457,0.6769384574368553,90.94,8,0,3,True,CHEMBL4101293,1.0,CHEMBL1644625,0.6329113924050633,1.0,0.1704545454545454
Cc1ccc(NC(=O)c2cc(-n3cc(NC(=O)Nc4ccccc4Cl)cn3)ccc2F)cn1,,,-7.08686367,-8.670130881,464.888,5.26452,2.344183762,0.374482878,100.94,5,3,5,True,CHEMBL2046466,0.612433862,CHEMBL3355158,1.0,0.20212766,1.0
Cc1occc1-c1nc(N)c(OCC(N)Cc2ccccc2)cc1-c1cnc2[nH]nc(C)c2n1,CHEMBL594755,280.0,-7.20994801177619,-8.38036060788583,455.5220000000001,3.822740000000002,3.511714461615531,0.3361308229978871,141.76,8,3,7,True,CHEMBL594755,1.0,CHEMBL401123,0.5296570415928281,1.0,0.1326530612244898
O=C(NCC1CCOCC1)c1n[nH]c2ccc(-c3cnccc3CO)cc12,CHEMBL4641148,33.0,-9.07039263128006,-7.43977538544801,366.4210000000001,2.2736,2.595572505168109,0.6431610975938221,100.13,5,3,5,True,CHEMBL4641148,1.0,CHEMBL4874134,0.6677002583979328,1.0,0.1224489795918367
CCCCCc1nc(=NCc2cccnc2)sn1-c1ccccc1,50932567,800.0,-7.41087228274914,-7.14066427174403,338.4800000000001,4.162400000000003,2.853740062928264,0.6070782151163239,43.07,5,0,7,False,50932567,1.0,CHEMBL1946332,0.571863580998782,1.0,0.1071428571428571
COc1ccncc1NC(=O)c1ccnc2nc(-c3cccc(Cl)c3)[nH]c12,50943630,2.0,-8.01270160145443,-7.79592830006779,379.8070000000001,3.9342000000000015,2.4116762576960102,0.5599748965296045,92.79,5,2,4,True,CHEMBL2048684,1.0,CHEMBL1923200,0.6174164756965383,1.0,0.2235294117647059
CS(=O)c1ccc(-c2coc3ccc(-c4nnc(S)o4)cc23)cc1,50531963,94.0,-8.07532064116143,-7.49210049415969,356.42800000000005,4.175900000000001,3.262908450160213,0.5578808880111571,69.13,6,1,3,True,CHEMBL574601,1.0,50383511,0.5583061889250814,1.0,0.0879120879120879
Cc1cccc2nc3c(nc12)-c1ccccc1C3=NO,,,-8.236075094,-7.683039478,261.284,3.14522,2.424306512,0.390538556,58.37,4,1,0,True,CHEMBL1276127,0.680125369,51238049,1.0,0.131147541,1.0
N#Cc1ccc2ccc(=O)n(CC(=O)Nc3scc(Br)c3-c3nnc[nH]3)c2c1,,,-6.844533559,-7.869395953,455.297,3.12098,3.155730237,0.490652937,116.46,7,2,4,True,CHEMBL4288850,0.477105288,50659456,1.0,0.155172414,1.0
C=C(C)CN1CCN(c2c(Cl)cccc2NC(=O)c2ccc(Br)o2)CC1,,,-7.499401434,-6.81331855,438.753,4.6459,2.392861945,0.69065273,48.72,4,1,5,False,51159564,0.579022307,CHEMBL1784087,1.0,0.127659574,1.0
O=c1n(-c2ccccn2)nc(-c2ccnc(NC3CCOCC3)c2)n1-c1ccc2ccccc2c1,,,-7.112622373,-8.433848371,464.529,4.2243,2.718892317,0.41905774,86.86,8,1,5,True,CHEMBL1650951,0.522634492,CHEMBL1644641,1.0,0.158415842,1.0
O=C1NC(=O)C(c2ccccc2)=C1Nc1ccccc1,50855578,520.0,-9.06574554908548,-7.54583137958448,264.284,2.1662,1.958409694595682,0.8352131733887003,58.2,3,2,3,True,50855578,1.0,CHEMBL1991853,0.6752641948773062,1.0,0.0833333333333333
Cn1c(N2CCOC(c3ccc(C#N)cc3)C2)nc(-c2ccncn2)cc1=O,CHEMBL3091537,13.0,-7.05698322811548,-9.22505642902717,374.4040000000001,1.6868799999999995,3.1329499318213365,0.6879861676779863,96.93,8,0,3,True,CHEMBL3091537,1.0,CHEMBL1644626,0.7204708960104644,1.0,0.1505376344086021
O=C(Cn1c(=O)ccc2cnc(C(F)(F)F)cc21)Nc1scc(Br)c1-c1nnc[nH]1,,,-7.045176889,-7.628375385,499.272,3.6631,3.313783373,0.446149456,105.56,7,2,4,True,346055,0.480964061,50659445,1.0,0.107843137,1.0
Fc1cc(F)cc(Nc2nccc(-c3c(-c4ccccc4)nn4ncccc34)n2)c1,13928,11.0,-7.29075430433007,-11.2334678432836,400.39200000000005,4.875100000000003,2.5413567250458837,0.4659425016619677,68.0,6,1,4,True,13928,1.0,CHEMBL4074524,0.7573972244042944,1.0,0.2151898734177215
Cc1ccc(CNC(=O)c2cccc(-n3cc(NC(=O)Nc4ccccc4Cl)cn3)c2)cn1,,,-7.49247943,-8.367411816,460.925,4.80312,2.271956673,0.384278155,100.94,5,3,6,True,1038726,0.656806026,CHEMBL3355168,1.0,0.136363636,1.0
CNC(=O)c1ccccc1Nc1cc(Nc2ccc(-n3nc(C)nc3C)cc2)ncc1C(F)(F)F,,,-8.983575733,-8.178246421,481.482,5.14474,2.657518615,0.352753552,96.76,7,3,6,True,607846,0.602488402,CHEMBL3220472,1.0,0.123809524,1.0
O=C1NC(=O)C(c2cccc([N+](=O)[O-])c2)=C1Nc1cccc(Cl)c1,CHEMBL345801,70.0,-8.90399452787503,-7.93589236471889,343.726,2.7278,2.3247221266077,0.5046679257457655,101.34,5,2,4,False,CHEMBL345801,1.0,CHEMBL1644629,0.6646957023363138,1.0,0.141025641025641
O=C(NCc1cccc(O)c1)Nc1nc(-c2ccncc2)cs1,51208998,7.8,-8.63186057740996,-7.60902352016222,326.38100000000003,3.232400000000002,2.085202459540998,0.6867305860959965,87.14,5,3,4,True,CHEMBL3218297,1.0,CHEMBL571619,0.6211293260473588,1.0,0.2058823529411764
CCN1CCN(C(=O)c2ccc(CCNC(=O)c3ccc(O)c4[nH]c(-c5cccs5)nc34)cc2)CC1,CHEMBL1957958,46.0,-7.7689046999547,-8.97705734078925,503.6280000000002,3.747200000000002,2.5388226420076805,0.3566450360533812,101.56,6,3,7,True,CHEMBL1957958,1.0,CHEMBL570554,0.5471501609543648,1.0,0.0884955752212389
CCC(=O)Nc1ccc(C(=O)Nc2ccc(Nc3cc(-c4c(-c5ccc(F)cc5)nc(SC)n4C)ccn3)c(C)c2)cc1,,,-5.510265233,-7.972438562,594.716,7.66292,2.681661892,0.151528904,100.94,7,3,9,True,CHEMBL397771,0.365304874,CHEMBL4093282,1.0,0.093457944,1.0
O=C1Nc2ccccc2NC1=CC(=O)c1cccc(Cl)c1Cl,,,-8.890370506,-8.57059323,333.174,4.1242,2.420935516,0.641870081,58.2,3,2,2,True,50506652,0.662254902,CHEMBL4782076,1.0,0.169230769,1.0
COc1cccc2c(C3=C(c4cn(C)c5c(Br)cc(Br)cc45)C(=O)NC3=O)coc12,CHEMBL489043,88.7,-7.35509907834961,-8.39036011597171,530.1720000000001,5.025300000000002,2.9438141426283,0.3778614628628213,73.47,5,1,3,True,CHEMBL489043,1.0,CHEMBL246544,0.5869113573407202,1.0,0.1122448979591836
O=C1NC(=O)C(c2ccccc2[N+](=O)[O-])=C1Nc1cccc(O)c1,CHEMBL155931,251.0,-9.6404744401723,-7.45460878320411,325.28000000000003,1.7799999999999994,2.450651862543406,0.4473552169743278,121.57,6,3,4,False,CHEMBL155931,1.0,CHEMBL399168,0.6456794089302923,1.0,0.0909090909090909
CCCC(=O)Nc1n[nH]c2cc(-c3ccc(O)cc3Cl)ccc12,CHEMBL1088618,55.0,-8.16664836052477,-7.72714100786527,329.7870000000001,4.327500000000002,2.307555157589219,0.6663776616434965,78.01,3,3,4,True,CHEMBL1088618,1.0,CHEMBL571619,0.6361005331302361,1.0,0.1351351351351351
c1cnc(Oc2ccc(Nc3nc4ccccc4[nH]3)c3ccccc23)c(-c2ccnc(NC3CCCNC3)n2)c1,,,-8.01795991,-8.815037648,528.62,6.2679,3.243270607,0.191853105,112.67,8,4,7,True,CHEMBL4788045,0.532532533,CHEMBL3355997,1.0,0.096,1.0
CN(C)CC(OC(=O)N1Cc2c(n[nH]c2NC(=O)C(C)(C)C)C1(C)C)c1ccccc1,50948480,227.0,-7.43210695270472,-5.75629800124349,427.5490000000002,3.8845000000000023,3.654979301994284,0.755606776682846,90.56,5,2,5,True,50948480,1.0,CHEMBL401123,0.5095333403560518,1.0,0.1020408163265306
COc1cc(Nc2cc(Nc3ccccc3C(N)=O)ccn2)ccc1N1CCOCC1,,,-7.779194528,-8.108772411,419.485,3.5129,2.312863704,0.538555866,101.74,7,3,7,False,CHEMBL359794,0.629040468,CHEMBL3220483,1.0,0.146067416,1.0
COc1cccc(C2=C(Nc3cccc(Cl)c3)C(=O)NC2=O)c1,CHEMBL346829,257.0,-8.91850089239266,-8.66536814987752,328.75500000000005,2.8282000000000007,2.183917524453124,0.846909253713458,67.43,4,2,4,True,CHEMBL346829,1.0,CHEMBL1083185,0.6300321444971682,1.0,0.2028985507246377
N#Cc1ccc2c(c1)C(c1ccc3c(n1)CCCC3=O)C(=O)N2,557193,100.0,-8.61547540990515,-7.26257793147007,303.321,2.556279999999999,3.1986722145225635,0.8772897872620206,82.85,4,1,1,True,557193,1.0,50383511,0.5032782585890375,1.0,0.1318681318681318
O=C(Nc1cnn(-c2csc(C(=O)NC3CCOCC3)c2)c1)Nc1ccccc1Cl,,,-7.6028921,-7.805146205,445.932,4.14,2.608799232,0.549387596,97.28,6,3,5,True,1216168,0.606181348,CHEMBL4762965,1.0,0.202020202,1.0
CCCCNc1nccc(-c2cc(C(=O)NCCCc3cccnc3)c(=O)[nH]n2)n1,CHEMBL549804,36.0,-8.55565417259162,-7.90956881662902,407.47800000000007,2.1965,2.52410055793713,0.439899871310768,125.54999999999998,7,3,10,True,CHEMBL549804,1.0,CHEMBL1923200,0.6146115627822946,1.0,0.1489361702127659
CC(=CCCc1coc(Cc2ccoc2)c1)CCCC(C)C=C1OC(=O)C(C)C1=O,51043975,794.0,-6.63861138199113,-6.66263189526101,410.51000000000016,5.794600000000005,4.292753779092111,0.2143973966158609,69.65,5,0,10,True,51043975,1.0,CHEMBL4876387,0.5269683818970862,1.0,0.0892857142857142
Nc1ncc(-c2ccccc2C(F)(F)F)nc1C(=O)Nc1cnccc1N1CCCC(N)C1,CHEMBL3949162,97.0,-7.99524709228882,-5.97016979080765,457.4600000000002,3.319400000000001,3.132214091503581,0.549177549606728,123.05,7,3,4,True,CHEMBL3949162,1.0,CHEMBL3356003,0.4521361090209849,1.0,0.1842105263157894
Cc1nn(-c2ccccc2)c2c1c1c(c3cccn32)C(=O)NC1=O,CHEMBL3110140,690.0,-10.2829753859997,-9.04061134682005,316.32000000000005,2.4702200000000003,2.6842000280702862,0.5485383904948462,68.4,5,1,1,True,CHEMBL3110140,1.0,CHEMBL1783596,0.5425016371971185,1.0,0.1234567901234567
O=C1NC(=O)C(c2cn3c4c(cc(F)cc24)CN(C(=O)N2CCOCC2)CC3)=C1c1coc2ccccc12,CHEMBL2386094,0.013,-9.58705806693905,-7.75958363855237,514.5130000000004,3.361600000000002,3.115079043809901,0.4140718901165077,97.02,6,1,2,True,CHEMBL2386094,1.0,784823,0.4064676616915422,1.0,0.1391304347826087
NC(=O)c1ccccc1Nc1ccnc(Nc2ccc3ccccc3c2)c1,,,-7.837405253,-8.438050853,354.413,4.8209,2.050046312,0.479864335,80.04,4,3,5,True,CHEMBL1809114,0.561792097,CHEMBL3220490,1.0,0.061728395,1.0
O=C(Nc1cc(-c2[nH]cnc2-c2ccc(F)cc2)ccn1)C1CC1,CHEMBL4457096,64.0,-7.38652381501733,-9.75232505478703,322.3430000000001,3.6263000000000014,2.3443672521505547,0.7703874335882716,70.67,3,2,4,True,CHEMBL4457096,1.0,CHEMBL1644630,0.7843311160384331,1.0,0.4242424242424242
c1ccc(Nc2nnc(-c3ccccc3)o2)cc1,CHEMBL1630460,980.0,-7.80805387758246,-7.74819186668679,237.26200000000003,3.4802000000000017,1.7339795285560182,0.7572440780223105,50.95,4,1,3,True,CHEMBL1630460,1.0,51238049,0.6265951544294432,1.0,0.1320754716981132
COc1ccc(C2=C(Nc3cccc(Cl)c3)C(=O)NC2=O)cc1,CHEMBL158208,156.0,-9.09243661231225,-7.27431905389857,328.75500000000005,2.8282000000000007,2.1244088853998697,0.846909253713458,67.43,4,2,4,True,CHEMBL158208,1.0,50383511,0.544826670208527,1.0,0.1162790697674418
Fc1ccc(Nc2cc(-c3ccnc(Nc4ccc(F)cc4)c3)ccn2)cc1,,,-9.500548583,-11.15709994,374.394,5.909,2.0449009,0.455959597,49.84,4,2,5,True,50230999,0.629464286,CHEMBL205672,1.0,0.245614035,1.0
CN1C(=O)CC(c2ccccc2)N=C1SCc1cn(-c2ccccc2)nn1,CHEMBL4647588,916.0,-7.59695599103333,-8.64450887865568,377.47300000000007,3.459900000000002,3.141075381345501,0.698476105446897,63.38,6,0,4,True,CHEMBL4647588,1.0,CHEMBL199247,0.5825028968713789,1.0,0.1463414634146341
O=C1Nc2ccccc2C1=C1Nc2cc(Br)ccc2C1=O,CHEMBL1830063,4.0,-7.89717095083302,-8.51202580628761,341.16400000000004,3.420700000000002,2.4560236204321697,0.7221796319953138,58.2,3,2,0,True,CHEMBL1830063,1.0,CHEMBL4788894,0.6791434833923453,1.0,0.1884057971014492
Cc1nc(CSc2nc3n[nH]cc3c(=O)n2-c2ccccc2)cs1,,,-8.184369489,-6.942207095,355.448,3.16602,2.702561375,0.449393381,76.46,7,1,4,True,CHEMBL251196,0.613895373,79831,1.0,0.134831461,1.0
COc1cccc(-n2ncc3c(NN=Cc4cccc(F)c4)ncnc32)c1,CHEMBL69757,7.943,-7.99231563001183,-9.15404827816154,362.3680000000001,3.409200000000001,2.358359846940262,0.434834436381464,77.22,7,1,5,False,CHEMBL69757,1.0,188581,0.661399843301123,1.0,0.0909090909090909
COc1cccc(-n2ncc3c(N=NCc4ccc(CN(C)C)cc4)ncnc32)c1,14675,5.01,-7.5279640076851,-7.75257740988513,401.47400000000016,4.169600000000003,2.7991154120485344,0.4342715144393214,80.79,8,0,7,False,14675,1.0,CHEMBL4875476,0.624274099883856,1.0,0.1914893617021276
O=C(NC1COC1)c1cc(-n2ncc3cc(Nc4ccccc4Cl)cnc32)cs1,,,-7.357588634,-8.866750093,425.901,4.0076,2.787959427,0.504646757,81.07,7,2,5,True,CHEMBL524059,0.586531226,CHEMBL4872493,1.0,0.177777778,1.0
Fc1ccc(Nc2nccc(-c3c(-c4ccccc4)nn4ncccc34)n2)cc1F,13927,10.0,-8.23454808048131,-11.1212461060895,400.3920000000001,4.875100000000003,2.4758691376332944,0.4659425016619677,68.0,6,1,4,True,13927,1.0,CHEMBL4074524,0.7809928324926998,1.0,0.2098765432098765
COc1ccc(Nc2nnc(-c3ccc(C#N)cc3)o2)cc1,CHEMBL1630487,18.0,-7.84601480039098,-8.20016526137678,292.298,3.3604800000000017,2.0285050879559883,0.7933672718114582,83.97,6,1,4,True,CHEMBL1630487,1.0,CHEMBL1771656,0.6165092902832775,1.0,0.1911764705882352
Cc1ncn(-c2ccc(Nc3cc(-c4nocc4-c4cn[nH]c4)ccn3)cc2)n1,,,-8.077337428,-9.728212766,384.403,3.75942,2.968088535,0.474534453,110.34,8,2,5,True,13922,0.596903097,CHEMBL3099963,1.0,0.215909091,1.0
O=c1[nH]cc(-c2ccc(N3CCOCC3)cc2)c2sc(-c3ccncc3)cc12,CHEMBL1809107,63.1,-8.67165169733399,-9.72922830314352,389.48,4.155200000000003,2.5062416503160456,0.5717333176644879,58.22,5,1,3,True,CHEMBL1809107,1.0,CHEMBL401123,0.690178232840349,1.0,0.1411764705882353
Cc1[nH]nc2c1C(c1ccc(F)cc1Cl)C1=C(CC(C)(C)CC1=O)N2,580628,550.0,-9.15983704308288,-7.83113502609413,359.83200000000016,4.711220000000004,3.385080728500683,0.7747177279520445,57.78,3,2,1,True,580628,1.0,79831,0.5463823106110166,1.0,0.1222222222222222
CC(=O)OCN1C(=O)Cc2c([nH]c3ccc(Br)cc23)-c2ccccc21,CHEMBL120030,500.03,-8.13588349400306,-7.16287482868546,399.2440000000001,4.007100000000003,2.5423353098494488,0.6628830236708905,62.4,3,1,2,True,CHEMBL120030,1.0,CHEMBL400863,0.5777241554483109,1.0,0.1264367816091954
O=C(NCCCN1CCN(c2ccccc2)CC1)c1nc(-c2cccnc2)no1,CHEMBL403309,860.0,-6.44376658805935,-6.33303159853656,392.46300000000014,2.0737,2.2064840628450177,0.6160334687606622,87.39,7,1,7,True,CHEMBL403309,1.0,CHEMBL4755895,0.6511735998140832,1.0,0.2079207920792079
N#Cc1csc(NC(=O)Cn2c(=O)ccc3cc(C(F)(F)F)ccc32)c1-c1cscn1,,,-7.400504402,-8.319621942,460.462,4.71568,2.967854897,0.477609645,87.78,7,1,4,True,346055,0.51969941,CHEMBL1822309,1.0,0.118811881,1.0
Cn1cc(C2=C(c3nn(CCCCN4CCOCC4)c4ncccc34)C(=O)NC2=O)c2ccccc21,CHEMBL3099833,460.0,-7.96487180287818,-7.41804297714641,484.5600000000002,2.6026000000000007,2.805583922650115,0.3201838181868651,94.28,8,1,7,True,CHEMBL3099833,1.0,CHEMBL1822309,0.4747114572581402,1.0,0.1071428571428571
CC1(C)CC(=O)C2=C(C1)Nc1n[nH]c(C(F)(F)F)c1C2c1cc(F)ccc1OC(F)(F)F,580698,550.0,-4.86282535855138,-4.41097199715785,463.3530000000001,5.666800000000003,3.662491468055904,0.5639036857129668,67.01,4,2,2,False,580698,1.0,CHEMBL3394094,0.399663898774219,1.0,0.1578947368421052
COc1cccc2c(C3=C(c4cn(C)c5cc(I)c(F)cc45)C(=O)NC3=O)coc12,CHEMBL523435,247.0,-7.60515356904728,-7.90308324359564,516.2660000000002,4.244000000000002,2.950606999771157,0.3268140097189898,73.47,5,1,3,False,CHEMBL523435,1.0,CHEMBL1644636,0.6344111124080776,1.0,0.1224489795918367
NC(=O)c1ccc(-c2c[nH]c3ncc(C=CC(=O)NCc4ccncc4)cc23)cc1,51320398,4.4,-9.94185969633031,-9.8067845897085,397.4380000000001,3.0534000000000017,2.468370584462328,0.4339218921672462,113.76,4,3,6,False,51320398,1.0,CHEMBL1923200,0.6180939226519337,1.0,0.1704545454545454
O=C(O)c1cccc(-c2[nH]nc3cc(Nc4ccccc4Cl)ccc23)c1,,,-6.955311274,-10.63976784,363.804,5.3251,2.186804874,0.457909044,78.01,3,3,4,True,CHEMBL524059,0.628922992,CHEMBL197613,1.0,0.246753247,1.0
N=C1NC(=O)C(=Cc2ccc(-c3cccc([N+](=O)[O-])c3)o2)S1,51243432,110.0,-7.37729014873641,-7.96532974896728,315.31,2.993470000000001,2.7937141760453184,0.5138311256850633,109.23,6,2,3,False,51243432,1.0,CHEMBL4470981,0.6419863217365447,1.0,0.1463414634146341
CS(=O)(=O)Nc1ccc(CCNC(=O)c2ccnc3nc(-c4ccc(F)cc4)[nH]c23)cc1,50943614,44.0,-7.30170434912369,-7.9482248852612,453.49900000000014,3.1080000000000005,2.379254726335075,0.3975600696141324,116.84,5,3,7,True,CHEMBL2048667,1.0,CHEMBL1360489,0.5746929736259312,1.0,0.1030927835051546
Nc1nc(Nc2cccnc2)sc1C(=O)c1ccccc1F,CHEMBL1761791,45.0,-8.94492275973463,-7.83967367576047,314.345,3.234000000000001,2.2745035769669766,0.7226049199118049,80.9,6,2,4,True,CHEMBL1761791,1.0,CHEMBL571619,0.639734890326653,1.0,0.28125
CS(=O)(=O)c1ccc(-c2nnc(Nc3ccccc3)o2)cc1,CHEMBL1630464,439.0,-6.98844028370267,-7.5966168787916,315.35400000000004,2.883700000000001,1.9719145659779649,0.7965548861232223,85.09,6,1,4,True,CHEMBL1630464,1.0,CHEMBL4754904,0.6555679464712443,1.0,0.123076923076923
COc1ccc(CSc2nnc(-c3ccc4c(c3)CCO4)o2)cc1,CHEMBL470565,220.0,-7.59038076736447,-7.44510901365316,340.4040000000001,3.972400000000003,2.166752413957516,0.6550850591972351,57.38000000000001,6,0,5,True,CHEMBL470565,1.0,CHEMBL254443,0.61,1.0,0.1298701298701298
O=C1NC(=O)c2c1c1cnn(-c3ccccc3Cl)c1n1cccc21,CHEMBL3110135,810.0,-9.26742989819621,-8.52401352488552,336.73800000000006,2.815200000000001,2.8132381551605867,0.5433997848412514,68.4,5,1,1,True,CHEMBL3110135,1.0,CHEMBL220227,0.644786432160804,1.0,0.0845070422535211
COc1ccc(-c2ocnc2C(=O)NCc2ccncc2)cc1Cl,CHEMBL1957091,12.59,-8.41299442512131,-7.70262023488652,343.77,3.3286000000000016,2.2736555464649357,0.7684948333195062,77.25,5,1,5,True,CHEMBL1957091,1.0,CHEMBL1288215,0.5922384701912261,1.0,0.2
Cc1nnc(-c2ccc3occ(-c4ccc([S+](C)[O-])cc4)c3c2)s1,CHEMBL572793,72.0,-8.28361424674564,-7.38976734878983,354.456,4.664120000000002,3.452376008688642,0.5018677086607641,61.98,5,0,3,False,CHEMBL572793,1.0,50383511,0.5359052711993888,1.0,0.1136363636363636
Cc1csc(-c2cnc(N)c(N=Cc3ccnc(NC(=O)C4CC4)c3)c2)c1,CHEMBL4474810,315.0,-9.04801661098811,-8.1583928013832,377.4730000000001,4.194820000000002,2.934936751048811,0.6519025516846407,93.26,6,2,5,True,CHEMBL4474810,1.0,CHEMBL1761554,0.6310360462480163,1.0,0.1262135922330097
Cc1ncc(NC(=O)c2cccc(-n3cc(NC(=O)Nc4ccccc4Cl)cn3)c2)cn1,,,-7.409886006,-8.564801762,447.886,4.52042,2.359493013,0.415869629,113.83,6,3,5,True,14649,0.589475973,CHEMBL3355167,1.0,0.258426966,1.0
Cc1ncn(-c2ccc(Nc3cc(-c4nocc4-c4cn[nH]c4C)ccn3)cc2)n1,,,-8.213769258,-9.349204059,398.43,4.06784,2.987080152,0.459042433,110.34,8,2,5,True,13912,0.58012742,CHEMBL3100085,1.0,0.220930233,1.0
CCCC(=O)Nc1n[nH]c2cc(Cl)c(-c3ccc(C)cc3)cc12,CHEMBL1097694,14.0,-9.86895261204052,-8.33478640311647,327.81500000000005,4.930320000000003,2.1983196546306374,0.7133994964517607,57.78,2,2,4,True,CHEMBL1097694,1.0,CHEMBL400863,0.5765565853021799,1.0,0.1234567901234567
COc1ccc(-c2oc3ncnc(N)c3c2-c2cccnc2)cc1,CHEMBL361567,80.0,-7.22204651538343,-6.25301144506815,318.336,3.542600000000001,2.3364374193746347,0.6214158278379251,87.06,6,1,3,True,CHEMBL361567,1.0,CHEMBL245533,0.5407129455909944,1.0,0.1208791208791208
CS(=O)(=O)Nc1ccc(CCNC(=O)c2ccc(O)c3[nH]c(C4CC4)nc23)cc1,CHEMBL1957945,140.0,-8.03940655527535,-9.31477491379277,414.4870000000002,2.4899000000000004,2.4446785967348994,0.4728053125828924,124.18000000000002,5,4,7,True,CHEMBL1957945,1.0,CHEMBL1761568,0.5038727234666108,1.0,0.12
CC1COc2c(NCCCc3ccccc3)c(F)c(N)c3c(=O)c(C(N)=O)cn1c23,CHEMBL1940978,67.0,-8.60375585274792,-8.76749234865681,410.4490000000002,2.8198,3.2148677629982085,0.4272946732073318,112.37,6,3,6,True,CHEMBL1940978,1.0,CHEMBL1681998,0.6161114476075106,1.0,0.1195652173913043
NC(=O)c1sc(-c2ccnc(NC(=O)CNCCNc3c4c(nc5ccccc35)CCCC4)c2)nc1OCC1CC1,CHEMBL4753347,42.6,-8.62665825477161,-7.76272497036447,571.7070000000001,4.160000000000004,3.0411734721935257,0.1856492371718027,144.15,9,4,12,True,CHEMBL4753347,1.0,CHEMBL2376910,0.5592926204445914,1.0,0.1475409836065573
COC1=CC(=Nc2nccc(-c3cnn4ncccc34)n2)CC(OC)C1,13900,12.0,-8.94876160132112,-8.98833879426657,350.3820000000002,2.5979,3.968017580625935,0.7187030835707752,86.79,8,0,4,True,13900,1.0,CHEMBL246543,0.6427725897671972,1.0,0.2386363636363636
COC1CCC(NC(=O)c2n[nH]cc2NC(=O)c2cc(F)cc(F)c2)CC1,50234920,5.0,-8.81695395984277,-6.71852994626602,378.3790000000001,2.627600000000001,2.7337960023238512,0.7452411884239288,96.11,4,3,5,True,50234920,1.0,CHEMBL1288160,0.4748244977003146,1.0,0.1162790697674418
Cc1cccc2c(C3=C(c4coc5ncccc45)C(=O)NC3=O)cn(C)c12,310194,290.0,-7.97201414885857,-8.76867197472439,357.3690000000001,3.195120000000001,2.881073414385474,0.5590544693653628,77.13,5,1,2,True,310194,1.0,CHEMBL1644629,0.6700430137366449,1.0,0.1625
Cn1cc(C2=C(c3coc4cc(CO)ccc34)C(=O)NC2=O)c2cc(F)c(Cl)cc21,CHEMBL522590,0.95,-9.38703683408635,-9.27816455447334,424.8150000000001,3.776500000000002,2.854107549221707,0.490146382314138,84.47,5,2,3,True,CHEMBL522590,1.0,CHEMBL1644629,0.5849851337958374,1.0,0.1235955056179775
CCN(CC)Cc1cccc(Nc2nccc(-c3cnn4ncccc34)n2)c1,CHEMBL513354,79.0,-7.91152742052584,-9.66129832556368,373.46400000000006,3.771700000000002,2.601840940535084,0.5316391768607998,71.24,7,1,7,True,CHEMBL513354,1.0,CHEMBL3100083,0.563430613460393,1.0,0.1494252873563218
COc1ccccc1Nc1ccc2c(-c3ccccc3)n[nH]c2c1,,,-7.667268892,-8.524173159,315.376,4.9821,1.923510594,0.558055265,49.94,3,2,4,True,CHEMBL1969664,0.569344061,CHEMBL254443,1.0,0.12345679,1.0
Nc1c(F)c(NCCCCc2ccccc2)c(F)c2c1c(=O)c(C(=O)O)cn2C1CC1,CHEMBL1834115,290.0,-8.17861131937176,-8.1263778555019,427.45100000000025,4.329800000000003,2.6150008413483725,0.3672572862321475,97.35,5,3,8,True,CHEMBL1834115,1.0,CHEMBL1681998,0.6223751334677898,1.0,0.1379310344827586
CN(C)CCn1cnc(-c2c(Cl)csc2NC(=O)Cn2c(=O)ccc3cc(C(F)(F)F)ccc32)n1,,,-7.578537297,-8.303528354,524.956,4.194,3.04358829,0.391659648,85.05,8,1,7,True,CHEMBL523435,0.483760031,696042,1.0,0.1,1.0
N#Cc1ccc(-c2nnc(Nc3ccccc3)o2)cc1,CHEMBL1630466,247.0,-8.18097730852886,-8.19017788808963,262.27200000000005,3.3518800000000013,1.9897833312454145,0.7829452674191583,74.74000000000001,5,1,3,True,CHEMBL1630466,1.0,51238049,0.6249341527655838,1.0,0.1166666666666666
CC1CN(c2ccc(C#N)cc2)CCN1c1nc(-c2ccncn2)cc(=O)n1C,CHEMBL4093559,2.7,-8.06276609248042,-9.31072903080877,387.44700000000006,1.82408,3.121651403005922,0.6769384574368552,90.94,8,0,3,True,CHEMBL4093559,1.0,CHEMBL1644625,0.6204811993712973,1.0,0.1724137931034483
COc1cc(CN=Nc2ncnc3c2cnn3-c2ccccc2)ccc1O,14630,100.0,-7.06180998011304,-8.15309097514376,360.37700000000007,3.8136000000000014,2.7612093113998526,0.5457480548066806,97.78000000000002,8,1,5,False,14630,1.0,CHEMBL1946336,0.6007371007371007,1.0,0.1785714285714285
c1ccc2cc(-c3nn[nH]c3-c3ccncc3)ccc2c1,,,-7.598744428,-9.130986124,272.311,3.6869,2.420601862,0.605205452,54.46,3,1,2,True,50855578,0.705312276,CHEMBL1784665,1.0,0.145833333,1.0
N#Cc1cccc(CSc2nnc(-c3ccc4c(c3)OCCO4)o2)c1,CHEMBL2064518,86.0,-7.44746303493357,-7.99128552349284,351.3870000000001,3.671780000000002,2.3420522756776823,0.6633054775877197,81.17,7,0,4,True,CHEMBL2064518,1.0,CHEMBL3220490,0.6515233216500405,1.0,0.0886075949367088
Cc1[nH]nc2c1C(c1ccccc1Cl)C1=C(CC(C)(C)CC1=O)N2,580564,100.0,-9.24627003345666,-7.44703420649759,341.8420000000001,4.572120000000003,3.292835071235438,0.7982518970220529,57.78,3,2,1,True,580564,1.0,79831,0.5274522712310731,1.0,0.1547619047619047
Fc1cccc(CSc2nnc(-c3ccc4c(c3)CCO4)o2)c1,CHEMBL470360,54.0,-7.19257987799322,-7.81604059182077,328.3680000000001,4.102900000000003,2.2444838906208933,0.6748090223121095,48.150000000000006,5,0,4,True,CHEMBL470360,1.0,CHEMBL571619,0.7017068112936673,1.0,0.0921052631578947
COc1cc(F)ccc1C1CN(c2nc(-c3ccncn3)cc(=O)n2C)CCN1Cc1ccccc1.Cl,CHEMBL4077867,220.0,-6.73776552373951,-6.77278085142851,523.0120000000003,3.8703000000000025,3.205638037517078,0.380269405050489,76.38000000000001,8,0,6,True,CHEMBL4077867,1.0,695946,0.5168438835337374,1.0,0.146788990825688
CNC(=O)c1ccccc1Nc1cc(Nc2ccc(N3CCOCC3)c(C)c2)ncc1C(F)(F)F,,,-7.899579805,-7.188817632,485.51,5.09222,2.575954622,0.451458056,78.52,6,3,6,False,CHEMBL4076186,0.547894302,CHEMBL3220477,1.0,0.12962963,1.0
O=Cc1ccc2c(c1)[nH]c1c(NC(=O)C3CC3)nccc12,CHEMBL4873680,400.0,-8.19834896046362,-7.66591460999588,279.299,2.8771000000000013,2.448075928124478,0.7237936567173521,74.85,3,2,3,False,CHEMBL4873680,1.0,51238049,0.4968484084462653,1.0,0.0845070422535211
CCOC(=O)c1nc(CN2CCC(CNC(=O)c3n[nH]c4ccc(OC)cc34)CC2)cs1,CHEMBL3734973,950.0,-8.52807986934513,-6.3862271230326,457.55600000000015,2.846700000000001,2.5954119096200152,0.5006874667830499,109.44,8,2,8,True,CHEMBL3734973,1.0,CHEMBL4874575,0.5273202089192447,1.0,0.1478260869565217
O=C(Nc1cnn(-c2cccc(C(=O)NCCCN3CCOCC3)c2)c1)Nc1ccccc1Cl,,,-6.989156707,-8.128658269,482.972,3.6218,2.319722351,0.42564449,100.52,6,3,8,True,CHEMBL4228654,0.547161893,200733,1.0,0.151515152,1.0
COc1cccc(C2=C(c3cn(C)c4cc(F)ccc34)C(=O)NC2=O)c1,CHEMBL1081616,31.0,-9.76707022251832,-8.88450986484528,350.3490000000001,2.8932,2.3857340205490143,0.7391312640380946,60.33,4,1,3,True,CHEMBL1081616,1.0,CHEMBL399168,0.6164997758182633,1.0,0.0602409638554216
NC(=O)c1ccccc1Nc1ccnc(Oc2ccccc2)c1,,,-8.133142709,-8.232336398,305.337,3.7164,1.938412563,0.75289129,77.24,4,2,5,True,13884,0.773607337,CHEMBL1923184,1.0,0.215384615,1.0
CN1CCOCCOCCN(C)CCn2cc(c3ccccc32)C2=C(C(=O)NC2=O)c2cn(c3ccccc23)CC1,CHEMBL105620,8.0,-6.58215744132101,-2.48405242969602,555.6790000000001,3.0736000000000017,5.107094433802781,0.3362027293217666,80.97,8,1,0,False,CHEMBL105620,1.0,CHEMBL1784089,0.3478225806451612,1.0,0.1034482758620689
N#Cc1sc(NC2CCCN(c3nc(-c4ccc(Cl)cc4Cl)cn4nc(C(=O)O)cc34)C2)nc1N,CHEMBL3647955,3.0,-7.5456725496768,-7.56132745893734,529.4130000000001,4.392580000000002,3.62024370713526,0.3425969056723336,145.46,10,3,5,True,CHEMBL3647955,1.0,CHEMBL3355994,0.5528986146651372,1.0,0.0975609756097561
COc1ccc(C(=O)CCC(=O)NNC(=O)Cn2c(C)nc3ccccc32)cc1,CHEMBL3827724,561.0,-6.9667721500077,-8.06248298612938,394.4310000000001,2.1638199999999994,2.1090686738664406,0.4722777414071601,102.32,6,2,7,False,CHEMBL3827724,1.0,CHEMBL1445111,0.6068124931983894,1.0,0.1411764705882353
CCCC(=O)Nc1n[nH]c2cc(C(F)(F)F)ccc12,CHEMBL1086640,195.0,-9.34805733937786,-7.77210826556224,271.242,3.3203000000000014,2.25956284884996,0.8992351966877843,57.78,2,2,3,True,CHEMBL1086640,1.0,51238049,0.5664116828929069,1.0,0.0895522388059701
Cc1nc(C(N)=O)[nH]c1-c1ccnc(NC(=O)C2CC2)c1,CHEMBL4445449,13.0,-8.14992251870496,-9.32637316923864,285.3070000000001,1.2275199999999995,2.7398903047823016,0.7833259932157215,113.76,4,3,4,True,CHEMBL4445449,1.0,CHEMBL3911431,0.6608478802992519,1.0,0.1153846153846153
COc1cc2c(cc1OC)CN(CC(=O)Nc1ccc3c(c1)C(=Cc1cnc[nH]1)C(=O)N3)CC2,CHEMBL3091673,272.0,-8.8513399006984,-7.1697157508726,459.5060000000002,2.9164000000000003,2.7145427878704247,0.4893928940904428,108.58,6,3,6,True,CHEMBL3091673,1.0,CHEMBL3577877,0.5564789165897199,1.0,0.1262135922330097
CCOC(=O)c1ncc(-c2ccnc(NC(=O)C3CC3)c2)[nH]1,CHEMBL4446123,739.0,-7.92062068206942,-8.39778685608504,300.3180000000001,1.9969,2.460314424184276,0.8230807860873621,96.97,5,2,5,True,CHEMBL4446123,1.0,CHEMBL248833,0.6425098754178061,1.0,0.2191780821917808
Cc1nc2ccccc2n1Cc1nnc(NC2CCCCC2)s1,CHEMBL3828352,406.0,-6.68312716260797,-7.3344373962217,327.45700000000005,3.9891200000000016,2.3183449765937443,0.7870314561068958,55.63,6,1,4,True,CHEMBL3828352,1.0,50319404,0.660186971360736,1.0,0.1066666666666666
O=C1NC(=O)C(c2cccc3ccoc23)=C1c1cn2c3c(cccc13)CNCC2,51159552,3.4,-8.32426778206711,-7.32737892855975,383.40700000000015,3.0579,2.967777138715796,0.5218522443403503,76.27000000000001,5,2,2,True,51159552,1.0,CHEMBL3909574,0.6457174638487209,1.0,0.0888888888888888
N#Cc1cccc(CSc2nnc(-c3ccc4c(c3)OCO4)o2)c1,CHEMBL2064516,65.0,-7.7752964575642,-7.9519664899828,337.36000000000007,3.6292800000000014,2.3158930423432142,0.6723547378874328,81.17,7,0,4,True,CHEMBL2064516,1.0,CHEMBL4857979,0.6402159244264507,1.0,0.0842105263157894
NCC1(Cc2ccc(Cl)cc2)CCN(c2ncnc3[nH]ccc23)CC1,CHEMBL260000,450.0,-8.06160774799216,-6.73432147184043,355.8730000000001,3.399300000000002,2.6088813731629443,0.7520577199582957,70.83,4,2,4,True,CHEMBL260000,1.0,CHEMBL1288068,0.5637775960752249,1.0,0.1204819277108433
COc1cccc(-n2ncc3c(N=NCc4cccc(F)c4)ncnc32)c1,14663,7.94,-6.95303567631222,-8.76953258328679,362.36800000000005,4.247100000000003,2.762541346453407,0.4974089328161925,77.55,7,0,5,False,14663,1.0,CHEMBL4851793,0.6162985922768953,1.0,0.1931818181818181
CCS(=O)(=O)Nc1ccc(CCNC(=O)c2ccnc3[nH]c(-c4cccs4)nc23)cc1,CHEMBL2048661,12.0,-7.0570609982933,-7.34718417100099,455.5650000000001,3.420500000000001,2.563997048459788,0.376357846667222,116.84000000000002,6,3,8,True,CHEMBL2048661,1.0,CHEMBL3099962,0.5860036437680849,1.0,0.125
COc1cccc(-n2ncc3c(N=NCc4cccc(N)c4)ncnc32)c1,14666,10.0,-7.50932606625437,-8.88591874806554,359.3930000000001,3.690200000000001,2.8349216775147514,0.4321853788314369,103.57,8,1,5,False,14666,1.0,CHEMBL254443,0.6086015688395996,1.0,0.1481481481481481
CCOc1nc(NC(=O)Cc2cc(OC)ccc2OC)cc(N)c1C#N,,,-6.504639758,-7.216942383,356.382,2.13258,2.403662182,0.779550882,119.49,7,2,7,True,CHEMBL3828150,0.532949856,51238616,1.0,0.166666667,1.0
CNC(=O)c1cc(-n2ncc3cc(Nc4c(F)cccc4Cl)c(F)cc32)cs1,,,-7.343278926,-9.447971062,418.856,5.1218,2.798884662,0.483190251,58.95,5,2,4,True,14660,0.603139832,CHEMBL4874573,1.0,0.166666667,1.0
Cc1c(Cl)cccc1N=C1NC(=O)C(=C2C(=O)Nc3ccc(Br)cc32)S1,,,-8.17490606,-10.4686522,448.729,4.62482,3.11110557,0.625207989,70.56,4,2,1,True,CHEMBL406620,0.625841924,CHEMBL4531954,1.0,0.149425287,1.0
CC(=O)Nc1ccc(-c2cnc3ccc4ccncc4c3c2)cc1,,,-7.780537673,-8.648362889,313.36,4.4084,2.053115441,0.557731024,54.88,3,1,2,True,CHEMBL1938959,0.61927356,CHEMBL248833,1.0,0.125,1.0
CSc1nc(-c2ccc(F)cc2)c(-c2ccnc(NC(=O)C3CCCC3)c2)[nH]1,CHEMBL4574237,136.0,-5.30086342609142,-10.0857072266195,396.4910000000002,5.128400000000003,2.41921780107292,0.5867881311466423,70.67,4,2,5,True,CHEMBL4574237,1.0,CHEMBL4074524,0.763887065003283,1.0,0.53125
CC(=O)Nc1cc(-c2nnc(SCc3cccc(C#N)c3)o2)ccn1,CHEMBL2391101,19.0,-8.86728350784898,-9.16373929421669,351.3910000000001,3.253980000000001,2.4065070054074127,0.7033826100052805,104.7,7,1,5,True,CHEMBL2391101,1.0,CHEMBL203792,0.6387659463681332,1.0,0.2253521126760563
Oc1ccc(-c2cnc3ccc4ccncc4c3c2)cc1,,,-8.377946725,-8.389580015,272.307,4.1556,2.071769179,0.529231499,46.01,3,1,1,True,CHEMBL1630460,0.704344555,CHEMBL248643,1.0,0.090909091,1.0
COc1ccc2c(-c3ccnc(Nc4ccc([N+](=O)[O-])cc4)n3)cnn2n1,13913,79.0,-8.45648933094881,-8.63339011324039,363.3370000000001,2.846700000000001,2.615280399707842,0.4243432543935477,120.37,9,1,5,False,13913,1.0,CHEMBL3947385,0.6395440251572326,1.0,0.1647058823529411
Cc1nc(-c2ccccc2O)c(-c2ccnc(NC(=O)C3CC3)c2)[nH]1,CHEMBL4561980,11.0,-7.54826750291956,-9.50833510225459,334.3790000000001,3.5012200000000018,2.466762612124638,0.6808484205772253,90.9,4,3,4,True,CHEMBL4561980,1.0,CHEMBL507249,0.697582993593477,1.0,0.2077922077922078
CC1CN(c2ccccn2)CCN1c1nc(-c2ccncn2)cc(=O)n1C,CHEMBL4093930,4.1,-7.67620864089202,-8.68488807222183,363.425,1.3473999999999997,3.091137908497024,0.6947163509330748,80.04000000000002,8,0,3,True,CHEMBL4093930,1.0,CHEMBL1644625,0.6546082065703694,1.0,0.1724137931034483
Cl.Cn1c(N2CCNC(c3ccc(C#N)cc3)C2)nc(-c2ccncn2)cc1=O,CHEMBL4089283,7.4,-7.3824446266844,-7.69439903706847,409.8810000000002,1.6816799999999998,3.280049043097245,0.7019623246737358,99.73,8,1,3,True,CHEMBL4089283,1.0,CHEMBL1644625,0.6778772378516624,1.0,0.1744186046511628
FC(F)(F)c1cccc(-c2nn3ncccc3c2-c2ccnc(Nc3ccc4c(c3)OCCO4)n2)c1,51236871,50.0,-7.7251936461125,-10.423039502159,490.4450000000003,5.3869000000000025,2.776094252320444,0.3616741774431685,86.46000000000001,8,1,4,True,51236871,1.0,784821,0.7209873785323355,1.0,0.1851851851851851
COc1ccc2[nH]nc(C(=O)NCC3CCN(Cc4ccc(OCc5ccccc5)cc4)CC3)c2c1,CHEMBL3736462,350.0,-8.15447566902608,-8.0201024051193,484.60000000000025,4.792500000000005,2.2650396929175844,0.3570566397438201,79.47999999999999,5,2,9,True,CHEMBL3736462,1.0,CHEMBL383955,0.5489535941765241,1.0,0.1509433962264151
CCC1(c2ccccc2)C2=C(CC(C)(C)CC2=O)Nc2n[nH]cc21,1121061,507.0,-7.4425716639313,-5.55422767745995,321.4239999999999,4.174500000000003,3.752772300248744,0.8723716134281629,57.78,3,2,2,True,1121061,1.0,CHEMBL1761573,0.5139416153946852,1.0,0.0864197530864197
O=C1NC(=O)C2=C1c1cn(c3ccccc13)CCCc1ccc(c(N3CCCC3)n1)CCCn1cc2c2ccccc21,CHEMBL396327,30.0,-2.34699070835172,-2.69888965188021,555.6820000000004,5.737400000000006,5.487077683391749,0.26802845000801,72.16,6,1,1,False,CHEMBL396327,1.0,CHEMBL3356001,0.2715309446254071,1.0,0.16
COc1cccc(-n2ncc3c(N=NCc4ccc(C(=O)NCCS(C)(=O)=O)cc4)ncnc32)c1,14685,7.94,-7.88855750368363,-7.93527115502715,493.54900000000026,2.8824000000000005,2.8947592935585598,0.3534632861226817,140.79,10,1,9,False,14685,1.0,CHEMBL2376906,0.5944691732171608,1.0,0.2718446601941747
Cn1cc(C2=C(c3nn(CCN4CCOCC4)c4ncccc34)C(=O)NC2=O)c2ccccc21,CHEMBL3099832,360.0,-8.29689206885648,-7.75879981861411,456.5060000000001,1.822399999999999,2.7819964770384,0.4606859446210928,94.28,8,1,5,True,CHEMBL3099832,1.0,51422453,0.4988540870893811,1.0,0.21875
O=C(Nc1cncc(OCC2CCN(Cc3ccccc3)CC2)c1)c1ccnc2[nH]ccc12,CHEMBL4877175,837.0,-7.62175345932362,-8.71566088777756,441.53500000000014,4.501200000000003,2.457139789511149,0.4411958675864441,83.13999999999999,5,2,7,True,CHEMBL4877175,1.0,CHEMBL3947385,0.5434970785544255,1.0,0.1111111111111111
Cn1cc(C2=C(c3coc4ccc(F)cc34)C(=O)NC2=O)c2cc(I)ccc21,CHEMBL490860,180.0,-7.27364878342372,-8.02882471316055,486.2400000000001,4.235400000000002,2.782625071439684,0.3409037399012762,64.24000000000001,4,1,2,False,CHEMBL490860,1.0,CHEMBL4531109,0.5800284201007622,1.0,0.1038961038961039
O=C(Cc1cccc2ccncc12)Nc1scc(Br)c1-c1ncn[nH]1,,,-7.213181053,-8.414415698,414.288,4.0251,2.83416209,0.528425777,83.56,5,2,4,True,CHEMBL3828624,0.648419204,695899,1.0,0.156626506,1.0
CCc1ccc(-n2cc(CSc3nc(-c4ccccc4)cc(=O)n3C)nn2)cc1,346049,94.0,-8.45579890425184,-7.30567738022026,403.5110000000001,3.8827000000000025,2.373977558883862,0.3610204782259358,65.6,7,0,6,True,346049,1.0,CHEMBL4847175,0.4997975708502024,1.0,0.1238095238095238
Cn1cc(C=C2Oc3cccc(O)c3C2=O)c2c(-c3ccc(C(=O)NCCO)cc3)ccnc21,CHEMBL1092754,5.9,-8.88670886894517,-8.10231822425894,455.47000000000014,3.284200000000002,2.750980458005888,0.3981862361254801,113.68,7,3,5,True,CHEMBL1092754,1.0,CHEMBL1784089,0.5680905053922605,1.0,0.1568627450980392
COc1ccc(-c2[nH]c3nccnc3c2C)cc1,51159481,457.0,-7.48018295157875,-7.94128228150448,239.278,2.941920000000001,2.298066609423868,0.7476171800100166,50.8,3,1,2,True,51159481,1.0,51238049,0.5231329059088546,1.0,0.1379310344827586
Cc1ccc(-c2cc3c(NC(=O)C4CCCC4)ncnc3o2)cc1,CHEMBL182007,240.0,-8.58456365541899,-7.47606937494214,321.38,4.326920000000002,2.3257699468471618,0.779486767196598,68.02000000000001,4,1,3,True,CHEMBL182007,1.0,CHEMBL1771660,0.6281958688429872,1.0,0.1298701298701298
CCOc1ccccc1C1CN(c2nc(-c3ccncn3)cc(=O)n2C)CCN1.Cl,CHEMBL4088266,20.0,-7.4979643703413,-7.66065330018047,428.92400000000015,2.2087,3.220035927186961,0.6663411550342486,85.17000000000002,8,1,5,True,CHEMBL4088266,1.0,CHEMBL4795574,0.5508220328813153,1.0,0.1182795698924731
CC1CNCCN1c1nc(-c2ccncn2)cc(=O)n1C,CHEMBL4068148,13.0,-7.62917517122765,-8.44558737579376,286.33900000000006,0.0354000000000003,3.200175922120758,0.8395773321273043,75.94,7,1,2,True,CHEMBL4068148,1.0,CHEMBL220227,0.56975472582409,1.0,0.1095890410958904
COc1ccc2c(-c3ccnc(Nc4cccc(OC(F)(F)F)c4)n3)cnn2n1,13911,50.0,-8.84838344115579,-9.14312912350926,402.336,3.837100000000001,2.7251911495101044,0.5428080147690607,86.46,8,1,5,True,13911,1.0,CHEMBL246543,0.6446144040790313,1.0,0.2087912087912088
CCOc1ccc(Nc2nnc(Cn3c(C)nc4ccccc43)s2)cc1,CHEMBL3827240,293.0,-6.90272518539664,-7.50811669286916,365.462,4.386820000000004,2.190466938856373,0.5489880530937427,64.86,7,1,6,True,CHEMBL3827240,1.0,CHEMBL197698,0.6199425737405377,1.0,0.1325301204819277
CN(C)C(=O)N1CCn2cc(C3=C(c4cncc5ccoc45)C(=O)NC3=O)c3cccc(c32)C1,51159599,1.2,-9.4020964107098,-7.15346614338523,455.4740000000003,2.8469000000000007,3.1613790305673453,0.468688418546024,100.68,6,1,2,True,51159599,1.0,CHEMBL1080582,0.5343473005640613,1.0,0.1287128712871287
Cc1nc(-c2ccc(F)cc2)c(-c2ccnc(NC(=O)C3CC3)c2)[nH]1,CHEMBL4455711,53.0,-5.6229939628784,-9.57583469660035,336.3700000000001,3.934720000000002,2.3151998818971204,0.7580700954525168,70.67,3,2,4,True,CHEMBL4455711,1.0,CHEMBL4074524,0.7466834241027789,1.0,0.4461538461538462
CC(=O)N1CCCCC1C(=O)Nc1cc(-c2ccnc(Nc3ccccc3)c2)ccn1,,,-9.480611366,-9.724242588,415.497,4.2267,2.731783698,0.651274374,87.22,5,2,5,True,50230999,0.594796406,CHEMBL383678,1.0,0.27027027,1.0
NC(=O)c1sc(-c2ccnc(NC(=O)C3CC3)c2)nc1OC1CCC1,CHEMBL3410092,0.37,-8.66927614460004,-7.70904618586442,358.4230000000002,2.583800000000001,2.6065868405722483,0.8251238035308465,107.20000000000002,6,2,6,True,CHEMBL3410092,1.0,CHEMBL1771658,0.6193762441937625,1.0,0.0786516853932584
O=c1[nH]ccc2oc(-c3ccncc3)cc12,CHEMBL1738951,125.89,-8.48508098305685,-8.30408689951512,212.20800000000003,2.1831,2.4552476570177277,0.6721307975650977,58.89,3,1,1,True,CHEMBL1738951,1.0,CHEMBL1991853,0.5123757904245709,1.0,0.0757575757575757
O=C1NC(=O)C(c2cnc3cnccn23)=C1c1cn2c3c(cccc13)CN(C(=O)N1CCOCC1)CC2,51159606,3.2,-7.70672093949091,-6.80087696220133,497.5150000000005,1.5189999999999992,3.183909765132517,0.4203054062109533,114.07,8,1,2,True,51159606,1.0,695949,0.4814926574129954,1.0,0.1538461538461538
Brc1cccc(-n2ncc3c(NN=Cc4ccncc4)ncnc32)c1,CHEMBL67310,251.19,-8.14432639089248,-8.8810250511376,394.2360000000001,3.4190000000000005,2.505788658214064,0.4238752655578826,80.88000000000001,7,1,4,False,CHEMBL67310,1.0,CHEMBL3947385,0.6588847385272145,1.0,0.0777777777777777
COc1ccc(CSc2nnc(-c3ccc4c(c3)CCO4)o2)cc1C#N,CHEMBL470168,28.0,-7.1132421377957,-8.38793907475188,365.41400000000016,3.8440800000000026,2.4540066149697357,0.6353358002991625,81.17000000000002,7,0,5,True,CHEMBL470168,1.0,CHEMBL197613,0.6333113020489094,1.0,0.0957446808510638
COCCN1CCC(CNC(=O)c2n[nH]c3ccc(-c4ccc(C)cc4)cc23)CC1,607838,560.0,-9.43022322330487,-8.59156049243479,406.53000000000026,3.626520000000003,2.285018860324397,0.628672202583812,70.25,4,2,7,True,607838,1.0,CHEMBL1761562,0.5795311845960653,1.0,0.1212121212121212
O=C1NC(=O)C(n2ccc3ncccc32)=C1c1cn(CCCn2ccnc2)c2cc(Br)ccc12,CHEMBL561930,950.0,-7.60843893345081,-6.7303694505318,515.3710000000002,4.065000000000002,3.0678244490663733,0.3458297233101608,86.74,7,1,6,True,CHEMBL561930,1.0,CHEMBL1644639,0.511390051139005,1.0,0.1
COc1ccc2c(-c3ccnc(Nc4ccc(C#N)cc4)n3)cnn2n1,13912,50.0,-9.0666333660422,-9.48045614250179,343.35,2.810180000000001,2.63677948946366,0.6077312036241519,101.02,8,1,4,True,13912,1.0,CHEMBL2425655,0.6467168714493328,1.0,0.1647058823529411
NC1=NC(=O)C(=C2CCNC(=O)c3[nH]c(Cl)c(Cl)c32)N1,111086,47.0,-9.5341004857958,-8.65075080612433,314.132,0.6106000000000003,3.661728382804025,0.5255535309674632,112.36999999999998,4,4,0,False,111086,1.0,CHEMBL1761573,0.5286660904638433,1.0,0.0379746835443038
COc1ccc(-c2cc3c(NC(=O)C4CC4)ncnc3o2)cc1,CHEMBL362030,316.0,-8.05846092470994,-7.01560992852124,309.32500000000005,3.246900000000001,2.2989222904563515,0.8001955194669799,77.25,5,1,4,True,CHEMBL362030,1.0,CHEMBL3393595,0.6784044873792459,1.0,0.1756756756756756
O=C(Nc1cnn(-c2csc(C(=O)NCC3CCNCC3)c2)c1)Nc1ccccc1Cl,,,-8.111107272,-8.011135159,458.975,3.9606,2.675983704,0.448847866,100.08,6,4,6,True,CHEMBL4550702,0.626022819,CHEMBL4788258,1.0,0.258064516,1.0
O=C(Nc1cnn(-c2cccc(C(=O)NCC3CCNCC3)c2)c1)Nc1ccccc1Cl,,,-7.786591606,-8.184639921,452.946,3.8991,2.374534943,0.455395282,100.08,5,4,6,True,14673,0.582294136,CHEMBL3355181,1.0,0.18,1.0
O=C(NC1CCNCC1)c1cccc(-c2n[nH]c3cc(Nc4ccccc4Cl)ccc23)c1,,,-7.847306974,-9.071138689,445.954,5.1087,2.403733428,0.343867898,81.84,4,4,5,True,CHEMBL4228654,0.579760053,CHEMBL194806,1.0,0.157894737,1.0
COc1ccc(CNC(=O)Nc2nc3ccc(C(=O)CBr)cc3s2)cc1,CHEMBL4532931,770.0,-7.59169361121607,-8.18177054182825,434.3150000000001,4.204200000000002,2.1437525663867376,0.4502299886157446,80.32,5,2,6,False,CHEMBL4532931,1.0,CHEMBL1233748,0.5470421966484958,1.0,0.1808510638297872
COc1cc2c(CNC3CCN(S(=O)(=O)c4ccccc4[N+](=O)[O-])CC3)cc3c(c2cc1OC)C(=O)NC3=O,293198,530.0,-9.11492433165554,-7.49333634675361,554.5810000000004,2.5917000000000003,2.814036627099224,0.242577219531821,157.18,9,2,8,False,293198,1.0,CHEMBL1339933,0.436294796160958,1.0,0.145631067961165
Cn1c(N2CCNC(c3ccc(Cl)cc3)C2)nc(-c2ccncn2)cc1=O,CHEMBL4104714,1.7,-7.51072948434778,-7.5728038394625,382.8550000000001,2.0416,3.0845077309822315,0.7467165293194061,75.94,7,1,3,True,CHEMBL4104714,1.0,CHEMBL4795574,0.5555417495029822,1.0,0.0888888888888888
Cc1n[nH]c(-c2c(C)csc2NC(=O)Cc2cccc3nccnc23)n1,,,-7.989917968,-7.6095316,364.434,3.27444,2.999620259,0.579202793,96.45,6,2,4,True,CHEMBL2391121,0.611579333,CHEMBL1682009,1.0,0.10989011,1.0
COc1cc2c(cc1OC)-c1[nH]c3ccc(C(F)(F)F)cc3c1CC(=O)N2,CHEMBL328194,74.99,-8.6881612868608,-8.32532019840874,376.3340000000001,4.365500000000003,2.5378736541457148,0.6983599990883925,63.35,3,2,2,True,CHEMBL328194,1.0,CHEMBL1923199,0.581636341727919,1.0,0.1529411764705882
O=c1[nH]nc(-c2ccnc(NC3CCCC3)c2)n1-c1ccc2ccccc2c1,,,-10.14640352,-12.06338867,371.444,4.1303,2.416380112,0.565510953,75.6,5,2,4,True,CHEMBL4169204,0.644488007,CHEMBL1644621,1.0,0.153061224,1.0
COc1ccc(-c2ocnc2C(=O)NCc2ccncc2)cc1F,CHEMBL1957092,31.62,-7.96935010215952,-6.56762127140079,327.315,2.814300000000001,2.281431466197377,0.7795396611872015,77.25,5,1,5,True,CHEMBL1957092,1.0,CHEMBL1288159,0.5819829717110684,1.0,0.1728395061728395
O=C(NC1CCS(=O)(=O)C1)c1n[nH]c2ccc(-c3cccc(F)c3F)cc12,CHEMBL4633136,14.0,-8.98104171219373,-8.34258297030599,391.3990000000001,2.4250000000000007,2.9343079801258,0.7173447141616455,91.92,4,2,3,True,CHEMBL4633136,1.0,CHEMBL400863,0.6240553349558089,1.0,0.1222222222222222
N#Cc1ccccc1-c1ccc(CSc2nnc(-c3ccc4c(c3)OCCO4)o2)cc1,50217566,5.0,-7.18890059500386,-7.8537352020514,427.4850000000002,5.338780000000003,2.3657908273482158,0.3977460836257778,81.17,7,0,5,True,50217566,1.0,CHEMBL3099975,0.5739613371782548,1.0,0.1222222222222222
COc1ccc(C2=C(c3cn(C)c4ccccc34)C(=O)NC2=O)cc1OC,CHEMBL1087242,6.6,-9.80593185835193,-8.61403085896639,362.3850000000001,2.7627,2.285521305967576,0.7248333688797016,69.56,5,1,4,True,CHEMBL1087242,1.0,CHEMBL399168,0.5947459086993971,1.0,0.0769230769230769
COc1ccc2c(c1)NC(=O)Cc1c-2[nH]c2ccc(C#N)cc12,CHEMBL332359,130.02,-8.42146979392287,-8.69597988278772,303.321,3.209780000000001,2.482797115631177,0.7242969207657105,77.91,3,2,1,True,CHEMBL332359,1.0,51238049,0.5359477124183006,1.0,0.0649350649350649
COC1CCC(NC(=O)c2n[nH]cc2NC(=O)c2ccc(OC(F)F)cc2)CC1,50234922,5.0,-8.41355411224974,-6.37798785952929,408.40500000000014,2.950800000000002,2.690554790189143,0.6533348143856069,105.34,5,3,7,True,50234922,1.0,CHEMBL1784089,0.4860630942091616,1.0,0.1263157894736842
CN(C)CCCC(=O)Nc1n[nH]c2nnc(-c3ccccc3)cc12,CHEMBL259744,22.0,-9.45068774093196,-8.92072430931394,324.38800000000003,2.3002,2.4288368173679444,0.7263442346894395,86.8,5,2,6,True,CHEMBL259744,1.0,CHEMBL400863,0.558549355127059,1.0,0.1071428571428571
COc1ccccc1C1C2=C(CC(C)(C)CC2=O)Nc2n[nH]c(C)c21,338311,51.0,-7.5337843189367,-5.01441874714976,337.423,3.9273200000000017,3.24423584555754,0.8712576414717879,67.00999999999999,4,2,2,True,338311,1.0,CHEMBL3394094,0.5123860715120355,1.0,0.1333333333333333
Cc1ccc(-c2ccc3occ(-c4ccc(C(C)O)cc4)c3c2)o1,CHEMBL573933,160.0,-8.80226880184083,-8.28432565134058,318.37200000000007,5.721520000000005,2.6752255070164,0.5251225167398593,46.510000000000005,3,1,3,True,CHEMBL573933,1.0,CHEMBL246544,0.6189779079052435,1.0,0.0898876404494382
CN(C)S(=O)(=O)Nc1ccc(CCNC(=O)c2ccnc3nc(-c4ccc(F)cc4)[nH]c23)cc1,50943615,27.0,-7.70888952788533,-7.61101464117748,482.54100000000017,2.954800000000001,2.531671477038403,0.3566938666921513,120.08,5,3,8,True,CHEMBL2048668,1.0,CHEMBL4762965,0.5582077475472843,1.0,0.1132075471698113
COc1cc(C2=C(c3cn(CCC[NH3+])c4ccccc34)C(=O)NC2=O)cc(OC)c1OC,410870,129.0,-10.3213755652746,-7.04274101609142,436.4880000000002,1.8662999999999996,2.924295588549782,0.5245448173770978,106.43,6,2,8,False,410870,1.0,784823,0.4641973044833593,1.0,0.0818181818181818
O=c1[nH]nc(-c2ccnc(NC3CCOCC3)c2)n1-c1ccc2cc(F)ccc2c1,,,-10.41675119,-11.83079994,405.433,3.5058,2.63728697,0.542845109,84.83,6,2,4,True,CHEMBL3398197,0.636273292,CHEMBL1644632,1.0,0.107526882,1.0
CN(C)CCn1cc(NC(=O)c2cccc(-n3cc(NC(=O)Nc4ccccc4Cl)cn3)c2)cn1,,,-7.771641366,-8.595365454,492.971,4.1801,2.47173437,0.341652611,109.11,7,3,8,True,CHEMBL4458206,0.562519392,CHEMBL3352845,1.0,0.142857143,1.0
O=C(NCCCn1ccnc1)c1ccc(O)c2nc(-c3ccc(F)c(Cl)c3)[nH]c12,50721056,3.0,-6.91927129694025,-8.36421559826859,413.8400000000001,3.744600000000002,2.623014875182024,0.4193890963406363,95.83,5,3,6,True,50721056,1.0,CHEMBL1644634,0.5562097311708509,1.0,0.1333333333333333
O=C(O)c1ccc(Nc2ncc3c(Cl)nn(-c4ccccc4)c3n2)cc1,CHEMBL253740,180.0,-7.91527760542713,-8.3393147604783,365.78,3.910700000000001,2.183199335617505,0.5692079501233903,92.93,6,2,4,False,CHEMBL253740,1.0,CHEMBL3394111,0.5798375431178369,1.0,0.1368421052631579
CCCC(=O)Nc1n[nH]c2cc(-c3ccncc3)ccc12,CHEMBL1086782,661.0,-7.97056355004495,-7.4083974787703,280.331,3.363500000000001,2.198332397229142,0.7694180437399998,70.67,3,2,4,True,CHEMBL1086782,1.0,CHEMBL571619,0.6471826424870466,1.0,0.1641791044776119
CCOc1ccc2c(-c3ccnc(Nc4cccc(C(F)(F)F)c4)n3)cnn2n1,13908,199.0,-9.0645219874173,-9.05727061740986,400.364,4.347400000000002,2.677745551734386,0.5368398618482857,77.23,7,1,5,True,13908,1.0,CHEMBL4754908,0.6106015485407981,1.0,0.102803738317757
N#Cc1ccc(-c2ccc(CSc3nnc(-c4ccc5c(c4)OCO5)o3)cc2)cc1,CHEMBL2064515,316.0,-7.73367936980881,-7.71038260685037,413.45800000000014,5.296280000000003,2.29369667750915,0.4108763709591925,81.17,7,0,5,True,CHEMBL2064515,1.0,CHEMBL3099965,0.5699208443271768,1.0,0.1058823529411764
NC1(c2ccc(Cl)cc2)CCN(c2ncnc3[nH]ccc23)CC1,CHEMBL259998,600.0,-7.38228129709413,-6.36351377056433,327.8190000000001,3.065700000000001,2.6313712310679787,0.7585510028764206,70.83,4,2,2,True,CHEMBL259998,1.0,CHEMBL250199,0.4708425850181138,1.0,0.0769230769230769
Cc1[nH]nc2c1C(c1ccc(Cl)s1)C1=C(CC(C)(C)CC1=O)N2,580548,550.0,-8.73140566862857,-6.12432519576788,347.8710000000001,4.633620000000003,3.621419286200884,0.7900338281923918,57.78,4,2,1,False,580548,1.0,CHEMBL1644639,0.463258450556372,1.0,0.0816326530612244
CC1COc2c(NCCCn3ccnc3)c(F)c(N)c3c(=O)c(-c4nnn[nH]4)cn1c23,CHEMBL1940985,20.0,-6.84210695366375,-8.62328121005028,425.42800000000017,1.5549999999999993,3.8671919084889126,0.3120710230579983,141.56,10,3,6,True,CHEMBL1940985,1.0,CHEMBL4795574,0.5059880239520957,1.0,0.0648148148148148
COc1ccccc1C1=C(c2cn(CCCNC=O)c3ncccc23)C(=O)NC1=O,CHEMBL109977,8.0,-8.72196061832881,-6.99469199770448,404.4260000000001,1.7481999999999995,2.715003191951069,0.3383226757975445,102.32,6,2,8,False,CHEMBL109977,1.0,CHEMBL1761568,0.4909072014964148,1.0,0.2065217391304347
O=C1NC(=O)C2=C1c1cn(c3ccccc13)CCCCc1ccc(c(N3CCCC3)n1)CCCCn1cc2c2ccccc21,CHEMBL247271,24.0,-4.91819021256317,-3.6685069382307,583.7360000000004,6.517600000000007,5.50546491702265,0.2282836765704378,72.16,6,1,1,False,CHEMBL247271,1.0,CHEMBL3356002,0.2605575665206071,1.0,0.1442307692307692
O=C(O)C=CSc1nc(-c2ccc(F)cc2)c(-c2ccnc(Nc3ccccc3)c2)[nH]1,,,-7.104474293,-11.34704185,432.48,5.7118,2.66303755,0.255879529,90.9,5,3,7,True,CHEMBL254582,0.517135863,CHEMBL3394125,1.0,0.138888889,1.0
Cc1ccc(S(=O)(=O)N2CCN(c3nc(-c4ccncn4)cc(=O)n3C)C(C)C2)cc1,CHEMBL4102920,19.0,-6.85536286716177,-7.32203393056654,440.52900000000017,1.4451199999999995,3.06747892306287,0.605040279031216,101.29000000000002,8,0,4,True,CHEMBL4102920,1.0,CHEMBL392615,0.5208555011704619,1.0,0.145631067961165
CNC(=O)c1sc(-c2ccnc(NC(=O)C3CC3)c2)nc1OCC1CCN(Cc2ccc(Cl)c(Cl)c2)CC1,CHEMBL4746460,41.0,-6.94889304676416,-7.66263389525642,574.5340000000002,5.511000000000005,2.795748787399644,0.3500350776289573,96.45,7,2,9,True,CHEMBL4746460,1.0,CHEMBL3220475,0.4355525285203473,1.0,0.1818181818181818
COC(=O)Nc1ccc2c(c1)C(=Cc1ccc(O)cc1)C(=O)N2,51284872,155.0,-9.00485331626157,-8.45913524647989,310.309,3.063200000000001,2.1856514889501657,0.743901020279184,87.66,4,3,2,True,51284872,1.0,CHEMBL1761573,0.671152983400628,1.0,0.1333333333333333
CNC(=O)c1sc(-c2ccnc(NC(=O)C3CC3)c2)nc1OCCOCC#Cc1cccc2c1CN(C1CCC(=O)NC1=O)C2=O,51391779,49.0,-10.0415103464757,-7.73077254140662,642.6940000000003,2.1213,3.893257813478417,0.1704213880613405,168.92,10,3,10,True,51391779,1.0,CHEMBL2376905,0.3761094674556213,1.0,0.15625
COc1ccc(-c2cc3c(NC(=O)CCSC)ncnc3o2)cc1,CHEMBL182560,537.0,-7.64670237304965,-7.10621108077388,343.408,3.5900000000000016,2.4459659143579118,0.7368612214981117,77.25,6,1,6,True,CHEMBL182560,1.0,CHEMBL248790,0.5608938547486033,1.0,0.1463414634146341
Fc1ccc(-c2nn3ncccc3c2-c2ccnc(Nc3ccc4c(c3)OCCO4)n2)cc1,13935,10.0,-7.13338147203766,-11.4793965325467,440.4380000000003,4.507200000000003,2.6302237769522794,0.4400976498495638,86.46000000000001,8,1,4,True,13935,1.0,CHEMBL4074524,0.7619463505926388,1.0,0.25
O=C1NC(=Nc2cccc(Cl)c2)SC1=C1C(=O)Nc2ccc(I)cc21,,,-7.914920645,-10.19802573,481.702,4.1585,3.147827618,0.474680354,70.56,4,2,1,False,51185472,0.610955841,CHEMBL4442806,1.0,0.279411765,1.0
CC(=O)Nc1cc(-c2c(-c3ccc(F)cc3)nc(SC=CC(=O)O)n2C2CCCC2)ccn1,,,-6.706182907,-6.476355615,466.538,5.5151,2.863245137,0.351760036,97.11,6,2,7,True,CHEMBL4455711,0.51875,CHEMBL3394104,1.0,0.44,1.0
Cc1cccc(N2CCN(CCCNC(=O)c3nc(-c4cccnc4)no3)C(C)C2)c1,CHEMBL254582,200.0,-6.93512499479738,-6.91780292115999,420.51700000000017,2.770620000000001,2.9120252360602183,0.5882005223348308,87.39,7,1,7,True,CHEMBL254582,1.0,CHEMBL4862656,0.5967906786590351,1.0,0.1842105263157894
Cn1nccc1NC(=O)c1cccc(-n2cc(NC(=O)Nc3ccccc3Cl)cn2)c1,,,-7.507674856,-7.806942313,435.875,4.1555,2.368039745,0.437356167,105.87,6,3,5,True,CHEMBL2390958,0.595995834,CHEMBL3355171,1.0,0.068181818,1.0
Cc1nc(-c2ccco2)c(-c2ccnc(NC(=O)C3CC3)c2)[nH]1,CHEMBL4460515,99.0,-7.94589146195356,-7.98462361757158,308.34100000000007,3.3886200000000004,2.5409152974493576,0.7735074369108834,83.81,4,2,4,True,CHEMBL4460515,1.0,CHEMBL1761573,0.6418849699985365,1.0,0.1794871794871795
O=C1NC(=O)C(c2cnc3cccnn23)=C1c1cn2c3c(cccc13)CN(C(=O)N1CCCCC1)CC2,51159556,0.3,-9.99323246108013,-6.77136565993624,495.5430000000005,2.6727000000000007,3.100511047183799,0.4307651370354398,104.84,7,1,2,True,51159556,1.0,50291813,0.4477396021699819,1.0,0.0869565217391304
O=C1NC(=O)C(c2cn(CCCO)c3ncccc23)=C1c1cccc2ccccc12,CHEMBL430694,31.0,-8.33684141297605,-7.00761216608996,397.43400000000014,3.139100000000001,2.523198170669225,0.5069376836630874,84.22,5,2,5,True,CHEMBL430694,1.0,CHEMBL1783492,0.5039123630672926,1.0,0.1348314606741573
O=C1NCCCc2cc(-c3ccnc(NC(=O)C4CC4)c3)ccc21,CHEMBL3410096,2.4,-10.0094786160739,-7.94964173394699,321.3800000000001,2.773100000000001,2.314734476230821,0.9129574357670952,71.09,3,2,3,True,CHEMBL3410096,1.0,CHEMBL1288966,0.6074640287769784,1.0,0.1066666666666666
CN1CCN(c2cnc(NCCNc3ccc([N+](=O)[O-])c(N)n3)nc2-c2ccc(Cl)cc2Cl)C(=O)C1,51185474,4.0,-7.25009330591577,-5.81344625997718,532.3920000000002,3.138200000000001,2.98470867077328,0.223834519659662,155.44,10,3,8,False,51185474,1.0,CHEMBL4071770,0.4517167381974248,1.0,0.1475409836065573
COc1ncc(-c2ocnc2C(=O)NCc2ccncc2)cc1Cl,50201529,63.0,-7.69618419688318,-7.5125966464773,344.75800000000004,2.723600000000001,2.5613685899431964,0.7649677150609355,90.14,6,1,5,True,50201529,1.0,695985,0.5319424799622819,1.0,0.1326530612244898
NCCCCc1ccc2c(c1)-c1[nH]c3ccc([N+](=O)[O-])cc3c1CC(=O)N2,169534,6.0,-9.07524283543359,-8.69570000278955,364.40500000000014,3.5191000000000017,2.6071587290707896,0.3649369403800906,114.05,4,3,5,False,169534,1.0,CHEMBL246543,0.6004284274193548,1.0,0.0792079207920792
CSc1ccc(NC2=C(c3ccc([N+](=O)[O-])cc3)C(=O)NC2=O)cc1,CHEMBL158835,392.0,-10.0587626145534,-8.78965627429516,355.37500000000006,2.7963000000000005,2.3814642032096103,0.3700854789250113,101.34,6,2,5,False,CHEMBL158835,1.0,50383511,0.624747814391392,1.0,0.1034482758620689
COC1CCC(C(=O)Nc2cc(-c3ccnc(Nc4ccccc4)c3)ccn2)CC1,,,-9.19994024,-10.61992751,402.498,5.0309,2.330604103,0.604659215,76.14,5,2,6,True,CHEMBL191384,0.609211609,CHEMBL203009,1.0,0.113636364,1.0
Clc1cccc(CSc2nnc(-c3ccc4c(c3)CCO4)o2)c1,CHEMBL470566,94.0,-7.32884861473597,-7.68049001755918,344.8230000000001,4.617200000000003,2.2387153385846936,0.6463157405499853,48.150000000000006,5,0,4,True,CHEMBL470566,1.0,CHEMBL571619,0.6886880648177003,1.0,0.0909090909090909
COc1cc(-c2ccnc(NC(=O)C3CC3)c2)ncc1C(N)=O,CHEMBL3410105,22.0,-9.57508359174376,-6.99757153931749,312.32900000000006,1.5995999999999997,2.246320542204602,0.8716396258011547,107.2,5,2,5,True,CHEMBL3410105,1.0,CHEMBL3393595,0.6496640195479535,1.0,0.16
COc1cccc(OC)c1C(=O)Nc1c[nH]nc1C(=O)NCc1ncccc1C,50234938,870.0,-6.24344962908136,-7.51181136320113,395.41900000000015,2.31262,2.631251037843928,0.5649671884494611,118.23,6,3,7,True,50234938,1.0,CHEMBL1923199,0.6465925224798864,1.0,0.2289156626506024
O=C1Nc2cc(Br)ccc2C1=c1[nH]c2ccccc2c1=CO,51208104,5.0,-9.55403507985003,-9.07923320419902,355.19100000000003,2.3775000000000004,2.914982697846097,0.5798257878411813,65.12,2,3,0,True,51208104,1.0,51238049,0.5667092243855729,1.0,0.1029411764705882
N#Cc1cccc(-c2ccc(CSc3nnc(-c4ccc5c(c4)OCCO5)o3)cc2)c1,CHEMBL2391130,225.0,-7.50357391460659,-8.39263529512891,427.4850000000002,5.338780000000003,2.3630276166458746,0.3977460836257778,81.17,7,0,5,True,CHEMBL2391130,1.0,784827,0.5553927315357561,1.0,0.1308411214953271
N#Cc1csc(NC(=O)Cn2c(=O)ccc3cc(C(F)(F)F)ccc32)c1-n1nccn1,,,-7.800835723,-8.291153699,444.398,3.17288,3.021745083,0.520571847,105.6,8,1,4,True,CHEMBL1682850,0.559810273,696003,1.0,0.114583333,1.0
CN(C)c1cc2cc(n1)CCCn1cc(c3ccccc31)C1=C(C(=O)NC1=O)c1cn(c3ccccc13)CCC2,CHEMBL247067,7.0,-4.22917335974276,-2.90816092494602,529.6440000000001,5.203200000000004,5.568031500504606,0.3030406663157574,72.16,6,1,1,False,CHEMBL247067,1.0,CHEMBL3355993,0.2719310157523085,1.0,0.1262135922330097
O=C1NC(=O)C(c2cnc3ncccn23)=C1c1cn2c3c(cccc13)CN(C(=O)N1CCOCC1)CC2,51159587,1.7,-9.9491649256521,-6.04180882506507,497.5150000000005,1.518999999999999,3.176461047183799,0.4203054062109533,114.07,8,1,2,True,51159587,1.0,50291813,0.4493163172288058,1.0,0.1228070175438596
CC(=O)Nc1cc(-c2c(-c3ccc(F)cc3)nc(SC=CC(=O)O)n2C2CCC2)ccn1,,,-6.982652013,-8.032006872,452.511,5.125,2.860160204,0.381255034,97.11,6,2,7,True,CHEMBL593375,0.492586491,CHEMBL3394103,1.0,0.129310345,1.0
COc1ccc(Oc2cc(Nc3ccccc3C(N)=O)c(F)cn2)cc1,,,-8.784775842,-7.985590097,353.353,3.8641,2.115186454,0.702548758,86.47,5,2,6,True,50234940,0.631683694,CHEMBL1923186,1.0,0.189189189,1.0
O=C(O)c1ccc(-c2n[nH]c3cc(Nc4ccccc4Cl)ccc23)cc1,,,-7.796685595,-8.630401073,363.804,5.3251,2.05483072,0.457909044,78.01,3,3,4,True,CHEMBL261660,0.666617495,50319408,1.0,0.308823529,1.0
COc1ccc(C2CN(c3nc(-c4ccncn4)cc(=O)n3C)CCO2)cc1,CHEMBL3091538,2.9,-7.47770761329623,-8.0200496073755,379.4200000000002,1.8238,2.992327709599115,0.683786339039379,82.37000000000002,8,0,4,True,CHEMBL3091538,1.0,CHEMBL250017,0.4977573446961202,1.0,0.086021505376344
CC(C)Oc1cncc(-c2ccc3[nH]nc(C(=O)NCC4CCOC4)c3c2)c1,1216124,17.0,-9.83621270982883,-8.60041862548721,380.4480000000002,3.1784000000000017,3.028751641223046,0.6855776461457473,89.13000000000001,5,2,6,True,1216124,1.0,CHEMBL4442806,0.5445981397567374,1.0,0.1122448979591836
COc1cccc(OC)c1C(=O)Nc1c[nH]nc1C(=O)NC1CC1,50234931,220.0,-8.70125979716979,-5.67091234454412,330.3440000000001,1.5713999999999997,2.5105643768947257,0.7454497093886139,105.34,5,3,6,True,50234931,1.0,CHEMBL1761574,0.5304105128503314,1.0,0.1411764705882353
COc1ccc(-c2coc3ccc(-c4nnc(SCc5cccc(C(F)(F)F)c5)o4)cc23)cc1,CHEMBL471832,8.4,-7.70266171461686,-7.48779234272514,482.4830000000002,7.469500000000004,2.4611595853586525,0.2340459540247003,61.290000000000006,6,0,6,True,CHEMBL471832,1.0,CHEMBL1360489,0.5425480537042403,1.0,0.0571428571428571
CC(C)n1c(=O)ccc2cnc(NC3CCC(NC(=O)NC4CCCC4)CC3)nc21,,,-9.200539201,-8.742841251,412.538,3.3373,2.63926795,0.699219329,100.94,6,3,5,True,CHEMBL3673435,0.520920965,CHEMBL3577869,1.0,0.204819277,1.0
Cc1ccc(NC(=O)c2ccnc3[nH]c(-c4ccc(F)cc4)nc23)cn1,CHEMBL2048679,8.0,-7.83136379795785,-7.87772496750428,347.35300000000007,3.7197200000000015,2.2998614894636606,0.5915317583312445,83.56,4,2,3,True,CHEMBL2048679,1.0,CHEMBL3899711,0.6761105762618622,1.0,0.108433734939759
O=C(Nc1cnn(-c2csc(C(=O)NC3CCNC3)c2)c1)Nc1ccccc1Cl,,,-8.4745525,-8.414100501,430.921,3.3229,3.088085025,0.498495363,100.08,6,4,5,True,1216148,0.63155447,CHEMBL4758690,1.0,0.134615385,1.0
N=c1nc(-c2ccccc2)n(-c2ccccc2)s1,50932587,600.0,-7.41377637110618,-7.04402180503311,253.33,3.0802700000000014,2.477595106688577,0.7488923757998875,41.67,4,1,2,False,CHEMBL2024362,1.0,50383520,0.5229276895943562,1.0,0.196078431372549
CC(C)n1cc(NC(=O)c2cccc(-n3cc(NC(=O)Nc4ccccc4Cl)cn3)c2)cn1,,,-7.59451558,-8.135254329,463.929,5.1994,2.4255417,0.365090178,105.87,6,3,6,True,CHEMBL7463,0.613709161,CHEMBL3355174,1.0,0.133333333,1.0
Cn1cc(C2=C(c3nnc4ccccn34)C(=O)NC2=O)c2ccccc21,50374924,154.0,-7.09087478978104,-9.01388782187478,343.3460000000001,1.7882,2.644663951002123,0.5627469932154194,81.28999999999999,6,1,2,True,50374924,1.0,CHEMBL399168,0.6466954910438543,1.0,0.1038961038961039
Cc1ncc(CC(=O)Nc2cc(C3CCC(OC(=O)NC(C)C(C)(F)F)C3)[nH]n2)s1,1038726,38.0,-7.21342852871988,-7.65198237878973,441.5040000000001,3.761820000000002,4.0775168752256565,0.6061811117206803,109.0,6,3,7,True,1038726,1.0,CHEMBL383955,0.5748622934401603,1.0,0.146788990825688
O=C(Cn1c(=O)ccc2nc(C(F)(F)F)ccc21)Nc1scc(Br)c1-c1nnc[nH]1,,,-6.935127202,-7.171845337,499.272,3.6631,3.183735022,0.446149456,105.56,7,2,4,True,CHEMBL4288850,0.516978647,50659446,1.0,0.144067797,1.0
N#Cc1csc(NC(=O)Cc2cccc3cnccc23)c1-c1nnc[nH]1,,,-7.825889248,-8.95838909,360.402,3.13428,3.064261271,0.581226714,107.35,6,2,4,True,CHEMBL524059,0.538381064,50626254,1.0,0.166666667,1.0
O=C1NC(=O)C(c2cnc3cnccn23)=C1c1cn2c3c(cccc13)CNCC2,51159603,60.0,-9.28337756668886,-7.85793813323168,384.3990000000002,1.3543999999999994,3.126845012018963,0.5091739575890728,93.32,7,2,2,True,51159603,1.0,CHEMBL3909574,0.66723259762309,1.0,0.1063829787234042
c1cncc(-n2ncc3c(N=NCc4ccncc4)ncnc32)c1,14654,31.6,-6.70594374963173,-8.11385855886282,316.32800000000003,2.8894,2.986730880913095,0.5395024166857832,94.1,8,0,4,False,14654,1.0,CHEMBL1644627,0.6525704809286899,1.0,0.1176470588235294
N#Cc1ccc(N2CCC(Nc3c(C(N)=O)cnc4[nH]ccc34)C(F)C2)nc1,,,-8.936867424,-8.851172972,379.399,1.95738,3.610339282,0.636548902,123.72,6,3,4,True,CHEMBL3593777,1.0,CHEMBL3593777,1.0,1.0,1.0
CS(=O)(=O)Nc1ccc(-c2cnc3ccc4ccncc4c3c2)cc1,,,-8.209948653,-7.720156987,349.415,3.8215,2.181968544,0.570790553,71.95,4,1,3,True,CHEMBL4449746,0.623228711,CHEMBL249998,1.0,0.202702703,1.0
Cc1ncc(CC(=O)Nc2cc(C3CCC(OC(=O)NC4(C)CCOC4)C3)[nH]n2)s1,1038850,36.2,-7.53548278333647,-7.71433949387096,433.5340000000002,2.897120000000001,4.164857455435584,0.6446352477393587,118.23,7,3,6,True,1038850,1.0,CHEMBL3220502,0.5563342318059299,1.0,0.1009174311926605
O=C1NC(=O)C(c2cn(CCCO)c3ccc(F)cc23)=C1c1coc2ccccc12,CHEMBL2386097,15.0,-9.50560219813179,-7.57506884490736,404.3970000000001,3.476200000000002,2.6714972885521444,0.499046124900715,84.47,5,2,5,True,CHEMBL2386097,1.0,CHEMBL1644629,0.5661096092405997,1.0,0.1123595505617977
COC(=O)N1CCN(c2nc(-c3ccncn3)cc(=O)n2C)C(C)C1,CHEMBL4076038,70.0,-7.47614066460988,-7.71121929429817,344.37500000000017,0.5141999999999998,3.1500187027003967,0.7835448754784944,93.45000000000002,8,0,2,True,CHEMBL4076038,1.0,CHEMBL3310142,0.5338230067527544,1.0,0.2272727272727272
Cc1n[nH]c(-c2c(C)csc2NC(=O)Cc2cccc3ncccc23)n1,,,-6.918911527,-8.82593743,363.446,3.87944,2.82280672,0.576257602,83.56,5,2,4,True,310208,0.515448113,CHEMBL1682010,1.0,0.170454545,1.0
Cc1nc(C)n2nc(-c3ccccc3)nc(NCCNc3ccc(C#N)cn3)c12,CHEMBL3647953,310.0,-7.11113145036793,-7.18241616121045,384.4470000000001,3.1988200000000004,2.6762094270157317,0.4919916099523124,103.82,8,2,6,True,CHEMBL3647953,1.0,696003,0.5310647639956092,1.0,0.15625
COCc1cncc(-c2ccc3[nH]nc(C(=O)NCC4CCOCC4)c3c2)c1,1216122,4.5,-10.036764756797,-8.06733897732018,380.44800000000026,2.927700000000001,2.5617428167076906,0.6863299978379592,89.13000000000001,5,2,6,True,1216122,1.0,CHEMBL4442806,0.523157894736842,1.0,0.1170212765957446
COc1ccc(Nc2nccc(-c3cnn4ncccc34)n2)cc1OC,13893,12.0,-8.07588993650702,-8.82030409862351,348.36600000000016,2.9471000000000007,2.4545896109211505,0.593174663044944,86.46000000000001,8,1,5,True,13893,1.0,CHEMBL246543,0.6694949494949495,1.0,0.2261904761904762
CCOc1cccc(-n2ncc3c(N=NCc4ccncc4)ncnc32)c1,14644,100.0,-7.02280463395167,-8.15359630790368,359.39300000000003,3.893100000000002,2.856021923376483,0.4871129200870261,90.44,8,0,6,False,14644,1.0,CHEMBL4783382,0.6398996235884566,1.0,0.1354166666666666
Cc1occc1-c1nc(N)c(OCC(N)Cc2c[nH]c3ccccc23)cc1-c1cc2c(C)n[nH]c2cn1,CHEMBL595459,680.0,-8.158034083317,-8.84011067843521,493.57100000000014,4.909040000000003,3.5666921075591853,0.247205165954228,144.66000000000005,7,4,7,True,CHEMBL595459,1.0,CHEMBL401123,0.5113613910294408,1.0,0.1037735849056603
CC(CC(F)F)NC(=O)OC1CCC(c2cc(NC(=O)Cc3cnn(C)c3)n[nH]2)C1,1038718,45.9,-7.13111204481482,-7.5335331092408,424.45200000000017,2.7304000000000004,3.964579625126357,0.6029726857888339,113.93,6,3,8,True,1038718,1.0,CHEMBL4875508,0.5585185185185185,1.0,0.1339285714285714
O=[N+]([O-])c1ccccc1-c1ccc(CSc2nnc(-c3ccc4c(c3)OCO4)o2)cc1,CHEMBL2391122,27.0,-6.48234425972227,-7.94431746719454,433.4450000000002,5.332800000000002,2.348667524396987,0.2283645558644891,100.52,8,0,6,False,CHEMBL2391122,1.0,CHEMBL197698,0.5618292113859076,1.0,0.1264367816091954
CCS(=O)(=O)Nc1ccc(CCNC(=O)c2ccc(O)c3[nH]c(-c4ccc(F)cc4Cl)nc23)cc1,CHEMBL549953,2.0,-8.0996794414163,-9.85698303353088,516.9820000000002,4.462100000000002,2.5792906718945083,0.2750445799707703,124.18000000000002,5,4,8,True,CHEMBL549953,1.0,CHEMBL1761568,0.6272895657542704,1.0,0.1523809523809524
CS(=O)(=O)Nc1ccc(CCNC(=O)c2ccc(O)c3nc(-c4ccncc4)[nH]c23)cc1,50721051,110.0,-8.63769134578891,-10.4545126702449,451.50800000000015,2.6745,2.505977465134736,0.3409296361164333,137.07000000000002,6,4,7,True,50721051,1.0,CHEMBL1761568,0.6245393453284197,1.0,0.1313131313131313
CC1CN(C)CCN1c1nc(-c2ccncn2)cc(=O)n1C,CHEMBL4068965,22.0,-7.50091276044916,-8.20335303090379,300.36600000000004,0.3776000000000001,3.1491261799671566,0.7985107028841492,67.15,7,0,2,True,CHEMBL4068965,1.0,CHEMBL220227,0.5869498307171437,1.0,0.1111111111111111
COc1cccc2c(C3=C(c4cn(C)c5ccc(Br)cc45)C(=O)NC3=O)coc12,CHEMBL505673,7.5,-7.17691924437545,-7.69834939818912,451.2760000000002,4.262800000000002,2.700238655104714,0.47276883250183,73.47,5,1,3,True,CHEMBL505673,1.0,50704570,0.5747504403992953,1.0,0.1511627906976744
CCCC(=O)Nc1n[nH]c2ncc(-c3ccccc3)cc12,CHEMBL258701,56.0,-9.71345887255039,-9.51495892124697,280.331,3.363500000000001,2.158598475413253,0.7694180437399998,70.67,3,2,4,True,CHEMBL258701,1.0,CHEMBL400863,0.5721969383533305,1.0,0.1578947368421052
Cn1ccc(-c2cc(Nc3ccc(-n4cnc(N5CCOCC5)n4)cc3)ncc2Cl)n1,,,-9.217819651,-8.153697672,436.907,3.2964,2.786711142,0.513309153,85.92,9,1,5,True,CHEMBL3891139,0.621499653,CHEMBL1771664,1.0,0.193548387,1.0
CNC(=O)c1ccccc1Nc1cc(Nc2ccc3c(c2)OCO3)ncc1C(F)(F)F,,,-8.790333064,-7.614109987,430.386,4.6759,2.484615592,0.545414298,84.51,6,3,5,True,50234868,0.614691615,CHEMBL3220474,1.0,0.159090909,1.0
COc1ccc(Nc2ncc3nc(Nc4ccccc4F)n(C4CCCC4)c3n2)cc1,,,-6.912368024,-9.385876594,418.476,5.5763,2.402195842,0.425885893,76.89,7,2,6,True,13970,0.521217055,CHEMBL1946325,1.0,0.206521739,1.0
COc1ccccc1C1C2=C(CCC(C)(C)C2=O)Nc2n[nH]c(C)c21,580660,550.0,-5.58429583907421,-6.64558728831299,337.423,3.9273200000000017,3.404172768634462,0.8712576414717879,67.00999999999999,4,2,2,True,580660,1.0,CHEMBL1946330,0.5318846203595913,1.0,0.127906976744186
O=C(C1CCC(Cn2c(=S)[nH]c3ccccc3c2=O)CC1)N1CCN(c2ccccc2)CC1,,,-7.53831235,-7.789973307,462.619,4.21429,2.330369892,0.590180803,61.34,5,1,4,True,CHEMBL2048662,0.511324042,CHEMBL1360489,1.0,0.121212121,1.0
Cn1cc(C2=C(c3cnc4ccccn34)C(=O)NC2=O)c2cc3c(cc21)OCO3,CHEMBL2386112,5.3,-7.24536813361799,-9.57364899704416,386.36700000000025,2.1218999999999992,2.8635577786640827,0.5335135869423148,86.86000000000001,7,1,2,True,CHEMBL2386112,1.0,CHEMBL1784651,0.6631715210355987,1.0,0.108695652173913
CCCc1nn(-c2cccc(OC)c2)c2ncnc(NN=Cc3ccncc3)c12,CHEMBL308455,10.0,-9.15544970821407,-9.04523555261114,387.44700000000006,3.617600000000002,2.6615148762723564,0.3847477101199357,90.11,8,1,7,False,CHEMBL308455,1.0,CHEMBL1946340,0.5877269744038504,1.0,0.1935483870967742
COc1cc(F)ccc1C1CN(c2nc(-c3ccncc3)cc(=O)n2C)CCN1C.Cl,CHEMBL4082385,56.0,-8.15593978105718,-7.22436517855389,445.9260000000002,2.904900000000001,3.12028369759868,0.6149995400185135,63.49,7,0,4,True,CHEMBL4082385,1.0,CHEMBL3310142,0.5384363039912521,1.0,0.1702127659574468
COc1ccc(-n2cnc3ccc(-c4nnc(SCc5ccc(OC)c(C(F)(F)F)c5)o4)cc32)cc1,CHEMBL472043,8.6,-8.79515120875176,-9.25851042996764,512.5130000000003,6.403800000000004,2.5909702536007178,0.2335396484989665,75.2,8,0,7,True,CHEMBL472043,1.0,CHEMBL4875508,0.6241733645335232,1.0,0.1043478260869565
O=C(NCCCn1ccnc1)c1ccc(O)c2[nH]c(-c3ccc(F)c(Cl)c3)nc12,CHEMBL1957956,3.0,-8.42100041264842,-9.43944078641805,413.84000000000015,3.744600000000002,2.579546293161634,0.4193890963406362,95.83,5,3,6,True,CHEMBL1957956,1.0,CHEMBL1784097,0.5476048971829313,1.0,0.1515151515151515
NC1=NONC1N1N=NC(C(=O)NN=Cc2ccncc2)C1CN1CCCCC1,CHEMBL197077,100.0,-7.16162292655178,-7.35665728084097,400.4470000000003,-0.4292999999999971,4.572111425350892,0.433831630079807,145.19,11,3,6,False,CHEMBL197077,1.0,CHEMBL3220488,0.5935202205882353,1.0,0.1386138613861386
COc1ccccc1C(=O)Nc1c[nH]nc1C(=O)NC1CCC(OC)CC1,50234865,13.0,-8.91068445367725,-6.77564096498151,372.4250000000002,2.358,2.56235832947039,0.7218431032591109,105.34,5,3,6,True,50234865,1.0,CHEMBL1784093,0.5045914763362374,1.0,0.1728395061728395
COCCN1CCC(CNC(=O)c2n[nH]c3ccc(-c4cccnc4)cc23)CC1,607829,30.0,-9.73342250263288,-8.14788322285154,393.4910000000002,2.7131000000000007,2.3878155097565195,0.6448982129490664,83.14,5,2,7,True,607829,1.0,CHEMBL1761562,0.5744,1.0,0.1717171717171717
Cc1ccc2c(-c3ccnc(Nc4cccc(C(F)(F)F)c4)n3)c(-c3ccccc3)nn2n1,51236887,40.0,-7.27474787350553,-8.68298513844722,446.4360000000001,5.924120000000004,2.591533191147107,0.3709663895696155,68.0,6,1,4,True,51236887,1.0,784826,0.6614479352737207,1.0,0.1509433962264151
O=C1Cc2c([nH]c3ccccc23)-c2ccccc2N1,CHEMBL430574,4.0,-8.94303582588776,-8.36765427351319,248.28500000000005,3.329500000000001,2.128321470997045,0.6294101801865654,44.89,1,2,0,True,CHEMBL430574,1.0,CHEMBL4462592,0.6629960523581966,1.0,0.2448979591836734
CN(C)S(=O)(=O)Nc1ccc(CCNC(=O)c2ccnc3[nH]c(-c4ccsc4)nc23)cc1,CHEMBL2048672,9.0,-7.07926445456282,-8.10123710894122,470.58000000000015,2.877200000000001,2.6995938641203665,0.3657426407126849,120.08,6,3,8,True,CHEMBL2048672,1.0,CHEMBL4879188,0.6029175158210877,1.0,0.1415094339622641
CC(CO)n1cnnc1-c1cccc(NC(=O)Nc2cc3ccccn3n2)n1,CHEMBL4796925,282.9,-8.77608159320989,-8.09142163766929,378.3960000000001,2.1851,3.425103777975183,0.48921270054498,122.26,8,3,5,True,CHEMBL4796925,1.0,CHEMBL572282,0.6343588347399945,1.0,0.1309523809523809
COc1ccc(C=NNc2ncnc3c2cnn3-c2cccc(OC)c2)cc1,CHEMBL302048,31.62,-8.97695517608885,-8.83313107350876,374.4040000000001,3.278700000000001,2.2897604527302047,0.4116919671429789,86.45,8,1,6,False,CHEMBL302048,1.0,CHEMBL3099963,0.6330720418066442,1.0,0.1797752808988764
O=C1NCCC(=NNc2ccccn2)c2c1[nH]c1ccc(Br)cc21,111134,741.0,-9.33372551782904,-9.63866864009097,384.2370000000001,3.275100000000001,2.845198518275732,0.5934444048989399,82.16999999999999,4,3,2,False,111134,1.0,CHEMBL1822152,0.5069587316955101,1.0,0.1702127659574468
O=C(NCCCn1cnc(Cl)c1Cl)c1ccc(O)c2nc(-c3ccc(Cl)cc3Cl)[nH]c12,50721055,6.0,-6.987973114891,-8.57721661417444,499.1850000000002,5.565700000000003,2.778391767262874,0.3027709026758801,95.83,5,3,6,False,50721055,1.0,CHEMBL1761568,0.5923821548821548,1.0,0.145631067961165
Cc1cc(NC(=O)c2cccc(-n3cc(NC(=O)Nc4ccccc4Cl)cn3)c2)cc(C)n1,,,-7.889865592,-7.272981006,460.925,5.43384,2.335818623,0.369109057,100.94,5,3,5,True,13923,0.556047349,CHEMBL3355166,1.0,0.150537634,1.0
NC(=O)c1ccccc1Nc1nc(Nc2ccc(Cl)cc2)ncc1Cl,,,-8.904063463,-7.676722731,374.231,4.3695,2.061089806,0.616764395,92.93,5,3,5,True,CHEMBL256518,0.705891354,CHEMBL3220501,1.0,0.322033898,1.0
Fc1cnc(Nc2ccc(N3CCOCC3)cc2)cc1-c1ccn(CCc2ccccc2)n1,,,-9.089253645,-8.020843727,443.526,4.9071,2.442273541,0.440026563,55.21,6,1,7,False,13924,0.630054054,CHEMBL1771712,1.0,0.233333333,1.0
Cc1cc(Nc2n[nH]c3ncc(F)cc23)nc(C2CCCCC2)n1,CHEMBL3652545,6.0,-9.11180241468973,-7.3640278585737,326.3790000000002,3.986720000000002,2.7406818149790286,0.7606390584954313,79.38000000000001,5,2,3,True,CHEMBL3652545,1.0,695949,0.4839783090953906,1.0,0.0869565217391304
Cc1n[nH]c2ncc(-c3cc(OCC(N)Cc4c[nH]c5ccccc45)cnc3-c3ccoc3)nc12,CHEMBL596290,160.0,-7.7717451229491,-7.60870036558997,465.5170000000001,4.413420000000003,3.584083899952152,0.3180439479284189,131.52999999999997,7,3,7,True,CHEMBL596290,1.0,CHEMBL400863,0.4596335816388162,1.0,0.1153846153846153
COc1cccc(C2CN(c3nc(-c4ccncc4)cc(=O)n3C)CCN2)c1.Cl,CHEMBL4061578,11.0,-8.2485413649244,-8.81957317046002,413.90900000000016,2.4236,3.0427310318402085,0.7078329807430769,72.28,7,1,4,True,CHEMBL4061578,1.0,CHEMBL1946325,0.551022689169554,1.0,0.1758241758241758
COc1cc(Nc2nccc(-c3cnn4nc(OC)ccc34)n2)cc(OC)c1,13914,125.0,-8.39061745487546,-9.19769856933931,378.3920000000001,2.955700000000001,2.6476109634660823,0.547076762031414,95.69,9,1,6,True,13914,1.0,CHEMBL246543,0.5897372640927594,1.0,0.2142857142857142
CN(C)CCNS(=O)(=O)c1ccc(-c2ccc(C=C3SC(=N)NC3=O)o2)cc1,CHEMBL233554,510.0,-7.5331209263713,-6.80377259268181,420.5160000000001,1.9251700000000005,2.8155223375620704,0.5896818128816786,115.5,7,3,7,True,CHEMBL233554,1.0,CHEMBL4853789,0.552807486631016,1.0,0.1067961165048543
C#Cc1ccc2c(c1)[nH]c1ncnc(N(C)C3CCCN(CCC#N)C3)c12,CHEMBL5089934,6.0,-7.97273016728788,-7.88666332774962,358.4490000000002,2.9066800000000006,3.4763751866035357,0.7262397238166187,71.84,5,1,4,True,CHEMBL5089934,1.0,CHEMBL3947385,0.5690829481877888,1.0,0.0909090909090909
O=C(NCC1CCN(Cc2cccc(Cl)c2)CC1)c1cncc(NC(=O)c2ccnc(NC(=O)C3CC3)c2)c1,CHEMBL4864059,231.0,-8.01261799828427,-8.0947432082897,547.0590000000003,4.372800000000003,2.5067705342471225,0.3667798110116715,116.32000000000002,6,3,9,True,CHEMBL4864059,1.0,200733,0.5672550750220653,1.0,0.2596153846153846
COc1cccc(-n2ncc3c(NN=Cc4ccccc4F)ncnc32)c1,CHEMBL307311,125.89,-8.82369922093289,-9.30904713252355,362.3680000000001,3.409200000000001,2.36279762688184,0.434834436381464,77.22,7,1,5,False,CHEMBL307311,1.0,CHEMBL3947385,0.5910747957259586,1.0,0.160919540229885
COCCN1CCC(CNC(=O)c2n[nH]c3ccc(-c4ccc(OC)cc4)cc23)CC1,CHEMBL3736122,560.0,-9.23136656417463,-7.78951318835283,422.5290000000003,3.326700000000001,2.292246780525474,0.5821757193430388,79.48,5,2,8,True,CHEMBL3736122,1.0,CHEMBL1761562,0.5164813343923749,1.0,0.13
O=C(Cn1c(=O)ccc2cnccc21)Nc1scc(Br)c1-c1nnc[nH]1,,,-7.185126544,-8.812326644,431.275,2.6443,3.150428874,0.51702481,105.56,7,2,4,True,CHEMBL3827219,0.597809077,50659444,1.0,0.197530864,1.0
O=c1[nH]nc(-c2ccnc(Nc3cccnc3)c2)n1-c1ccc2ccccc2c1,,,-10.13579913,-12.12687567,380.411,3.9144,2.434354725,0.493399524,88.49,6,2,4,True,CHEMBL2048673,0.658150694,CHEMBL1644626,1.0,0.193181818,1.0
CCCCNC(=O)N1Cc2n[nH]c(NC(=O)Cc3ccc(N4CCCC4)cc3)c2C1,CHEMBL383104,300.0,-8.74170686844208,-7.88893347149819,410.5220000000003,3.016400000000001,2.7039159425525146,0.6118857142665696,93.36,4,3,7,False,CHEMBL383104,1.0,CHEMBL1761580,0.5425365853658537,1.0,0.1333333333333333
CN(C)CCNc1onc(-c2ccnc(Nc3ccc(N4CCOCC4)cc3)c2)c1-c1ccc(F)cc1,,,-6.929751051,-5.447743948,502.594,5.0964,2.693927714,0.327526446,78.69,8,2,9,False,CHEMBL4085289,0.502204166,CHEMBL3099974,1.0,0.086956522,1.0
N#CCc1cnc(-c2ccc3c(c2)OCO3)n1-c1ccnc(NC2CCCN(C(=O)C3CC3)C2)n1,,,-6.754914637,-6.613738767,471.521,2.93698,3.434566907,0.583028188,118.19,9,1,6,True,CHEMBL4851835,0.504828186,784822,1.0,0.2,1.0
N#Cc1ccc2[nH]c3c(c2c1)CC(=O)Nc1ccccc1-3,CHEMBL299756,10.0,-8.95482109892062,-8.22107996269711,273.295,3.201180000000001,2.4040340365734068,0.6600522249660065,68.67999999999999,2,2,0,True,CHEMBL299756,1.0,51238049,0.6076555023923444,1.0,0.1176470588235294
COc1ccc(CN=Nc2ncnc3c2cnn3-c2cccc(OC)c2)cc1,14661,31.6,-7.1700607838481,-7.63234211751228,374.4040000000001,4.116600000000003,2.6838996647377105,0.4739440024231257,86.78000000000002,8,0,6,False,14661,1.0,CHEMBL3220479,0.6546060755742158,1.0,0.1034482758620689
CCCC(=O)Nc1n[nH]c2cc(-c3ccc(O)cc3)c(-c3ccoc3)cc12,CHEMBL1077243,98.0,-7.86586785647858,-8.45495792025355,361.4010000000001,4.934100000000004,2.5944809914238203,0.4697048930280156,91.15,4,3,5,True,CHEMBL1077243,1.0,50659436,0.5910869839666708,1.0,0.1777777777777777
COc1ccccc1C1=C(c2cn(CCCN)c3ncccc23)C(=O)NC1=O,CHEMBL324268,37.0,-9.78853913092656,-8.60117470582826,376.41600000000005,1.9609,2.533726390816509,0.6409205048308623,99.24,6,2,6,True,CHEMBL324268,1.0,CHEMBL1644636,0.6005246839971381,1.0,0.1368421052631579
O=C(Nc1cnn(-c2csc(C(=O)NC3COC3)c2)c1)Nc1ccccc1Cl,,,-7.99492759,-8.039185712,417.878,3.3598,2.639190814,0.592542042,97.28,6,3,5,True,CHEMBL4550702,0.633292079,CHEMBL4753641,1.0,0.230769231,1.0
CC(=O)Nc1cc(-c2nnc(SCc3ccccc3)o2)ccn1,CHEMBL2391100,35.0,-8.64556896589719,-10.0789819504105,326.38100000000003,3.3823000000000016,2.153216007187382,0.7239364141974933,80.91000000000001,6,1,5,True,CHEMBL2391100,1.0,CHEMBL1644623,0.7464810049947026,1.0,0.2207792207792207
Cn1c(SCc2cn(-c3ccccc3Cl)nn2)nc(-c2ccccc2)cc1=O,346055,577.0,-7.32301672227866,-9.62868521711453,409.90200000000016,3.9737000000000022,2.392026348081467,0.3682779844412508,65.6,7,0,5,True,346055,1.0,CHEMBL3899711,0.6583417849898581,1.0,0.127906976744186
N=C1NC(=O)C(=Cc2ccc(-c3cccc(Cl)c3)o2)S1,51243398,767.0,-7.59130953708002,-8.01415665270627,304.75800000000004,3.738670000000001,2.721399196201153,0.8306311592307905,66.09,4,2,2,True,51243398,1.0,CHEMBL1991853,0.7142350017749379,1.0,0.1388888888888889
O=C1Cc2c([nH]c3ccccc23)-c2cc(I)ccc2N1,CHEMBL116832,250.03,-7.984288430499,-8.08416562283414,374.181,3.9341000000000017,2.4497118166115968,0.5757328102461818,44.89,1,2,0,False,CHEMBL116832,1.0,CHEMBL1991853,0.6639697021862627,1.0,0.0694444444444444
O=C(Nc1ncnc2[nH]c(-c3cccc(Cl)c3)nc12)C1CC1,CHEMBL1210310,365.0,-7.97082141322042,-6.96147486876802,313.7480000000001,3.0218000000000007,2.38462006048346,0.7782019366428375,83.56,4,2,3,True,CHEMBL1210310,1.0,CHEMBL1288966,0.6560632972711126,1.0,0.1168831168831168
O=C(O)CN1CCC(CNC(=O)c2n[nH]c3ccc(-c4cccc(F)c4)cc23)CC1,607848,110.0,-10.1143618695616,-8.84767392081192,410.4490000000002,2.8954000000000013,2.3470609737042007,0.5804956140312324,98.32,4,3,6,True,607848,1.0,CHEMBL1761562,0.5833333333333333,1.0,0.1287128712871287
Cc1occc1-c1nc(N)c(OCC(N)Cc2c(Cl)[nH]c3ccccc23)cc1-c1cnc2[nH]nc(C)c2n1,CHEMBL593813,300.0,-8.3381939838049,-8.75925965216214,529.0040000000001,4.957440000000002,3.8457918959572073,0.2262198743251811,157.55,8,4,7,False,CHEMBL593813,1.0,CHEMBL391656,0.5017934332750851,1.0,0.135593220338983
Cc1ccc2c(-c3ccnc(Nc4ccc(F)c(F)c4)n3)c(-c3ccccc3)nn2n1,13958,31.0,-6.98567887516025,-8.99220635565819,414.4190000000001,5.183520000000003,2.540840626679321,0.4387134820580586,68.0,6,1,4,True,13958,1.0,CHEMBL1080582,0.6429537767756482,1.0,0.2962962962962963
O=C1NC(=NCc2ccccc2)SC1=Cc1ccc(Cl)c([N+](=O)[O-])c1,CHEMBL3940448,24.0,-9.23483194049528,-9.24895643149698,373.82100000000014,4.008300000000003,2.75210454061868,0.4982152615971344,84.6,5,1,4,False,CHEMBL3940448,1.0,CHEMBL482708,0.6385984741452388,1.0,0.0804597701149425
NC1=NC(=C2CCNC(=O)c3[nH]c(Br)c(Br)c32)C(=O)N1,111083,51.0,-8.81690460836381,-7.25616375326724,403.0340000000001,0.8288,3.785500410776054,0.48178460759003,112.36999999999998,4,4,0,False,111083,1.0,50383516,0.5729110753265343,1.0,0.03125
O=C1NC(=O)C(c2cn3c4c(cccc24)CNCC3)=C1c1coc2ccccc12,CHEMBL368248,4.2,-10.219075533978,-8.2400479191366,383.4070000000001,3.057900000000001,2.883465464507651,0.5218522443403504,76.27000000000001,5,2,2,True,CHEMBL368248,1.0,CHEMBL1682005,0.591282375236892,1.0,0.125
O=C(Cn1c(=O)ccc2c(C(F)(F)F)cccc21)Nc1scc(Br)c1-c1ncn[nH]1,,,-7.378003548,-8.08749681,498.284,4.2681,2.942632274,0.439904994,92.67,6,2,4,True,CHEMBL1809122,0.576145472,CHEMBL1822148,1.0,0.152173913,1.0
Cn1c(N2CCOC3COCC32)nc(-c2ccncc2F)cc1=O,CHEMBL3401132,3.1,-7.65804352479959,-8.64098327389964,332.33500000000004,0.5853999999999999,3.700994675073431,0.801507936052614,69.47999999999999,7,0,2,True,CHEMBL3401132,1.0,CHEMBL400863,0.5252679938744258,1.0,0.086021505376344
COc1cccc(-n2ncc3c(N=NCc4ccc(C(=O)O)cc4)ncnc32)c1,14683,31.6,-7.63474698790356,-7.8937959654493,388.3870000000001,3.806200000000002,2.728140745697049,0.5023842527985806,114.85,8,1,6,False,14683,1.0,50319425,0.589188520534389,1.0,0.1555555555555555
O=C1NC(=O)C(c2cn3c4c(cccc24)CNCC3)=C1c1cccc2c1OCO2,51159579,13.0,-9.09899751703196,-6.85627796692117,387.39500000000015,2.0403999999999995,2.937313971294982,0.6580110909007548,81.59,6,2,2,True,51159579,1.0,CHEMBL3909574,0.6414437012263099,1.0,0.0652173913043478
FC(F)(F)c1nc2ccccc2n1Cc1nnc(SCc2cn(-c3ccccc3)nn2)o1,CHEMBL4633926,320.0,-6.54876358495574,-8.06822523919424,457.44100000000014,4.359400000000004,2.68919102279296,0.3502460886779731,87.45,9,0,6,True,CHEMBL4633926,1.0,CHEMBL4104351,0.5596007604562738,1.0,0.1238095238095238
COCc1cccc2c(C3=C(c4coc5cc(CO)ccc45)C(=O)NC3=O)cn(C)c12,CHEMBL490636,0.73,-8.54740599321149,-8.17244773362206,416.4330000000001,3.1304000000000025,2.8917019553506496,0.4877567981578301,93.70000000000002,6,2,5,True,CHEMBL490636,1.0,CHEMBL4753310,0.5992534781133356,1.0,0.102803738317757
COc1cccc(OC)c1C(=O)Nc1c[nH]nc1C(=O)NN1CCOCC1,50234935,450.0,-7.67268131829671,-6.40074499602233,375.3850000000002,0.6561999999999999,2.772773114685174,0.6786118869530474,117.81,7,3,6,True,50234935,1.0,CHEMBL1822153,0.5555555555555556,1.0,0.1428571428571428
CN(C)CC=CC(=O)Nc1ccc(C(=O)Nc2cccc(Nc3nccc(-c4cccnc4)n3)c2)cc1,,,-9.382924992,-8.280008198,493.571,4.5908,2.48996977,0.29242007,112.14,7,3,9,False,CHEMBL562089,0.5024618,CHEMBL3393606,1.0,0.148148148,1.0
CCC(=O)Nc1ccc(C(=O)Nc2ccc(Nc3cc(-c4c(-c5ccc(F)cc5)nc(SC)n4C)ccn3)cc2)cc1,,,-6.44810542,-8.326255008,580.689,7.3545,2.597315043,0.157624984,100.94,7,3,9,True,CHEMBL4640300,0.391140827,CHEMBL4085536,1.0,0.136363636,1.0
N#Cc1cc(-c2ccnc(Nc3ccc(-n4cnc(-c5ccccn5)n4)cc3)n2)cc(N2CCOCC2)c1,,,-9.160750232,-9.243024474,501.554,4.23818,2.818801862,0.364439426,117.67,10,1,6,True,CHEMBL4749550,0.526,CHEMBL584899,1.0,0.157894737,1.0
Fc1cccc(CNc2nnc(-c3ccc4c(c3)CCO4)o2)c1,CHEMBL451857,330.0,-8.61154046306508,-8.14566987551752,311.3160000000001,3.4227000000000016,2.2924363793086755,0.79972375842214,60.18000000000001,5,1,4,True,CHEMBL451857,1.0,CHEMBL4795574,0.5872658120862093,1.0,0.1219512195121951
COc1ccc(Oc2cc(Nc3ccccc3C(N)=O)c(C(F)(F)F)cn2)c(Cl)c1,,,-7.239079057,-8.010847491,437.805,5.3972,2.409064023,0.539086305,86.47,5,2,6,True,CHEMBL513878,0.559515571,CHEMBL1923198,1.0,0.18556701,1.0
COc1ccc(Oc2cc(Nc3ccc(Cl)cc3C(N)=O)c(C(F)(F)F)cn2)cc1,,,-7.725584501,-7.014545324,437.805,5.3972,2.380811197,0.539086305,86.47,5,2,6,True,CHEMBL2391123,0.569303584,CHEMBL1923208,1.0,0.068965517,1.0
Cc1cc(C)cc(N2CCN(CCCNC(=O)c3nc(-c4cccnc4)no3)CC2)c1,CHEMBL254758,900.0,-6.65529400446435,-6.3577134114146,420.51700000000017,2.6905400000000013,2.394597549756245,0.5881366391063141,87.39,7,1,7,True,CHEMBL254758,1.0,CHEMBL4755895,0.6074380165289256,1.0,0.2
N#Cc1c(NC(=O)c2ccsc2)sc2c1CCCC2,,,-6.875848628,-8.503541479,288.397,3.81238,2.358708524,0.913155671,52.89,4,1,2,True,CHEMBL431634,0.629677212,CHEMBL397356,1.0,0.08,1.0
Cn1cc(-c2c[nH]c3ncc(C4CCC(N5CCCOCC5)CC4)cc23)cn1,,,-9.706816254,-7.22597592,379.508,3.7119,2.797396238,0.753605926,58.97,5,1,3,True,51109190,0.616817456,CHEMBL3393597,1.0,0.098901099,1.0
CN(C)c1nc2ccc1CCCCn1cc(c3ccccc31)C1=C(C(=O)NC1=O)c1cn(c3ccccc13)CCC2,51109195,3.0,-3.52765294279129,-2.78752326457101,543.671,5.5933000000000055,5.492969710094174,0.279812120476651,72.16,6,1,1,False,51109195,1.0,784822,0.2023472278429785,1.0,0.0892857142857142
COC(=O)C1=C(Nc2ccccc2Cl)OC(=Cc2c[nH]c3ncccc23)C1=O,CHEMBL4089159,51.0,-9.1950590847897,-8.34263091308952,395.8020000000001,3.653200000000001,2.775665429278048,0.3976370809930192,93.31,6,2,4,True,CHEMBL4089159,1.0,50543920,0.585865983156353,1.0,0.1046511627906976
Cc1cccc2c3c([nH]c12)-c1ccccc1NC(=O)C3,CHEMBL98501,500.03,-7.88078608945697,-8.05236213161784,262.31200000000007,3.637920000000001,2.300113673375522,0.6380215876299741,44.89,1,2,0,True,CHEMBL98501,1.0,51238049,0.6683516880303304,1.0,0.2203389830508474
O=C1NC(=O)C(c2cn(CCCO)c3ncccc23)=C1c1cccs1,CHEMBL333829,31.0,-10.0157276214723,-7.85397305432583,353.4030000000001,2.0474,2.714155082330489,0.6877557237957156,84.22,6,2,5,True,CHEMBL333829,1.0,CHEMBL1644623,0.629872794419368,1.0,0.1149425287356321
COc1cc(F)ccc1C1CN(c2nc(-c3ccncn3)cc(=O)n2C)CCN1C.Cl,CHEMBL4076461,26.0,-7.16387479211138,-7.87975305034592,446.91400000000016,2.2999,3.25669407326952,0.6082136845927889,76.38000000000001,8,0,4,True,CHEMBL4076461,1.0,CHEMBL1923200,0.6163414355814218,1.0,0.1
NC1CCC(Nc2nccc(-c3cccnc3Oc3ccc(Nc4nc5ccccc5[nH]4)c4ccccc34)n2)CC1,,,-8.396781343,-9.086415915,542.647,6.7858,2.831635834,0.173746844,126.66,8,4,7,True,CHEMBL427726,0.481946625,CHEMBL3355999,1.0,0.10619469,1.0
c1cnn2ncc(-c3ccnc(Nc4ccc5c(c4)OCCCO5)n3)c2c1,13897,10.0,-8.37929324091104,-9.1265699931084,360.3770000000002,3.091200000000001,2.6534097225217828,0.6006154682731523,86.46000000000001,8,1,3,True,13897,1.0,CHEMBL246543,0.7463687150837989,1.0,0.2209302325581395
[H]C([H])([H])N1CCC(NC(=O)c2cc(-n3cc(NC(=O)Nc4ccccc4Cl)cn3)cs2)C1,,,-8.450532809,-8.194604587,444.948,3.6651,3.042008767,0.559626217,91.29,6,3,5,True,CHEMBL4559169,0.605216984,CHEMBL4799926,1.0,0.189473684,1.0
Cc1cc(Nc2n[nH]c3ncc(F)cc23)nc(C2CCOCC2)n1,CHEMBL3652547,30.0,-8.94902342968446,-8.32994471101136,328.35100000000017,2.8330200000000003,2.885423573220788,0.7684083685417107,88.61000000000001,6,2,3,True,CHEMBL3652547,1.0,CHEMBL1784651,0.596816976127321,1.0,0.1529411764705882
CCC1CN(Cc2ccccc2)CCN1c1nc(-c2ccncn2)cc(=O)n1C,CHEMBL4078869,43.0,-7.83162495488887,-8.70427259033612,390.491,2.3381,2.994572388044981,0.6661961219900019,67.15,7,0,5,True,CHEMBL4078869,1.0,CHEMBL1644634,0.6098061573546181,1.0,0.1313131313131313
COCCn1cc(-c2ccnc(Nc3cccc(OC)c3)n2)c2ccccc21,CHEMBL402560,140.0,-9.55401696978745,-8.27711352094211,374.4440000000001,4.496900000000004,2.22642611877148,0.5161362032538207,61.2,6,1,7,True,CHEMBL402560,1.0,CHEMBL1923197,0.6708844742502846,1.0,0.1555555555555555
COc1ccc(CNC(=O)Nc2nc3ccc(C(=O)CBr)cc3[nH]2)cc1,CHEMBL4546384,130.0,-7.56803155666775,-7.11213166094182,417.2630000000001,3.470800000000001,2.2367182628524347,0.4228530883306928,96.11,4,3,6,False,CHEMBL4546384,1.0,CHEMBL204757,0.474782234648887,1.0,0.1625
N#Cc1csc(NC(=O)Cc2cccc3ncccc23)c1-c1nnc[nH]1,,,-7.047498874,-8.644906796,360.402,3.13428,2.985165117,0.581226714,107.35,6,2,4,True,50520423,0.464700626,50626257,1.0,0.144578313,1.0
Cc1nc(-c2ccc3occ(-c4ccc(S(C)=O)cc4)c3c2)no1,50531961,680.0,-8.28623339495707,-7.90868267094772,338.38800000000003,4.195620000000004,2.986525172568239,0.5599077354538344,69.13,5,0,3,True,CHEMBL574600,1.0,CHEMBL250409,0.6048727535882281,1.0,0.1294117647058823
COc1ccc(Nc2nnc(-c3ccc([N+](=O)[O-])cc3)o2)cc1,CHEMBL1630488,7.0,-8.45804063110013,-8.37297308573264,312.285,3.397000000000001,2.01139431842838,0.5684398013155286,103.32,7,1,5,False,CHEMBL1630488,1.0,CHEMBL1771656,0.5890067786619511,1.0,0.1666666666666666
CN(C)c1nc2ccc1CCCn1cc(c3ccccc31)C1=C(C(=O)NC1=O)c1cn(c3ccccc13)CCC2,CHEMBL392167,37.0,-2.51220616815277,-3.10549079447507,529.6440000000001,5.203200000000004,5.488122481936967,0.3030406663157574,72.16,6,1,1,False,CHEMBL392167,1.0,695949,0.1967798283587757,1.0,0.1182795698924731
COc1ccc(Oc2cc(Nc3ccccc3C(N)=O)c(C(F)(F)F)cn2)cc1,,,-8.009578544,-7.758566507,403.36,4.7438,2.283456375,0.620689095,86.47,5,2,6,True,CHEMBL3828350,0.573085557,CHEMBL1923188,1.0,0.148148148,1.0
Cl.Cn1c(N2CCNC(c3cccc(F)c3)C2)nc(-c2ccncn2)cc1=O,CHEMBL4064936,12.0,-7.13968127371308,-8.10178867033198,402.86100000000016,1.9491,3.224390459788448,0.7213020974569141,75.94,7,1,3,True,CHEMBL4064936,1.0,50383511,0.639768694966487,1.0,0.1313131313131313
CC1CN(c2cccc(C#N)c2)CCN1c1nc(-c2ccncn2)cc(=O)n1C,CHEMBL4074586,2.2,-7.88967932694254,-9.56065399248063,387.44700000000006,1.8240799999999997,3.1681978348872946,0.6769384574368552,90.94,8,0,3,True,CHEMBL4074586,1.0,CHEMBL400863,0.5880589857331255,1.0,0.1157894736842105
COc1cccc(-n2ncc3c(NN=Cc4ccc(S(C)(=O)=O)cc4)ncnc32)c1,51185476,2.5,-9.1129260401844,-8.80207203590135,422.47000000000014,2.6736000000000004,2.4257071275503552,0.3755159989131467,111.36,9,1,6,False,51185476,1.0,CHEMBL3100083,0.5961357210179077,1.0,0.1182795698924731
CC1(C)CC(=O)C2=C(C1)Nc1n[nH]c(C(F)(F)F)c1C2c1ccccc1C(F)(F)F,580700,100.0,-6.93163878509399,-4.24941263813975,429.3640000000001,5.647900000000003,3.547035223315669,0.5764948646010288,57.78,3,2,1,True,580700,1.0,CHEMBL3355993,0.3448333333333333,1.0,0.1262135922330097
Nc1nccc(-c2cccc(F)c2)c1N=Cc1ccnc(NC(=O)C2CC2)c1,CHEMBL4462480,891.0,-8.7231028072288,-6.78644747634743,375.40700000000015,3.964000000000002,2.6619054292780486,0.6601469277862156,93.26,5,2,5,True,CHEMBL4462480,1.0,CHEMBL482708,0.5644283121597096,1.0,0.1647058823529411
CCOc1ccc(Oc2cc(Nc3ccccc3C(N)=O)c(C(F)(F)F)cn2)cc1,,,-7.484868675,-7.969368418,417.387,5.1339,2.322739967,0.556348244,86.47,5,2,7,True,CHEMBL256306,0.639794383,CHEMBL1923192,1.0,0.295774648,1.0
Cc1cn(CCCNC(=O)c2ccc(O)c3nc(-c4cccs4)[nH]c23)cn1,50721057,50.0,-8.33885692081507,-9.50025774176229,381.46100000000007,3.322020000000001,2.7614638316605067,0.4465154030007864,95.83,6,3,6,True,50721057,1.0,CHEMBL1783594,0.5683384834799144,1.0,0.134020618556701
CNC(=O)c1cc(-n2ncc3cc(Nc4c(F)cccc4Cl)cnc32)cs1,,,-8.62472224,-8.696615678,401.854,4.3777,2.783084004,0.532060013,71.84,6,2,4,True,CHEMBL4633607,0.626631854,CHEMBL4857979,1.0,0.191489362,1.0
N#CCCc1ccc2c(c1)-c1[nH]c3ccc([N+](=O)[O-])cc3c1CC(=O)N2,169538,0.8,-9.50154975108737,-9.20494889291614,346.3460000000001,3.693880000000002,2.726593314827486,0.5560389100381679,111.82,4,2,3,False,169538,1.0,CHEMBL246543,0.5671622823738722,1.0,0.08
N#CCCN1CCC2CCN(c3ncnc4[nH]c5cc(Br)ccc5c34)C2C1,51448908,63.0,-8.53250926917992,-8.5723132463116,425.3340000000001,3.6878800000000025,3.5979355277692395,0.693289486948992,71.84,5,1,3,True,51448908,1.0,CHEMBL4442806,0.6389242926331888,1.0,0.08
N#Cc1ccc2[nH]c3c(c2c1)CC(=O)Nc1ccsc1-3,CHEMBL118162,330.37,-8.79287905367717,-8.1715614049276,279.324,3.2626800000000005,2.8678083683357354,0.6628344072507172,68.67999999999999,3,2,0,False,CHEMBL118162,1.0,CHEMBL397356,0.637646249139711,1.0,0.1643835616438356
N#CC(c1ccnc(NCCc2cccnc2)n1)c1nc2ccccc2s1,50885167,40.0,-7.50945500916279,-9.73178309328691,372.4570000000001,3.791380000000003,3.0759992250650727,0.553945769740658,87.38000000000001,7,1,6,True,50885167,1.0,188581,1.0,1.0,1.0
Cl.OCCN=c1nc(-c2ccccc2)n(-c2ccccc2)s1,CHEMBL2022418,600.0,-8.05672399585241,-6.84586785301923,333.84400000000005,2.9156000000000013,2.7868552253186234,0.7977707235969835,50.41,5,1,4,False,CHEMBL2022418,1.0,CHEMBL1784088,0.5537446120689655,1.0,0.0909090909090909
N#Cc1cccc(-c2ccc(CSc3nnc(-c4ccncc4)o3)cc2)c1,CHEMBL2391132,84.0,-7.46567535604009,-7.6519860702432,370.437,4.962580000000004,2.2270223079918683,0.4620974566523632,75.6,6,0,5,True,CHEMBL2391132,1.0,CHEMBL245336,0.6766369234636169,1.0,0.0842105263157894
C=CCc1c(-c2ccc(OC)cc2)[nH]c2nccnc12,CHEMBL76941,600.0,-7.49066153545326,-7.87745147859337,265.31600000000003,3.362000000000001,2.4889059810678287,0.7357874333232752,50.8,3,1,4,True,CHEMBL76941,1.0,50383520,0.5445696721311475,1.0,0.0579710144927536
O=C1NC(=O)C(c2cn(CCC3N=CC=N3)c3ccccc23)=C1c1noc2ccccc12,CHEMBL4084151,0.73,-9.04609438739964,-9.2613243515152,423.4320000000002,3.2211000000000007,3.283800858598883,0.498057590209121,101.85,7,1,5,True,CHEMBL4084151,1.0,CHEMBL1644618,0.6160185722576901,1.0,0.1428571428571428
N#Cc1ccc2ccc(=O)n(CC(=O)Nc3scc(Br)c3-c3ncn[nH]3)c2c1,,,-6.75774687,-7.603296454,455.297,3.12098,2.949900237,0.490652937,116.46,7,2,4,True,339353,0.49874561,CHEMBL1822152,1.0,0.126315789,1.0
Nc1c(F)c(NCCNc2ccccn2)c2c3c1c(=O)c(C(=O)O)cn3C1(CCC1)CO2,CHEMBL1834329,57.0,-7.60101860317231,-6.83509418803263,439.44700000000034,2.6116,3.579492505622988,0.3404956512553708,131.49999999999997,8,4,6,True,CHEMBL1834329,1.0,CHEMBL1681998,0.5872281351226284,1.0,0.0918367346938775
CS(=O)(=O)Nc1ccc(CCNC(=O)c2ccc(O)c3nc(C4CC4)[nH]c23)cc1,50721046,140.0,-8.295831767896,-9.53889712707023,414.4870000000002,2.4899,2.4892204770767794,0.4728053125828924,124.18,5,4,7,True,50721046,1.0,CHEMBL1761568,0.5329418045915644,1.0,0.12
Cc1ncn(-c2ccc(Nc3nccc(-c4cccc(N5CCOCC5)c4)n3)cc2)n1,,,-9.432610047,-7.139912646,413.485,3.61292,2.464547015,0.53519534,80.99,8,1,5,True,CHEMBL496162,0.643719413,CHEMBL585725,1.0,0.357142857,1.0
CNC(=O)c1ccccc1Nc1cc(Nc2cc(OC)c(OC)c(OC)c2)ncc1C(F)(F)F,,,-6.598513035,-7.143685988,476.455,4.973,2.507759979,0.42256084,93.74,7,3,8,True,CHEMBL4450851,0.495869497,CHEMBL3220476,1.0,0.272727273,1.0
O=c1[nH]cc(-c2ccc3c(c2)OCCO3)c2sc(-c3ccncc3)cc12,CHEMBL1809114,6.31,-8.0728718173806,-8.84368804063538,362.41,4.089800000000002,2.585097821131992,0.5832973593679828,64.21000000000001,5,1,2,True,CHEMBL1809114,1.0,CHEMBL400863,0.6307934014139827,1.0,0.1481481481481481
CC1CN(c2ccncc2)CCN1c1nc(-c2ccncn2)cc(=O)n1C,CHEMBL4065956,3.8,-7.86209052670259,-9.02870258557749,363.42500000000007,1.3473999999999997,3.1414970800946573,0.6947163509330748,80.04000000000002,8,0,3,True,CHEMBL4065956,1.0,CHEMBL1644625,0.6784232365145229,1.0,0.1647058823529411
CS(=O)(=O)C1CCN(c2cccc3c2cnn3-c2ccnc(NC3CCC(O)CC3)n2)CC1,,,-8.657266341,-7.642305719,470.599,2.5443,2.925668576,0.584937014,113.24,9,2,5,True,CHEMBL291425,0.623089029,51195161,1.0,0.210526316,1.0
O=C(Cn1c(=O)ccc2cc(C(F)(F)F)ccc21)Nc1scc(Cl)c1-c1ncn[nH]1,,,-7.78042551,-7.675923004,453.833,4.159,2.902389417,0.485035406,92.67,6,2,4,True,CHEMBL4070244,0.571024735,695961,1.0,0.138613861,1.0
O=C(NCC1CCOCC1)c1n[nH]c2ccc(-c3cnccc3CN3CCCC3)cc12,1216154,140.0,-9.55942486910177,-7.13547066486553,419.5290000000003,3.377100000000002,2.6018015296893537,0.6400525486473261,83.13999999999999,5,2,6,True,1216154,1.0,CHEMBL572282,0.5448481238832639,1.0,0.1208791208791208
CS(=O)(=O)Nc1ccc(CCNC(=O)c2ccc(O)c3nc(-c4ccccc4)[nH]c23)cc1,50397441,25.0,-7.31798634786743,-8.57182927120957,450.52000000000015,3.2795000000000005,2.359173238592048,0.3439759726278047,124.18,5,4,7,True,50397441,1.0,CHEMBL1761568,0.5960208532822641,1.0,0.1188118811881188
O=c1[nH]cc(-c2cccc3cccnc23)c2sc(-c3ccncc3)cc12,CHEMBL1809122,316.23,-8.3182835037989,-8.76528822604382,355.4220000000001,4.866800000000003,2.544658060892232,0.4915107495806499,58.64,4,1,2,True,CHEMBL1809122,1.0,CHEMBL4788894,0.5602205258693809,1.0,0.1621621621621621
N#Cc1cccc(-c2ccc(CSc3nnc(-c4ccc5c(c4)OCO5)o3)cc2)c1,CHEMBL2391121,29.0,-7.80955617994639,-8.20913402725653,413.45800000000014,5.296280000000003,2.329253289436547,0.4108763709591925,81.17,7,0,5,True,CHEMBL2391121,1.0,50383511,0.5770972354623451,1.0,0.09375
O=C1NC(=O)C(=Cc2cccc3c2OCO3)N1,CHEMBL1288549,138.0,-8.33232338388728,-7.42744581218569,232.195,0.5955999999999998,2.6426511972251703,0.5486439677932696,76.66000000000001,4,2,1,True,CHEMBL1288549,1.0,51238049,0.5489762036524626,1.0,0.0967741935483871
CC(=O)N1CCn2cc(C3=C(c4cnc5ccccn45)C(=O)NC3=O)c3cccc(c32)C1,51159578,1.9,-7.34965413478738,-6.62056208852209,425.4480000000002,2.2183,2.9381057223290483,0.4990193704004754,88.71000000000001,6,1,2,True,51159578,1.0,696051,0.4585737615677735,1.0,0.16
N#CCc1cnc(-c2ccc3c(c2)OCCO3)n1-c1ccnc(NC2CCCN(C(=O)C3CC3)C2)n1,,,-7.125195424,-7.225758383,485.548,2.97948,3.453868092,0.566185511,118.19,9,1,6,True,CHEMBL4851835,0.526407227,784823,1.0,0.2,1.0
COc1cc(F)ccc1-c1c[nH]c(=O)c2cc(-c3ccncc3)sc12,CHEMBL1809120,158.49,-8.67312767051134,-8.71388698268308,352.39000000000004,4.466300000000002,2.511285851561258,0.5919249199369744,54.98,4,1,3,True,CHEMBL1809120,1.0,CHEMBL1923199,0.5985176034589252,1.0,0.1379310344827586
COc1cccc(C2=C(Nc3cccc(O)c3)C(=O)NC2=O)c1,CHEMBL160373,472.0,-10.096936762828,-8.70656695243229,310.309,1.8803999999999992,2.268449358772651,0.7505639722695365,87.66,5,3,4,True,CHEMBL160373,1.0,CHEMBL1784666,0.6358094015722766,1.0,0.1428571428571428
COc1cccc(OC)c1C(=O)Nc1c[nH]nc1C(=O)Nc1ccncc1,50234940,120.0,-7.75603694606674,-6.43702328393544,367.36500000000007,2.3265,2.516835052747112,0.615280745197042,118.23,6,3,6,True,50234940,1.0,CHEMBL1288160,0.5598147671726267,1.0,0.1948051948051948
COc1ccc(-n2cnc3ccc(-c4n[nH]c(=S)o4)cc32)cc1,51109190,2.3,-8.42397002457731,-7.87591890105612,324.36500000000007,3.746690000000002,2.481328521538701,0.5813200709764573,68.87,6,1,3,True,51109190,1.0,CHEMBL250017,0.6203777600425645,1.0,0.1097560975609756
O=C(NCC1CCCO1)c1n[nH]c2ccc(-c3cccc(F)c3F)cc12,CHEMBL4635900,55.0,-9.0468990903963,-7.91656420075423,357.36000000000007,3.416900000000002,2.7884765603830197,0.751881565275624,67.00999999999999,3,2,4,True,CHEMBL4635900,1.0,CHEMBL400863,0.601526125193999,1.0,0.1208791208791208
COC(=O)c1cccc(CSc2nnc(-c3ccc4c(c3)CCO4)o2)c1,CHEMBL471015,630.0,-6.96016233519082,-7.64037208470531,368.41400000000016,3.7504000000000026,2.279718153431272,0.5013870723139733,74.45,7,0,5,True,CHEMBL471015,1.0,50704570,0.6120060407752328,1.0,0.1182795698924731
Cc1ccc(CC(=O)Nc2cc(C3CCC(OC(=O)NC(C)C(C)(F)F)C3)[nH]n2)cn1,1038723,18.3,-8.72091734565351,-8.0200974661173,435.4750000000001,3.7003200000000014,3.906002689806052,0.6144798942862643,109.0,5,3,7,True,1038723,1.0,CHEMBL4876387,0.4957872297228708,1.0,0.1363636363636363
CC1(C)CC(=O)C2=C(C1)Nc1n[nH]c(C(F)(F)F)c1C2c1ccc(F)cc1C(F)(F)F,580709,550.0,-4.76413997246052,-4.08929183287693,447.3540000000001,5.787000000000003,3.641754874614435,0.544679279573916,57.78,3,2,1,False,580709,1.0,CHEMBL3394104,0.3879229762572443,1.0,0.1770833333333333
CC(=O)N1CCn2cc(C3=C(c4cccc5ccoc45)C(=O)NC3=O)c3cccc(c32)C1,51159589,1.5,-7.82210339567118,-7.53126904044231,425.4440000000002,3.316800000000001,2.9151376621283784,0.4995836151896228,84.55000000000001,5,1,2,True,51159589,1.0,CHEMBL1761576,0.5061031900707764,1.0,0.2022471910112359
CS(=O)(=O)Nc1ccc(CCNC(=O)c2ccc(O)c3nc(-c4ccc(Cl)cc4)[nH]c23)cc1,50721048,7.0,-6.92863875858331,-8.46462042705904,484.9650000000002,3.932900000000002,2.417700598747995,0.3161248195558036,124.18,5,4,7,True,50721048,1.0,CHEMBL1761568,0.5834451439777066,1.0,0.1274509803921568
Clc1ccccc1-c1cc(NCc2cccnc2)n2ncc(Br)c2n1,CHEMBL401303,54.0,-7.71829633613182,-6.90325296696887,414.6940000000001,4.819300000000003,2.357835430064945,0.5200505625587005,55.11,5,1,4,True,CHEMBL401303,1.0,CHEMBL3394097,0.5396239885768681,1.0,0.1136363636363636
Fc1ccc(-c2nn3ncccc3c2-c2ccnc(Nc3ccc(F)c(F)c3)n2)cc1,13933,25.0,-6.9939448106893,-11.0277565704262,418.3820000000001,5.014200000000002,2.534852934371626,0.444227709503173,68.0,6,1,4,True,13933,1.0,CHEMBL4074524,0.7395793499043977,1.0,0.2692307692307692
CCCC(=O)Nc1n[nH]c2ncc(B3OC(C)(C)C(C)(C)O3)cc12,CHEMBL264162,356.0,-8.69194260489581,-6.34185809092982,330.1970000000001,1.9956999999999996,3.0788446921019066,0.837151580148874,89.13000000000001,5,2,4,False,CHEMBL264162,1.0,50383511,0.5890899484876502,1.0,0.188235294117647
Cn1cncc1CNC(=O)c1ccc2cc(-c3n[nH]cc3-c3ccccc3)[nH]c2c1,CHEMBL1164177,540.0,-8.38806363437739,-8.12336582268732,396.45400000000006,3.8885000000000014,2.7799228089619668,0.4208708026580128,91.39,4,3,5,True,CHEMBL1164177,1.0,CHEMBL572282,0.5991329848272344,1.0,0.1363636363636363
COc1ccccc1C1C2=C(CCCC2=O)Nc2n[nH]c(C)c21,580663,550.0,-7.99856160696565,-8.08392870631143,309.369,3.291220000000001,3.162122564172913,0.8930503228542197,67.00999999999999,4,2,2,True,580663,1.0,CHEMBL1946329,0.5264473136193253,1.0,0.1341463414634146
Cc1ccccc1-n1ncc2c(NN=Cc3ccncc3)ncnc21,CHEMBL67733,158.49,-8.52138564395799,-9.04540017179803,329.3670000000001,2.96492,2.4275616311870376,0.4597275869219213,80.88000000000001,7,1,4,False,CHEMBL67733,1.0,188581,0.6667118644067797,1.0,0.1208791208791208
N#Cc1csc(NC(=O)CN2C(=O)CCc3ccccc32)c1-c1ncn[nH]1,,,-6.387324068,-8.093916473,378.417,2.32278,2.830740755,0.722925788,114.77,6,2,4,True,CHEMBL3593777,0.5156712,CHEMBL1682015,1.0,0.176470588,1.0
COc1cc(-n2ccc(CNc3ccc(Cl)cc3)cc2=O)ccc1OCC(C)(C)O,,,-6.432281925,-8.223410823,428.916,4.2613,2.376528978,0.560451649,72.72,6,2,8,True,51452262,0.527062374,222129,1.0,0.193877551,1.0
C=CCn1cc(C2=C(c3nn(CCCN4CCOCC4)c4ncccc34)C(=O)NC2=O)c2ccccc21,CHEMBL3099837,960.0,-7.81813403830941,-6.43507055889076,496.5710000000002,2.8615000000000004,2.933418739491492,0.2978693289766957,94.28,8,1,8,True,CHEMBL3099837,1.0,CHEMBL1644640,0.4742525658188309,1.0,0.173076923076923
O=C(Nc1cnn(-c2cccc(C(=O)NC3CNC3)c2)c1)Nc1ccccc1Cl,,,-8.586858826,-9.098364346,410.865,2.8713,2.304681789,0.51928509,100.08,5,4,5,True,1216148,0.627073114,CHEMBL3355183,1.0,0.131313131,1.0
CN(C)S(=O)(=O)c1ccc(Nc2cc(NC3CCC(N)CC3)nc3c(C#N)cnn23)cc1,CHEMBL360573,460.0,-8.38543975972631,-7.18134655317697,454.5600000000003,2.27668,2.819995588549782,0.5149544652831654,141.44000000000003,9,3,6,True,CHEMBL360573,1.0,CHEMBL3394096,0.4937325183880658,1.0,0.1368421052631579
CN1CCC(CNC(=O)c2cc(-n3cc(NC(=O)Nc4ccccc4Cl)cn3)cs2)CC1,,,-8.754199119,-8.44322494,473.002,4.3028,2.629101709,0.498392138,91.29,6,3,6,True,1216168,0.587722894,CHEMBL4754031,1.0,0.217821782,1.0
CCn1c(-c2nonc2N)nc2c(C#CC(C)(C)O)nc(CN(C)C)cc21,CHEMBL1099290,375.0,-6.45360837059064,-6.4006911366866,369.4290000000001,1.2674,3.3334407227527825,0.6599470453860149,119.12,9,2,4,True,CHEMBL1099290,1.0,CHEMBL571434,0.4468041658158056,1.0,0.0961538461538461
CC1(C)COc2c(NCCNc3ccccn3)c(F)c(N)c3c(=O)c(C(=O)O)cn(c23)C1,CHEMBL1834328,160.0,-7.28864400438523,-7.29477570266657,441.4630000000003,2.7586000000000004,3.1888722004771823,0.3392155282328652,131.5,8,4,6,True,CHEMBL1834328,1.0,CHEMBL1681998,0.5389161462979483,1.0,0.1263157894736842
O=C(Nc1n[nH]c2cc(-c3ccsc3)ccc12)C1CC1,CHEMBL260928,329.0,-7.83570996934962,-7.59717063563895,283.3560000000001,3.6399000000000017,2.346431445258812,0.7706759457685758,57.78,3,2,3,True,CHEMBL260928,1.0,CHEMBL4754904,0.6485099337748345,1.0,0.1594202898550724
Cl.c1ccc(-n2sc(=NCc3cccnc3)nc2-c2cccc3ccccc23)cc1,CHEMBL2022419,900.0,-7.40228542211921,-6.61344285859838,430.96400000000017,5.671700000000004,2.7714451865843444,0.3682675030775416,43.07,5,0,4,False,CHEMBL2022419,1.0,CHEMBL1761568,0.5589777195281782,1.0,0.1444444444444444
C=CC(=O)Nc1cccc(C(=O)Nc2ccc(Nc3cc(-c4c(-c5ccc(F)cc5)nc(SC)n4C)ccn3)cc2)c1C,,,-6.192957766,-8.318912007,592.7,7.43892,2.775316369,0.121513239,100.94,7,3,9,False,13934,0.350584182,CHEMBL4086457,1.0,0.238095238,1.0
COc1ccc2[nH]nc(C(=O)NCC3CCN(CC(=O)O)CC3)c2c1,CHEMBL3736404,670.0,-8.50482984882235,-7.03509874358601,346.3870000000001,1.0979,2.2583233921896437,0.7228372531802036,107.55,5,3,6,True,CHEMBL3736404,1.0,CHEMBL1761569,0.6198004405857198,1.0,0.0618556701030927
O=C1NC(=O)C(c2ccn3ncccc23)=C1c1cn2c3c(cccc13)CN(C(=O)N1CCOCC1)CC2,51159572,1.3,-7.00878929756615,-6.22927258945432,496.5270000000005,2.124,3.1279213035940554,0.4287207981799623,101.18,7,1,2,True,51159572,1.0,CHEMBL1784089,0.4366750912664981,1.0,0.1176470588235294
CN1C(=O)CC(c2ccccc2)N=C1SCc1cn(-c2ccccc2F)nn1,CHEMBL4647289,122.0,-8.87923773432683,-8.80829905263876,395.4630000000001,3.599000000000002,3.232886683958089,0.6771726180313905,63.38,6,0,4,True,CHEMBL4647289,1.0,50319425,0.591358024691358,1.0,0.0888888888888888
CCCC(=O)Nc1n[nH]c2cc(Cl)c(-c3ccc(O)cc3)cc12,CHEMBL1095366,10.0,-10.227882059659,-8.05117958998694,329.78700000000003,4.3275000000000015,2.2892718439797517,0.6663776616434967,78.01,3,3,4,True,CHEMBL1095366,1.0,CHEMBL400863,0.5758611622403366,1.0,0.108433734939759
CCN1CCOCCN(CC)CCn2cc(c3ccccc32)C2=C(C(=O)NC2=O)c2cn(c3ccccc23)CCOCC1,CHEMBL103421,31.0,-4.59847748787167,-3.67719347111588,583.733,3.8538000000000014,5.0767491134605285,0.3613866427538207,80.97000000000001,8,1,2,False,CHEMBL103421,1.0,CHEMBL3356001,0.3120046771469403,1.0,0.1067961165048543
Cl.Cn1c(N2CCNC(c3ccccc3F)C2)nc(-c2ccncc2)cc1=O,CHEMBL4066990,11.0,-7.97263928331162,-8.89824213253065,401.87300000000016,2.554100000000001,3.076336516263618,0.7304011649249638,63.05,6,1,3,True,CHEMBL4066990,1.0,CHEMBL1644634,0.5956665877338385,1.0,0.1382978723404255
COc1cc2c(cc1OC)-c1[nH]c3ccc(C#N)cc3c1CC(=O)N2,CHEMBL325654,17.99,-8.41399244269403,-8.38209607653513,333.3470000000001,3.2183800000000007,2.549868787639264,0.753642747866596,87.14,4,2,2,True,CHEMBL325654,1.0,51238049,0.584645970331855,1.0,0.0657894736842105
Cc1cccc(NC(=O)c2ccc(C(F)F)o2)c1N1CCC2(CC1)OCCO2,,,-8.015859449,-7.281724979,392.402,4.12122,3.263174654,0.848042315,63.94,5,1,4,True,50840603,0.609620498,CHEMBL1783592,1.0,0.135416667,1.0
COc1ccc(-c2coc3ccc(-c4nnc(SCc5cccc(C#N)c5)o4)cc23)cc1,CHEMBL471833,3.5,-8.25234247326495,-7.65838400799548,439.4960000000002,6.322380000000004,2.447099876602156,0.2860800096872955,85.08,7,0,6,True,CHEMBL471833,1.0,CHEMBL1923212,0.5729359295115849,1.0,0.1684210526315789
Cn1cc(C2=C(c3nnc4ccccn34)C(=O)NC2=O)c2ccc(F)cc21,50374920,204.0,-8.01739186901452,-10.0421247508283,361.3360000000001,1.9273,2.763467420379479,0.5533471596007887,81.28999999999999,6,1,2,True,50374920,1.0,CHEMBL1644629,0.6699692994697182,1.0,0.1566265060240964
CN1CCC(CNC(=O)c2cc(-n3cc(NC(=O)Nc4ccccc4Cl)cn3)cs2)C1,,,-8.667618015,-9.00072644,458.975,3.9127,3.066408157,0.521874015,91.29,6,3,6,True,1216168,0.60517459,CHEMBL4753218,1.0,0.203883495,1.0
Cn1cc(C2=C(c3coc4ccccc34)C(=O)NC2=O)c2cc(Br)cnc21,CHEMBL2386106,5.3,-9.05492249240713,-8.3914615304369,422.2380000000001,3.649200000000002,2.7578929948050543,0.5007111002857335,77.13000000000001,5,1,2,True,CHEMBL2386106,1.0,CHEMBL3909574,0.6457150964812712,1.0,0.0804597701149425
CS(=O)(=O)Nc1ccc(CCNC(=O)c2ccc(O)c3nc(-c4ccc(Cl)cc4Cl)[nH]c23)cc1,CHEMBL436837,15.0,-6.98572659823152,-8.58482190875238,519.4100000000003,4.586300000000002,2.529595829265121,0.2845277979654812,124.18,5,4,7,True,CHEMBL436837,1.0,CHEMBL1761568,0.6306688755435907,1.0,0.1226415094339622
Cc1[nH]nc2c1C(C)(c1ccccc1)C1=C(CC(C)(C)CC1=O)N2,338322,26.0,-6.26585240728091,-5.57730404197326,321.4240000000001,4.092820000000002,3.5842056797314203,0.8314026696837048,57.78,3,2,1,True,338322,1.0,CHEMBL1822154,0.459546539379475,1.0,0.1022727272727272
CCOc1ccncc1NC(=O)c1ccnc2nc(-c3cccnc3)[nH]c12,50943628,3.0,-8.42769730758466,-8.17910286813115,360.377,3.065900000000001,2.5106710446033578,0.5665107838051432,105.68,6,2,5,True,CHEMBL2048682,1.0,CHEMBL3947385,0.6384873515745999,1.0,0.125
Cl.Cn1c(N2CCNC(c3ccccc3F)C2)nc(-c2ccncn2)cc1=O,CHEMBL4080416,8.2,-7.23318323754222,-8.04032405734674,402.86100000000016,1.9491,3.2248338872470645,0.7213020974569141,75.94,7,1,3,True,CHEMBL4080416,1.0,CHEMBL372082,0.5651105651105651,1.0,0.1515151515151515
CCN(CC)c1cc(-c2ccncn2)cc(=O)n1C,CHEMBL1682838,50.1,-6.77122133868086,-6.96447657291579,258.325,1.6885,2.77578740506298,0.8370779425781352,51.02,5,0,4,True,CHEMBL1682838,1.0,CHEMBL3577865,0.6233829236739974,1.0,0.208955223880597
CCC(=O)Nc1cccc(C(=O)Nc2ccc(Nc3cc(-c4[nH]c(SC)nc4-c4ccc(F)cc4)ccn3)cc2)c1,,,-6.88241069,-12.00072196,566.662,7.3441,2.573338508,0.138913355,111.8,6,4,9,True,CHEMBL2391117,0.467235465,CHEMBL4069805,1.0,0.135416667,1.0
Cn1cc(-c2cc(-c3nc4ccccc4[nH]3)c(=O)[nH]n2)ccc1=O,CHEMBL557273,160.0,-10.4324739262774,-8.52331971354258,319.32400000000007,1.6788999999999996,2.4973251116823256,0.5872777539028811,96.43,5,2,2,True,CHEMBL557273,1.0,CHEMBL4754904,0.655091506335054,1.0,0.1428571428571428
COc1ccc(-c2ocnc2C(=O)NCc2ccn3ccnc3c2)cc1Cl,50201543,5.0,-7.59125435336186,-7.50569213379756,382.807,3.5813000000000024,2.6772916423113937,0.5701643249634152,81.66,6,1,5,True,50201543,1.0,696003,0.5483833983031414,1.0,0.1274509803921568
COc1cc(C2=C(c3cn(CCCNC(=O)C(N)CC(C)C)c4ccccc34)C(=O)NC2=O)cc(OC)c1OC,CHEMBL3699445,208.0,-10.3099168311981,-8.00197055232534,548.6400000000002,3.1140000000000008,3.20263517040991,0.2339043386488803,133.91,8,3,12,True,CHEMBL3699445,1.0,CHEMBL437747,0.4342861581482057,1.0,0.1192660550458715
Cn1cc(C2=C(c3coc4ccccc34)C(=O)NC2=O)c2cc(F)c(Cl)cc21,CHEMBL489407,184.0,-7.83559877291232,-8.65418067944353,394.78900000000016,4.284200000000002,2.6988470772819437,0.5158877045136652,64.24000000000001,4,1,2,True,CHEMBL489407,1.0,CHEMBL1644629,0.692233676975945,1.0,0.119047619047619
Cc1ccc(-c2cccc3cnc(NC4CCC(O)CC4)nc23)cn1,,,-9.395996218,-9.148138261,334.423,3.71562,2.455807401,0.763778903,70.93,5,2,3,True,CHEMBL256517,0.784226646,CHEMBL1761575,1.0,0.390625,1.0
O=C(Nc1cnn(-c2csc(C(=O)NC3COC3)c2)c1)Nc1c(F)cccc1Cl,,,-7.587449687,-8.179048669,435.868,3.4989,2.809052539,0.571018791,97.28,6,3,5,True,1216148,0.601607348,CHEMBL4778645,1.0,0.158415842,1.0
CCn1c(Nc2ccccc2F)nc2cnc(Nc3ccc(OC)cc3)nc21,,,-6.814166849,-8.848010496,378.411,4.4811,2.296675921,0.515092981,76.89,7,2,6,True,CHEMBL4080416,0.643361129,CHEMBL1946335,1.0,0.159090909,1.0
CC(C)NC(=O)NC1CCC(Nc2ncc3ccc(=O)n(C(C)C)c3n2)CC1,,,-8.973850543,-9.686859149,386.5,2.8031,2.630418787,0.733494797,100.94,6,3,5,True,CHEMBL3735506,0.536111411,CHEMBL3577868,1.0,0.161290323,1.0
O=C1NC(=O)C(c2cccc([N+](=O)[O-])c2)=C1Nc1cc(Cl)c(O)c(Cl)c1,CHEMBL352222,20.0,-7.92411682439355,-6.67350575179841,394.1700000000001,3.0868,2.5714895111321336,0.3171832313759252,121.57,6,3,4,False,CHEMBL352222,1.0,696051,0.5287711916841975,1.0,0.1235955056179775
CCn1c(-c2nonc2N)nc2c(C#CC(C)(C)O)nc(CNC)cc21,CHEMBL1098316,303.0,-6.91150157966125,-7.22017353255888,355.40200000000004,0.9251999999999998,3.3359929510021225,0.5896284724656363,127.91,9,3,4,True,CHEMBL1098316,1.0,CHEMBL1784088,0.5390805999268382,1.0,0.0631578947368421
COc1cccc(-n2ncc3c(N=NCc4ccc(F)cc4)ncnc32)c1,14664,7.94,-6.90897745582502,-8.30329409268065,362.36800000000005,4.247100000000003,2.7150595548273118,0.4974089328161925,77.55,7,0,5,False,14664,1.0,CHEMBL4851793,0.6355103637074697,1.0,0.2117647058823529
COc1ccc2c(-c3ccnc(Nc4ccc5c(c4)OCCO5)n3)cnn2n1,13918,39.0,-8.3453152241266,-9.5107619759562,376.37600000000015,2.7097,2.7024149589351385,0.5808186655157678,95.69,9,1,4,True,13918,1.0,CHEMBL246543,0.6595328200443691,1.0,0.2134831460674157
O=C(Cc1cc(C(F)(F)F)cc2ncccc12)Nc1scc(Br)c1-c1nnc[nH]1,,,-6.62456651,-7.472384083,482.285,5.0439,3.129530212,0.42698513,83.56,5,2,4,True,CHEMBL4077048,0.559762095,50659439,1.0,0.111111111,1.0
COc1cc(N2CCOCC2)ccc1Nc1ncc(Cl)c(Nc2ccccc2C(N)=O)n1,,,-7.427918039,-7.951000106,454.918,3.5613,2.400504719,0.496086348,114.63,8,3,7,True,CHEMBL404565,0.608640259,CHEMBL3220495,1.0,0.233333333,1.0
CC(C)(O)C(=O)N1CCN(c2ccc(C(F)(F)F)c(C3=C(c4c[nH]c5ccccc45)C(=O)NC3=O)c2)CC1,CHEMBL1650951,3.0,-7.4738535575696,-6.94877550402697,526.5150000000002,3.173400000000001,2.8785517910626464,0.453266317199548,105.74,5,3,4,True,CHEMBL1650951,1.0,CHEMBL3355993,0.3994737656709487,1.0,0.1481481481481481
COc1ccc2c(c1)-c1[nH]c3ccc(Br)cc3c1CC(=O)N2,CHEMBL575138,15.0,-7.98321350694298,-7.84404818663428,357.2070000000001,4.100600000000002,2.398202478065878,0.6890218860651774,54.120000000000005,2,2,1,True,CHEMBL575138,1.0,51238049,0.5462513695413993,1.0,0.0972222222222222
O=C1NC(=O)C(c2ccccc2)=C1Nc1cc(Cl)c(O)c(Cl)c1,CHEMBL347857,149.0,-7.92833516820347,-7.67788119084726,349.1730000000001,3.1786000000000003,2.3559193402815257,0.5875267137459769,78.43,4,3,3,True,CHEMBL347857,1.0,50611614,0.6521353627900104,1.0,0.0886075949367088
CC(=O)N1CCC(C(=O)Nc2cc(-c3ccnc(Nc4ccccc4)c3)ccn2)CC1,,,-9.000052247,-10.72878097,415.497,4.0842,2.253743704,0.655549561,87.22,5,2,5,True,CHEMBL2390958,0.624575378,CHEMBL204757,1.0,0.093333333,1.0
O=C1Cc2c([nH]c3ccccc23)-c2cc(Br)ccc2N1,CHEMBL316940,199.99,-8.29471411000712,-8.45435833652171,327.181,4.092000000000001,2.3224441773543028,0.6416609516725437,44.89,1,2,0,True,CHEMBL316940,1.0,CHEMBL1991853,0.6669595782073814,1.0,0.0845070422535211
Cc1nc(C)n(-c2ccc(Nc3cc(-c4nn(C)cc4C)ccn3)cc2)n1,,,-8.793778908,-7.479209431,359.437,3.73166,2.607318769,0.600898233,73.45,7,1,4,True,CHEMBL1630484,0.584821429,CHEMBL1771724,1.0,0.194029851,1.0
C[S+]([O-])c1nc(-c2ccc(F)cc2)c(-c2ccnc(NC(=O)C3CCC3)c2)[nH]1,CHEMBL4449570,428.0,-6.38875392134643,-8.8400953101018,398.4630000000002,3.753800000000001,3.4023731277533944,0.6401666838532952,93.73,4,2,5,False,CHEMBL4449570,1.0,CHEMBL1946330,0.594269050335996,1.0,0.1744186046511628
FC(F)(F)Oc1cccc(-n2ncc3c(NN=Cc4ccncc4)ncnc32)c1,CHEMBL306692,316.23,-8.75003674648817,-8.61538594529572,399.3360000000001,3.5551000000000004,2.632392943499248,0.4077526762866848,90.11,8,1,5,False,CHEMBL306692,1.0,188581,0.603049680275455,1.0,0.1122448979591836
O=C(NC1COC1)c1cc(-n2ncc3nc(Nc4ccccc4Cl)ccc32)cs1,,,-7.172523045,-9.366447435,425.901,4.0076,2.787961075,0.504646757,81.07,7,2,5,True,CHEMBL524059,0.590520493,CHEMBL4853789,1.0,0.175824176,1.0
Cn1c(NCC(=O)c2cccc(C#N)c2)nc(-c2ccncc2)cc1=O,CHEMBL3093034,13.0,-8.8713677280738,-8.80065770792948,345.3620000000001,2.00878,2.492935726469897,0.7100040367175104,100.67000000000002,7,1,5,True,CHEMBL3093034,1.0,CHEMBL3220488,0.5577812018489985,1.0,0.1041666666666666
N#Cc1cc2c(NC(=O)C3CC3)n[nH]c2nc1-c1ccccc1,CHEMBL261881,87.0,-7.41474860348472,-8.19352703431491,303.325,2.8450800000000003,2.447481031715093,0.7774865997377844,94.46,4,2,3,True,CHEMBL261881,1.0,CHEMBL383177,0.6805244643428205,1.0,0.2786885245901639
COc1ccc(Nc2nnc(-c3ccc(C(F)(F)F)cc3)o2)cc1,CHEMBL1630483,53.0,-8.20325280289138,-7.80919487966109,335.285,4.507600000000003,2.0377400438090216,0.7601275887187157,60.18,5,1,4,True,CHEMBL1630483,1.0,CHEMBL3099976,0.5764722299748815,1.0,0.1805555555555555
O=C(O)CCc1ccc(Nc2ncc3nnn(-c4ccccc4)c3n2)cc1,CHEMBL404565,24.0,-9.35969758779134,-8.4662882322487,360.37700000000007,2.971300000000001,2.184147188712412,0.5443081289278936,105.82,7,2,6,True,CHEMBL404565,1.0,CHEMBL1771658,0.6554991991457555,1.0,0.2467532467532467
O=C1Nc2ccccc2C1=Cc1c[nH]nc1-c1ccccc1[N+](=O)[O-],CHEMBL2347053,13.0,-7.05858216722559,-7.81948675076519,332.3190000000001,3.4776000000000016,2.723118543868951,0.435391786991985,100.92,4,2,3,False,CHEMBL2347053,1.0,CHEMBL1771658,0.5129156010230179,1.0,0.0714285714285714
Nc1c(F)c(NCCNc2ccccn2)c2c3c1c(=O)c(C(=O)O)cn3C1(CCC1)CCO2,CHEMBL1940905,36.0,-7.32691513284651,-5.42606733153519,453.4740000000004,3.0017000000000014,3.585483570411771,0.3308970479345222,131.49999999999997,8,4,6,True,CHEMBL1940905,1.0,CHEMBL1923213,0.5147653092943736,1.0,0.1214953271028037
O=C(Cn1c(=O)ccc2cc(OC(F)(F)F)ccc21)Nc1scc(Br)c1-c1nnc[nH]1,,,-7.079926701,-7.043183431,514.283,4.1479,3.147356754,0.417003884,101.9,7,2,5,True,CHEMBL4288850,0.520230676,50659453,1.0,0.161016949,1.0
COC(=O)c1sccc1NC(=O)Cc1cccc2cnccc12,,,-7.523206289,-8.296887847,326.377,3.2641,2.173434179,0.747264066,68.29,5,1,4,True,13899,0.512998713,CHEMBL1288215,1.0,0.113636364,1.0
N#Cc1cccc(Nc2nccc(-c3cnn4ncccc34)n2)c1,CHEMBL495696,10.0,-8.15000230893452,-8.842251299883,313.324,2.8015800000000004,2.5858754908805928,0.6250388767170548,91.79,7,1,3,True,CHEMBL495696,1.0,CHEMBL246543,0.6070559610705596,1.0,0.2117647058823529
O=C(C=Cc1cnc2[nH]cc(-c3ccccc3)c2c1)NCc1ccncc1,CHEMBL4463440,3.59,-9.37173103286165,-7.72955441859313,354.4130000000001,3.954500000000002,2.341504038761098,0.5331268044158284,70.67,3,2,5,False,CHEMBL4463440,1.0,50383511,0.5777022775890273,1.0,0.1648351648351648
Brc1cccc(-n2ncc3c(N=NCc4ccncc4)ncnc32)c1,14651,251.2,-6.85839041035563,-7.86607532791227,394.2360000000001,4.256900000000003,2.925128782954189,0.4846833965464973,81.21,7,0,4,False,14651,1.0,CHEMBL1946336,0.6099344427634896,1.0,0.1176470588235294
O=C(O)CN1CCC(CNC(=O)c2n[nH]c3ccc(-c4ccccc4F)cc23)CC1,CHEMBL3735835,45.0,-9.19023319189191,-8.75135496377457,410.4490000000002,2.8954000000000013,2.341268129339264,0.5804956140312324,98.32,4,3,6,True,CHEMBL3735835,1.0,CHEMBL1761562,0.5652998840518604,1.0,0.1372549019607843
OCCN=c1nc(-c2ccccc2)n(-c2cccc3ccccc23)s1,50932570,300.0,-7.70725938465564,-6.82454147372779,347.44300000000004,3.647000000000003,2.7378034191288254,0.6125674126520119,50.41,5,1,4,False,50932570,1.0,79831,0.5816530912004273,1.0,0.1538461538461538
O=C(Cc1cncc2ccccc12)Nc1sc(Cl)cc1-c1ncn[nH]1,,,-8.070937089,-8.283069764,369.837,3.916,2.76737621,0.570782252,83.56,5,2,4,False,CHEMBL469507,0.560054652,695884,1.0,0.101010101,1.0
COc1sc(-c2ccnc(NC(=O)C3CC3)c2)nc1C(N)=O,CHEMBL3410093,30.0,-8.23045918774231,-8.08362064239552,318.35800000000006,1.6610999999999996,2.654777833857626,0.8715172957352245,107.2,6,2,5,True,CHEMBL3410093,1.0,CHEMBL248832,0.5797707558859975,1.0,0.1388888888888889
CNC(=O)c1sc(-c2ccnc(NC(=O)C3CC3)c2)nc1OCCOCCOCCn1cc(COc2cccc3c2C(=O)N(C2CCC(=O)NC2=O)C3=O)nn1,CHEMBL4794527,46.9,-9.26861142155939,-9.14536968886747,787.8120000000001,1.5971000000000002,4.081711932956988,0.09603643396859,235.16000000000005,16,3,18,True,CHEMBL4794527,1.0,CHEMBL3394122,0.3825536977894671,1.0,0.2330827067669172
O=C1NC(=O)C(c2cccc(Cl)c2)=C1Nc1ccc(Cl)c(C(=O)O)c1,CHEMBL156987,76.0,-8.78906955653707,-9.47102273179752,377.1830000000001,3.1712000000000007,2.3137201324977124,0.7117947723133518,95.5,4,3,4,True,CHEMBL156987,1.0,50383511,0.5666365630241259,1.0,0.1379310344827586
O=C(Cn1c(=O)ccc2cc(C(F)(F)F)c(F)cc21)Nc1scc(Br)c1-c1ncn[nH]1,,,-6.873925313,-7.618887237,516.274,4.4072,3.056564348,0.393558651,92.67,6,2,4,True,CHEMBL4288850,0.489610984,695985,1.0,0.151260504,1.0
O=C1NCCc2[nH]c(-c3ccncc3)cc21,50917057,220.0,-8.31942919839777,-8.02469789424751,213.24000000000004,1.3626,2.539488246215763,0.7511080462384994,57.78,2,2,1,True,50917057,1.0,CHEMBL4462592,0.516872427983539,1.0,0.173076923076923
COc1ccc(-c2ccc(CSc3nnc(-c4ccc5c(c4)OCO5)o3)cc2)c(C#N)c1,CHEMBL2391118,14.0,-7.34786384124041,-8.17289932328732,443.4840000000002,5.304880000000003,2.4364074052437275,0.3706695174234379,90.4,8,0,6,True,CHEMBL2391118,1.0,CHEMBL197698,0.5703151862464184,1.0,0.086021505376344
COC(=O)c1c(C)csc1NC(=O)Cc1cccc2cnccc12,,,-7.519689158,-8.970563784,340.404,3.57252,2.30224027,0.737313149,68.29,5,1,4,True,CHEMBL156987,0.522788896,CHEMBL1681791,1.0,0.108433735,1.0
O=C1NCCc2cc(-c3ccnc(NC(=O)C4CC4)c3)ccc21,CHEMBL3410094,2.4,-9.95078416706094,-8.05675967684771,307.35300000000007,2.383,2.300195717029778,0.9143331695546032,71.09,3,2,3,True,CHEMBL3410094,1.0,695913,0.60557283917219,1.0,0.1395348837209302
N#Cc1ccc(CSc2nnc(-c3ccc4c(c3)OCCO4)o2)cc1,CHEMBL2064519,166.0,-7.33069430779331,-7.40342268470654,351.38700000000017,3.671780000000002,2.298438762164169,0.6633054775877197,81.17,7,0,4,True,CHEMBL2064519,1.0,CHEMBL4851793,0.6036641623830237,1.0,0.0795454545454545
O=C(O)c1ccc(-c2[nH]nc3cc(Nc4ccccc4Cl)ccc23)cc1,,,-6.831619203,-10.59194857,363.804,5.3251,2.133425182,0.457909044,78.01,3,3,4,True,50597772,0.64039604,CHEMBL197698,1.0,0.123595506,1.0
COC(Cn1c(SC=CC(=O)O)nc(-c2ccc(F)cc2)c1-c1ccnc(NC(C)=O)c1)OC,,,-7.01834758,-6.035128903,486.525,4.0189,3.067916801,0.250852846,115.57,8,2,10,False,CHEMBL4792678,0.422570482,CHEMBL3394101,1.0,0.23853211,1.0
O=C(Nc1n[nH]c2nc(-c3ccc(O)cc3)ccc12)C1CC1,CHEMBL405145,8.0,-7.19452201363887,-7.80889441840774,294.31400000000014,2.6790000000000003,2.301683796747197,0.6923200521171139,90.9,4,3,3,True,CHEMBL405145,1.0,CHEMBL571619,0.6725490196078432,1.0,0.203125
FC(F)(F)c1cccc(Nc2nccc(-c3cnn4nc(-c5ccccc5)ccc34)n2)c1,13923,158.0,-8.40885806864169,-8.44073766848558,432.4090000000001,5.615700000000004,2.542412859021246,0.3995211134880526,68.0,6,1,4,True,13923,1.0,CHEMBL4867426,0.585477354879864,1.0,0.145631067961165
Cc1cc(NCCCc2ccc(C)nc2)c2n[nH]c(=O)n2c1.Cl,51195505,309.0,-7.50389772477506,-8.06563779773255,333.82300000000004,2.5009400000000004,2.6967315998969106,0.7034117408019535,75.08,5,2,5,True,51195505,1.0,CHEMBL1682003,0.6283733962542397,1.0,0.1176470588235294
Cn1cc(-c2cnc3c(-c4csc(C(=O)NC5CCCCC5N)c4)cnn3c2)cn1,CHEMBL4568087,23.0,-9.33911766633011,-7.70995701194581,421.5300000000002,2.8580000000000005,3.635406380121914,0.5273865559203794,103.13,8,2,4,True,CHEMBL4568087,1.0,CHEMBL194806,0.5409921129099211,1.0,0.1470588235294117
O=C1NC(=O)C(c2ccc(Cl)cc2)=C1Nc1ccc(Cl)c(C(=O)O)c1,CHEMBL160876,109.0,-9.00772801302775,-9.24731540653515,377.1830000000001,3.1712000000000007,2.2582131090863413,0.7117947723133518,95.5,4,3,4,True,CHEMBL160876,1.0,50383511,0.5815915876931066,1.0,0.1294117647058823
Cc1ccc2c(-c3ccnc(Nc4ccc(C(F)(F)F)cc4)n3)cnn2n1,13920,50.0,-7.28737816464257,-7.66434604760319,370.338,4.257120000000002,2.585565921877981,0.5837072761625595,68.0,6,1,3,True,13920,1.0,50319408,0.6674833265278345,1.0,0.1058823529411764
NC1=NC(=O)C(=C2CCNC(=O)c3[nH]c4c([N+](=O)[O-])cccc4c32)N1,111097,48.0,,,340.29900000000004,0.3652000000000001,3.3205716757370825,0.3336275216848924,155.51,6,4,1,False,,,,,,
O=Nc1c(-c2c(O)[nH]c3ccccc23)[nH]c2ccccc12,CHEMBL126077,22.0,-9.59010201650623,-8.54491711026786,277.283,4.4197000000000015,2.7134933051736585,0.4739050590661312,81.23999999999998,3,3,2,True,CHEMBL126077,1.0,CHEMBL248832,0.6699550017307027,1.0,0.0666666666666666
Cc1ccc2c(-c3ccnc(Nc4ccc5c(c4)OCCO5)n3)c(-c3ccc(F)cc3)nn2n1,13970,16.0,-6.80748156095757,-10.8851871914469,454.4650000000002,4.815620000000003,2.691233861653785,0.4168027811762247,86.46000000000001,8,1,4,True,13970,1.0,CHEMBL4074524,0.6715914378780828,1.0,0.2619047619047619
O=C(NCCN1CCOCC1)c1cc(-n2ncc3cc(Nc4c(Cl)cccc4Cl)ccc32)ccn1,,,-8.222834907,-9.574879439,511.413,4.5329,2.591805013,0.379459241,84.31,7,2,7,True,CHEMBL4632807,0.561273264,CHEMBL2376928,1.0,0.2,1.0
Cc1nc2ccccc2n1CC(=O)NNC(=O)c1ccc[nH]1,CHEMBL3828624,124.0,-7.18862104212412,-7.7180656948432,297.3179999999999,1.13402,2.2877519286153287,0.6328741105722474,91.81,4,3,3,False,CHEMBL3828624,1.0,CHEMBL1822153,0.5592069527430744,1.0,0.1477272727272727
C=CC(=O)Nc1cccc(C(=O)Nc2cccc(Nc3cc(-c4c(-c5ccc(F)cc5)nc(SC)n4C)ccn3)c2)c1,,,-7.592240563,-8.573514641,578.673,7.1305,2.746319274,0.127086689,100.94,7,3,9,False,CHEMBL4561291,0.473167247,CHEMBL4094220,1.0,0.356321839,1.0
C#CCN1CCN(c2c(Cl)cccc2NC(=O)c2ccc(Br)o2)CC1,,,-6.269728039,-6.619535442,422.71,3.703,2.461066187,0.76338043,48.72,4,1,4,False,CHEMBL490842,0.614210147,CHEMBL1233749,1.0,0.133333333,1.0
FC(F)(F)c1nc2ccccc2n1Cc1nnc(SCc2cn(-c3cccnc3)nn2)o1,CHEMBL4648941,150.0,-5.9595287027893,-7.68799993375317,458.42900000000014,3.754400000000003,2.857922040162686,0.3548119656406991,100.34,10,0,6,True,CHEMBL4648941,1.0,CHEMBL4104351,0.5501516875237011,1.0,0.1272727272727272
CC(C)Oc1cc(-c2ccnc(NC(=O)C3CC3)c2)ncc1C(N)=O,CHEMBL3410107,4.4,-8.28754798529179,-9.53816943377257,340.3830000000001,2.3782,2.3852886943706224,0.8392846461601661,107.2,5,2,6,True,CHEMBL3410107,1.0,CHEMBL379254,0.6582089552238806,1.0,0.3188405797101449
Cc1cccc(CN2CCC(CNC(=O)c3cncc(NC(=O)c4ccnc(NC(=O)C5CC5)c4)c3)CC2)c1,CHEMBL4851865,198.0,-8.35583660546881,-7.87624569529833,526.6410000000003,4.027820000000003,2.4975999298515177,0.3877707759409992,116.32000000000002,6,3,9,True,CHEMBL4851865,1.0,CHEMBL2376929,0.4864600326264274,1.0,0.2941176470588235
CNC(=O)c1sc(-c2ccnc(NC(=O)C3CC3)c2)nc1OCC1CCN(Cc2ccc(Br)cc2)CC1,CHEMBL4792741,26.0,-8.84566513422986,-7.92235356790487,584.5400000000002,4.966700000000005,2.745898686274268,0.3690952050820656,96.45,7,2,9,True,CHEMBL4792741,1.0,CHEMBL3355151,0.5558881302029745,1.0,0.1346153846153846
O=C(Cn1c(=O)ccc2cc(Br)ccc21)Nc1scc(Cl)c1-c1nc[nH]n1,,,-7.129304289,-8.279715129,464.732,3.9027,3.127441446,0.478920341,92.67,6,2,4,True,CHEMBL3827219,0.565109958,696084,1.0,0.192771084,1.0
O=C1NC(=O)C(c2cn(CCCn3ccnc3)c3ccc(Cl)cc23)=C1c1coc2ncccc12,310207,240.0,-7.9523421225995,-8.7380161340073,471.9040000000002,4.289900000000002,3.0209251483670725,0.3726559849903406,94.95,7,1,6,True,310207,1.0,CHEMBL1644618,0.6390293225480284,1.0,0.1176470588235294
COc1cccc(-n2ncc3c(NN=Cc4ccc(F)cc4)ncnc32)c1,50597771,7.9,-8.99688645427232,-8.94125336193669,362.3680000000001,3.409200000000001,2.30595303097142,0.434834436381464,77.22,7,1,5,False,50597771,1.0,188581,0.6255275610691904,1.0,0.0927835051546391
O=C(Cc1ccc(C(F)(F)F)c2ncccc12)Nc1scc(Cl)c1-c1ncn[nH]1,,,-7.023688462,-7.730888528,437.834,4.9348,2.934951225,0.473645597,83.56,5,2,4,True,CHEMBL4074586,0.562320835,CHEMBL1822137,1.0,0.102803738,1.0
COc1ccc(C2CN(c3nc(-c4ccncc4)cc(=O)n3C)CCN2)cc1OC,CHEMBL4062791,5.2,-7.85070964859487,-7.89523425698906,407.4740000000002,2.0104,2.9796463344267803,0.6928594332736542,81.51,8,1,5,True,CHEMBL4062791,1.0,CHEMBL572282,0.5990167654103113,1.0,0.1309523809523809
O=C(NCc1ccccc1)c1ccc(O)c2[nH]c(-c3ccccc3)nc12,CHEMBL250714,870.0,-7.13033312982398,-8.98406997664489,343.386,3.8655000000000017,2.020232121042609,0.5263152250054527,78.01,3,3,4,True,CHEMBL250714,1.0,CHEMBL400863,0.5888874729195871,1.0,0.1265822784810126
N#Cc1ccc(NCCNc2nc(-c3ccc(Cl)cc3Cl)cn3nc(C(=O)O)cc23)nc1,CHEMBL3647951,21.0,-7.54547904908889,-8.5081733604368,468.30400000000014,4.191980000000001,2.871735030646148,0.344661763158417,128.23000000000002,8,3,7,True,CHEMBL3647951,1.0,CHEMBL1644634,0.5377819353497557,1.0,0.125
O=C(NC1CCNCC1)c1n[nH]cc1NC(=O)c1c(Cl)cccc1Cl,50391818,200.0,-8.26268217109044,-6.42962118935251,382.2510000000001,2.4506,2.729601615374909,0.6529263890140131,98.91,4,4,4,True,50391818,1.0,CHEMBL1568840,0.5103838892385149,1.0,0.1294117647058823
CNC(=O)c1sc(-c2ccnc(NC(=O)C3CC3)c2)nc1OCCOCCOCCOCCOCCOc1cccc2c1C(=O)N(C1CCC(=O)NC1=O)C2=O,51391791,69.0,-7.71850395466421,-7.89312632045121,794.8400000000003,1.838600000000001,4.017327317572373,0.0976135907538401,222.91,15,3,22,True,51391791,1.0,CHEMBL3356003,0.3499035031288379,1.0,0.1640625
COc1ccc(Nc2ncc(Cl)c(Nc3ccccc3C(N)=O)n2)cc1,,,-8.821209422,-7.601799762,369.812,3.7247,2.051694354,0.611554127,102.16,6,3,6,True,13896,0.678787879,CHEMBL3220494,1.0,0.210526316,1.0
CCNCc1ccc(C=NNc2ncnc3c2cnn3-c2cccc(OC)c2)cc1,CHEMBL66791,3.981,-8.5183807442158,-8.68542090629975,401.4740000000001,3.3796000000000017,2.4215638928780496,0.3475449220949895,89.25000000000001,8,2,8,False,CHEMBL66791,1.0,CHEMBL2425655,0.5935891436593355,1.0,0.1030927835051546
COc1cccc(-n2ncc3c(NN=Cc4ccc(O)cc4)ncnc32)c1,CHEMBL308430,12.59,-9.0132112300255,-8.83871942745649,360.37700000000007,2.9757000000000007,2.3638965558010216,0.4194151945787625,97.45,8,2,5,False,CHEMBL308430,1.0,188581,0.6352096422618285,1.0,0.1041666666666666
O=c1[nH]cc(-c2ccc(N3CCOCC3)cc2)c2sc(-c3cn[nH]c3)cc12,CHEMBL1809110,12.59,-8.66588561637924,-8.40751517802099,378.457,3.4833000000000016,2.728815577222637,0.572360762829118,74.00999999999999,5,2,3,True,CHEMBL1809110,1.0,CHEMBL4865870,0.6182737450343084,1.0,0.125
Cc1ccc(NC(=O)c2cccc(-n3cc(NC(=O)Nc4ccccc4F)cn3)c2)cn1,,,-7.730175406,-8.795675957,430.443,4.61112,2.23773114,0.430331697,100.94,5,3,5,True,CHEMBL4458206,0.628399491,CHEMBL3355149,1.0,0.161290323,1.0
Cc1ncn(-c2ccc(Nc3cc(-c4nocc4-c4c(C)n[nH]c4C)ccn3)cc2)n1,,,-6.957821077,-9.012102108,412.457,4.37626,3.028986781,0.44071109,110.34,8,2,5,True,CHEMBL109981,0.570438328,CHEMBL3100086,1.0,0.116504854,1.0
Nc1c(F)c(NCCCc2ccccc2)c(F)c2c1c(=O)c(C(=O)O)cn2C1CC1,CHEMBL1834114,45.0,-7.96300134925115,-8.33058878186655,413.42400000000026,3.939700000000003,2.6023830225435667,0.4026836862122035,97.35,5,3,7,True,CHEMBL1834114,1.0,CHEMBL3220475,0.5940604990064031,1.0,0.1521739130434782
O=C1NC(=O)C(c2cccc([N+](=O)[O-])c2)=C1Nc1ccc(O)cc1,CHEMBL155680,123.0,-10.1742052504836,-8.21375446520042,325.28000000000003,1.7799999999999996,2.3444394630026477,0.340813504877731,121.57,6,3,4,False,CHEMBL155680,1.0,CHEMBL1991853,0.6674342105263158,1.0,0.0666666666666666
N#Cc1sc(NCCNc2nc(-c3ccc(Cl)cc3Cl)cn3ccnc23)nc1N,CHEMBL3647950,16.0,-8.16711242076069,-8.25606000665052,445.3390000000001,4.137480000000003,3.028747219945692,0.3820838929375569,116.95,9,3,6,True,CHEMBL3647950,1.0,CHEMBL1644634,0.5456017269293039,1.0,0.1176470588235294
COc1cccc(C2=C(c3c(C)n(C)c4ccccc34)C(=O)NC2=O)c1,CHEMBL1080933,220.0,-10.013958115519,-9.08240107817502,346.3860000000001,3.062520000000001,2.3452084146480647,0.7416581865990748,60.33,4,1,3,True,CHEMBL1080933,1.0,CHEMBL1644616,0.6376326886723862,1.0,0.1617647058823529
Cl.NCCON=C1C(=C2C(=O)Nc3ccc([N+](=O)[O-])cc32)Nc2ccc(O)cc21,CHEMBL4763626,5.46,-8.29919484282488,-6.47841927009505,417.80900000000014,2.1904999999999992,3.192700883059687,0.1954064327876111,152.11,8,4,4,False,CHEMBL4763626,1.0,CHEMBL1784084,0.5244412573204255,1.0,0.1170212765957446
O=C(Cn1c(=O)ccc2ccc(C(F)(F)F)cc21)Nc1scc(Br)c1-c1nnc[nH]1,,,-7.388368574,-7.408886151,498.284,4.2681,3.130514692,0.439904994,92.67,6,2,4,True,346055,0.504423824,50659451,1.0,0.121212121,1.0
Cc1ccc(-c2ccc3occ(-c4cccc(S(C)=O)c4)c3c2)o1,50532029,210.0,-8.61194728768536,-8.57824763592926,336.4120000000001,5.405620000000004,2.9615358749093765,0.5025290757267465,43.35,3,0,3,True,CHEMBL573487,1.0,CHEMBL400863,0.5466294982260518,1.0,0.1518987341772152
COc1ccc(OC)c(C2=C(c3cn(C)c4ccccc34)C(=O)NC2=O)c1,CHEMBL1087243,22.0,-7.8698675148625,-9.30726497719825,362.3850000000001,2.7627,2.3182802128501656,0.7248333688797016,69.56,5,1,4,True,CHEMBL1087243,1.0,CHEMBL4531109,0.5866702499328138,1.0,0.1428571428571428
O=[N+]([O-])c1ccccc1-c1ccc(CSc2nnc(-c3ccc4c(c3)OCCO4)o2)cc1,CHEMBL2391129,90.0,-6.25236219741509,-7.06023448860927,447.47200000000026,5.375300000000003,2.3829759813484728,0.2207237316443605,100.52,8,0,6,False,CHEMBL2391129,1.0,CHEMBL1771715,0.5885182474119,1.0,0.08
Cn1c(N2CCNC(c3cccc(Cl)c3)C2)nc(-c2ccncc2)cc1=O,CHEMBL4080891,5.4,-7.87613981209605,-8.53233041389109,381.8670000000001,2.646600000000001,2.983563943999984,0.7552741302117797,63.05,6,1,3,True,CHEMBL4080891,1.0,CHEMBL1644625,0.70067497403946,1.0,0.1785714285714285
Cc1cc(Nc2n[nH]c3ncc(F)cc23)nc(-c2ccccc2Cl)c1,CHEMBL3661031,30.0,-9.04262740499408,-7.24598681012032,353.788,4.864420000000002,2.527314697715104,0.5514148515921171,66.49000000000001,4,2,3,True,CHEMBL3661031,1.0,CHEMBL1761568,0.5433997436793662,1.0,0.2209302325581395
Cn1cc(C2=C(c3coc4ccccc34)C(=O)NC2=O)c2cccc(CCC(=O)O)c21,CHEMBL490842,1.2,-8.43388245548346,-8.79649850238662,414.41700000000026,3.508900000000001,2.747041116189811,0.4868352992564011,101.54,5,2,5,True,CHEMBL490842,1.0,CHEMBL1644618,0.6384341637010675,1.0,0.0967741935483871
N#CC(=C1Nc2ccccc2S1)c1ccnc(NCCc2cccnc2)n1.O=C(O)C(F)(F)F.O=C(O)C(F)(F)F,,,-8.061465775,-10.21179786,600.501,5.20278,3.153878425,0.224972011,161.12,9,4,5,False,CHEMBL191384,1.0,CHEMBL1788116,1.0,1.0,1.0
COc1cc(-c2ccnc(NC(=O)C3CC3)c2)cnc1C(N)=O,CHEMBL3410104,7.0,-9.34525670923233,-9.33049349367933,312.32900000000006,1.5995999999999997,2.288860686435372,0.8716396258011547,107.2,5,2,5,True,CHEMBL3410104,1.0,CHEMBL379254,0.6207662409772349,1.0,0.365079365079365
COc1ccc(Nc2ncc3nc(Nc4ccccc4F)n(C4CCCCC4)c3n2)cc1,,,-6.928432571,-9.736105722,432.503,5.9664,2.418824263,0.391081311,76.89,7,2,6,True,14690,0.620338983,CHEMBL1946337,1.0,0.177777778,1.0
N#Cc1ccccc1-c1ccc(CSc2nnc(-c3ccncc3)o2)cc1,CHEMBL2064536,41.0,-6.72428573942424,-7.5489202269365,370.437,4.962580000000004,2.2302000002995594,0.4620974566523632,75.6,6,0,5,True,CHEMBL2064536,1.0,CHEMBL3393596,0.6852765515450532,1.0,0.0909090909090909
COCCN1CCC(CNC(=O)c2n[nH]c3ccc(-c4cccc(F)c4F)cc23)CC1,CHEMBL3735506,18.0,-9.69126354256825,-8.44922046169923,428.4830000000002,3.596300000000002,2.453145363066529,0.6034391494018698,70.25,4,2,7,True,CHEMBL3735506,1.0,CHEMBL203225,0.6102917076368404,1.0,0.1595744680851064
Cc1ccc2[nH]c3c(c2c1)CC(=O)Nc1ccccc1-3,CHEMBL317964,130.0,-8.94500467434874,-8.13479908966574,262.312,3.637920000000001,2.229620039423269,0.638021587629974,44.89,1,2,0,True,CHEMBL317964,1.0,51238011,0.6646821922605498,1.0,0.1896551724137931
CN1CC=C(c2c(O)cc(O)c3c(=O)cc(-c4ccc(Sc5nc6ccccc6[nH]5)cc4)oc23)CC1,CHEMBL4790926,117.0,-8.8078559213073,-8.05343246126966,497.57600000000025,5.617600000000003,3.004834920114189,0.2962253780280027,102.59,7,3,4,True,CHEMBL4790926,1.0,51195160,0.6067601792324178,1.0,0.1181818181818181
O=C(Nc1cc(-c2ccnc(Nc3ccc(F)cc3)c2)ccn1)C1CCOC1,,,-9.415353356,-10.78237724,378.407,4.0013,2.76750949,0.70179099,76.14,5,2,5,True,CHEMBL1092134,0.662478733,CHEMBL203839,1.0,0.173333333,1.0
O=C(NCCCc1ccc(Cl)nc1)c1ccnc2[nH]c(-c3ccc(F)cc3)nc12,CHEMBL2046466,17.0,-7.5802319799001,-9.17391665213048,409.85200000000015,4.1750000000000025,2.4366808555871597,0.3694669793810602,83.56,4,2,6,False,CHEMBL2046466,1.0,CHEMBL1644625,0.6739508318847778,1.0,0.1494252873563218
NS(=O)(=O)c1ccc(Nc2cc(NC3CCCCC3)nc3ncnn23)cc1,CHEMBL203569,970.0,-7.743829471706,-8.19184931036055,387.4690000000001,2.2599,2.558273299116127,0.6125060597085381,127.3,8,3,5,True,CHEMBL203569,1.0,CHEMBL3220490,0.6354502125466959,1.0,0.1447368421052631
CCNc1ncc2nc(Nc3ccccc3F)n(C3CCCC3)c2n1,,,-6.888312056,-8.373708445,340.406,4.2559,2.490980425,0.726389702,67.66,6,2,5,True,CHEMBL1834110,0.606973059,CHEMBL1946330,1.0,0.185185185,1.0
COc1cccc(-n2ncc3c(N=NCc4ccc(NC(C)=O)cc4)ncnc32)c1,14677,12.6,-8.01185125882389,-8.42892766380338,401.4300000000001,4.066400000000002,2.731493661385405,0.4902864003137729,106.65,8,1,6,False,14677,1.0,CHEMBL246544,0.5945658594211458,1.0,0.1752577319587628
O=C1NC(=O)C(c2cccc([N+](=O)[O-])c2)=C1Nc1ccc(Cl)c(C(=O)O)c1,CHEMBL156379,26.0,-8.93143958182632,-9.38522622030447,387.73500000000007,2.426,2.423752157264218,0.4064217873254926,138.64,6,3,5,False,CHEMBL156379,1.0,50383511,0.5727723401550782,1.0,0.1428571428571428
COc1ccc2[nH]nc(C(=O)NCC3CCN(CCc4ccncc4)CC3)c2c1,CHEMBL3735863,510.0,-8.63275142946761,-7.17190446611349,393.49100000000016,2.6510000000000007,2.33748881292394,0.6448127906628023,83.13999999999999,5,2,7,True,CHEMBL3735863,1.0,CHEMBL245733,0.5978366684694429,1.0,0.1530612244897959
CNC(=O)c1sc(-c2ccnc(NC(=O)C3CC3)c2)nc1OCCOCc1cn(CCNc2c3c(nc4ccc(OC)cc24)CCCC3)nn1,CHEMBL4799661,31.0,-6.62800828353862,-7.01863430763238,697.822,4.648000000000004,3.396380215277337,0.1303867244562881,167.3,13,3,15,True,CHEMBL4799661,1.0,CHEMBL1923211,0.3318914393357984,1.0,0.180327868852459
O=C1Nc2ccccc2NC1=CC(=O)c1ccccc1Cl,,,-8.842409683,-10.17568368,298.729,3.4708,2.271558236,0.659106024,58.2,3,2,2,True,50506652,0.692029609,CHEMBL4782208,1.0,0.180327869,1.0
CCCN1CCN(c2c(Cl)cccc2NC(=O)c2ccc(Br)o2)CC1,,,-7.292584159,-6.431744575,426.742,4.4798,2.218834551,0.765653625,48.72,4,1,5,False,51159564,0.591147421,CHEMBL1784084,1.0,0.130434783,1.0
CC(=O)C1=C(c2cn(C)c3ccccc23)C(=O)NC1=O,CHEMBL1801636,890.0,-8.60804233816762,-7.60813922398144,268.272,1.1772999999999998,2.498407263922907,0.6565278257994066,68.17,4,1,2,True,CHEMBL1801636,1.0,CHEMBL1784093,0.4776483337848821,1.0,0.1388888888888889
CC1CC(=C2NC(N)=NC2=O)c2c([nH]c3ccc(Br)cc23)C(=O)N1,111099,175.0,-9.39352318574213,-9.45378083280909,388.2250000000001,1.6079999999999997,3.76480292427792,0.5138882840488413,112.36999999999998,4,4,0,True,111099,1.0,50383516,0.5232688309611386,1.0,0.0845070422535211
O=C(NC1CCCOC1)c1n[nH]c2ccc(-c3cccc(F)c3F)cc12,CHEMBL4633607,31.0,-10.2829506673303,-8.4546284152088,357.36000000000007,3.416900000000002,2.865392868075327,0.7548092416352361,67.00999999999999,3,2,3,True,CHEMBL4633607,1.0,784801,0.6885623003194888,1.0,0.202127659574468
NC(=O)c1sc(-c2ccnc(NC(=O)C3CC3)c2)nc1OCC1CC1,CHEMBL3410091,0.29,-8.50045629721368,-7.38061203919096,358.4230000000002,2.441300000000001,2.594948159253565,0.790332056945295,107.20000000000002,6,2,7,True,CHEMBL3410091,1.0,696087,0.5653136531365314,1.0,0.1894736842105263
O=C(C=Cc1cnc2[nH]cc(-c3ccccc3)c2c1)NCc1nc2ccccc2[nH]1,51320408,62.0,-9.64316921981515,-8.31361400886284,393.45000000000016,4.435800000000002,2.4689314225394003,0.386022518645374,86.46000000000001,3,3,5,False,51320408,1.0,CHEMBL203009,0.5854260089686099,1.0,0.180722891566265
Nc1nc(Nc2ccc(S(N)(=O)=O)cc2)sc1C(=O)c1ccccc1[N+](=O)[O-],CHEMBL2377825,107.0,-8.57775468041128,-8.32671638693866,419.4440000000001,2.2555000000000005,2.395274877329996,0.3099283431809215,171.30999999999997,9,3,6,False,CHEMBL2377825,1.0,CHEMBL3220489,0.6560742774944422,1.0,0.2207792207792207
CNC(=O)c1ccccc1Nc1cc(Nc2ccc(N3CCOCC3)cc2F)ncc1C(F)(F)F,,,-7.451161786,-8.76372434,489.473,4.9229,2.60131686,0.426821547,78.52,6,3,6,True,50234944,0.575673534,CHEMBL3220473,1.0,0.17,1.0
Cc1nnc(-c2ccc3occ(-c4ccc(S(C)=O)cc4)c3c2)[nH]1,50531959,81.0,-8.41416829882114,-8.3209768830692,337.404,3.930720000000002,3.3569699886217528,0.6146535481593269,71.78,4,1,3,True,CHEMBL576540,1.0,50626377,0.5933919531041834,1.0,0.2125
NC(=O)c1sc(-c2ccnc(NC(=O)C3CC3)c2)nc1OCCC1CCN(Cc2ccccc2)CC1,CHEMBL4796437,19.0,-8.32489651804556,-7.89277598424526,505.6440000000004,4.333600000000004,2.6401991212976217,0.424282112745697,110.44,7,2,10,True,CHEMBL4796437,1.0,CHEMBL1771664,0.5502351021974858,1.0,0.09009009009009
COCCn1cc(C2=C(c3coc4ccccc34)C(=O)NC2=O)c2ccccc21,CHEMBL2386102,19.8,-7.74587201430209,-8.70764880948392,386.4070000000001,3.601100000000001,2.5473989874552903,0.5320727148743645,73.47,5,1,5,True,CHEMBL2386102,1.0,50704570,0.573003081298886,1.0,0.1176470588235294
Brc1cnn2c(NCc3cccnc3)cc(-c3cccs3)nc12,CHEMBL404208,480.0,-7.69192096260873,-6.80152517709017,386.2780000000001,4.227400000000002,2.4864474652815254,0.5705239332989286,55.11,6,1,4,True,CHEMBL404208,1.0,CHEMBL1783492,0.5401505646173149,1.0,0.1444444444444444
Cl.Cn1c(N2CCNC(c3cccc(Br)c3)C2)nc(-c2ccncn2)cc1=O,CHEMBL4088777,2.0,-7.38274391549959,-7.62201770292937,463.7670000000002,2.5725,3.260039924248039,0.6433502462677786,75.94,7,1,3,True,CHEMBL4088777,1.0,CHEMBL372082,0.542107536169294,1.0,0.1262135922330097
Cn1cc(C2=C(c3coc4ncccc34)C(=O)NC2=O)c2cc(Br)ccc21,310199,70.0,-7.63641291028142,-8.42185697934775,422.2380000000001,3.649200000000001,2.8537982895103493,0.5007111002857335,77.13,5,1,2,True,310199,1.0,CHEMBL1644623,0.6558502760199273,1.0,0.1411764705882353
NC(c1ccc(Cl)cc1)C1CCN(c2ncnc3[nH]ccc23)CC1,CHEMBL405384,590.0,-8.67761365345438,-7.2427473354022,341.8460000000001,3.527700000000002,2.9213286221621235,0.7641719843918269,70.83,4,2,3,True,CHEMBL405384,1.0,CHEMBL4851793,0.6172757475083057,1.0,0.1034482758620689
NC1=NONC1N1N=NC(c2n[nH]c(-c3ccncc3)n2)C1CN1CCCCC1,CHEMBL197226,280.0,-7.69537696352189,-7.29108667820189,397.4470000000003,0.5782,4.642429202894826,0.6640508229537664,145.3,11,3,5,True,CHEMBL197226,1.0,784800,0.5659507477791521,1.0,0.1584158415841584
Cc1cccc(NC(=O)c2ccc(Br)o2)c1N1CCC2(CC1)OCCO2,,,-7.124178821,-6.93131726,421.291,3.94612,3.059754099,0.813562763,63.94,5,1,3,False,50840603,0.603064575,CHEMBL1783587,1.0,0.150537634,1.0
N#CCc1cnc(-c2ccc3occc3c2)n1-c1ccnc(NC2CCCN(C(=O)C3CC3)C2)n1,,,-6.854654318,-10.8007343,467.533,3.95448,3.507917586,0.456672871,112.87,8,1,6,True,CHEMBL4851835,0.496458189,784828,1.0,0.201834862,1.0
CCNC(=O)N1CCC(Nc2ncc(C)c(-c3c[nH]c4ccccc34)n2)CC1,,,-8.777484094,-7.832944975,378.48,3.53912,2.478643442,0.648123341,85.94,4,3,4,True,CHEMBL599428,0.612015019,CHEMBL245724,1.0,0.37804878,1.0
CCCC(=O)Nc1n[nH]c2cc(-c3ccc(O)cc3)c(Br)cc12,CHEMBL1093747,5.0,-7.27244526777588,-8.42940951460949,374.23800000000006,4.436600000000003,2.4061163410211712,0.632006297798277,78.01,3,3,4,True,CHEMBL1093747,1.0,CHEMBL379254,0.6001622060016221,1.0,0.2285714285714285
CN(C)CCNC(=O)c1ccc(C=NNc2ncnc3c2cnn3-c2ccccc2)cc1,50597763,20.0,-8.18880382044745,-8.89604906298909,428.50000000000017,2.5529,2.3997602535621905,0.3304828084920053,100.33,8,2,8,False,50597763,1.0,CHEMBL1761584,0.6052897233999597,1.0,0.1509433962264151
O=C1NC(=O)C(c2cccc3ccsc23)=C1c1cn2c3c(cccc13)CNCC2,51159560,45.0,-8.24208488643524,-7.31995887840167,399.4750000000002,3.526400000000001,2.946929717901316,0.5071229712364681,63.13,5,2,2,True,51159560,1.0,696081,0.5210370707300431,1.0,0.12
O=C(Nc1cnn(-c2csc(C(=O)NC3COC3)c2)c1)Nc1ccc(F)cc1Cl,,,-7.926825301,-7.973946827,435.868,3.4989,2.728977867,0.571018791,97.28,6,3,5,True,1216148,0.605087477,CHEMBL4754908,1.0,0.147058824,1.0
COC(=O)c1coc(CN2CCC(CNC(=O)c3n[nH]c4ccc(OC)cc34)CC2)n1,CHEMBL3735500,210.0,-8.68619883181647,-6.10839560025109,427.4610000000002,1.9881,2.583440782254081,0.5490391591582527,122.58,8,2,7,True,CHEMBL3735500,1.0,CHEMBL1360489,0.4347866766467065,1.0,0.14
O=c1[nH]nc(-c2ccnc(NC3CCOCC3)c2)n1-c1ccc2cccc(F)c2c1,,,-9.900074437,-11.77756688,405.433,3.5058,2.665555152,0.542845109,84.83,6,2,4,True,CHEMBL2386106,0.648171343,CHEMBL1644635,1.0,0.153846154,1.0
Cc1cc(C)cc(Nc2nccc(-c3cnn4ncccc34)n2)c1,51236884,1.0,-8.93672198381786,-9.41040775214669,316.36800000000005,3.5467400000000007,2.55393082596804,0.6258446787041012,68.0,6,1,3,True,51236884,1.0,CHEMBL246543,0.6712233226391408,1.0,0.2435897435897435
Cn1cc(C2=C(c3cccc(N)c3)C(=O)NC2=O)c2ccccc21,CHEMBL54547,1.8,-10.3608224838373,-9.36958115196589,317.348,2.3277,2.361493663718525,0.5623662286703123,77.12,4,2,2,True,CHEMBL54547,1.0,CHEMBL1784665,0.6682777509263734,1.0,0.1311475409836065
Cc1c[nH]c(-c2cnc(NCCNc3ccc(C#N)cn3)nc2-c2ccc(Cl)cc2Cl)n1,1121063,2.0,-7.37675442592417,-6.81273586657623,465.3480000000001,4.939600000000002,3.040886324335736,0.331308710882763,115.2,7,3,7,True,1121063,1.0,CHEMBL2376931,0.4730455724342349,1.0,0.1509433962264151
CNC(=O)c1sc(-c2ccnc(NC(=O)C3CC3)c2)nc1OCC1CCN(Cc2ccc(Cl)cc2)CC1,CHEMBL4791089,45.0,-8.46581264519094,-7.8368450055133,540.0890000000002,4.857600000000005,2.7108613858388537,0.4030406668282135,96.45,7,2,9,True,CHEMBL4791089,1.0,CHEMBL3355151,0.568321513002364,1.0,0.1346153846153846
COc1ccc(CC(=O)Nc2scc(C)c2-c2nc(C)n[nH]2)cc1,,,-7.238588593,-7.900937432,342.424,3.33984,2.686151356,0.745118317,79.9,5,2,5,True,51195509,0.582663353,CHEMBL1682006,1.0,0.156626506,1.0
Nc1nc(NCCNc2ncc(-c3ncc[nH]3)c(-c3ccc(Cl)cc3Cl)n2)ccc1[N+](=O)[O-],CHEMBL1080901,0.56,-6.63192040326061,-7.42277682303133,486.32300000000015,4.249900000000001,2.925271487296646,0.162108010209476,160.57,9,4,8,False,CHEMBL1080901,1.0,CHEMBL1761577,0.4534978677071046,1.0,0.1401869158878504
Cn1cc(C2=C(c3cn(CCN4CCOCC4)c4ccccc34)C(=O)NC2=O)c2ncccc21,CHEMBL549286,900.0,-8.09771583274074,-6.54170292264991,455.5180000000001,2.4274000000000004,2.805946127388051,0.4677329118549685,81.39,7,1,5,True,CHEMBL549286,1.0,CHEMBL437747,0.5086417518776581,1.0,0.1287128712871287
COc1cccc(-n2ncc3c(NN=Cc4ccncc4)ncnc32)c1,50597849,6.3,-8.98830411990978,-9.18490182081995,345.3660000000001,2.6651000000000007,2.434284434518606,0.4416870132778589,90.11,8,1,5,False,50597849,1.0,188581,0.6603948588843249,1.0,0.1157894736842105
Cc1cccc(-n2ncc3c(N=NCc4ccncc4)ncnc32)c1,14639,158.5,-7.16118909766799,-8.30053681499066,329.3670000000001,3.8028200000000014,2.857406121831527,0.53322086667748,81.21,7,0,4,False,14639,1.0,CHEMBL571619,0.6586907449209932,1.0,0.0897435897435897
Cc1nc(-c2cccs2)c(-c2ccnc(NC(=O)C3CC3)c2)[nH]1,CHEMBL4576003,69.0,-8.3043815317211,-8.51518891062555,324.40900000000005,3.8571200000000023,2.516816696050757,0.7653763185729322,70.67,4,2,4,True,CHEMBL4576003,1.0,CHEMBL1761573,0.6153084323712508,1.0,0.1794871794871795
Cc1ccc(CCCNc2cc(Cl)cn3c(=O)[nH]nc23)cn1.Cl,51195504,342.0,-8.59710107364213,-7.98614710439973,354.24100000000004,2.845920000000001,2.701396022973835,0.6912151473181858,75.08,5,2,5,True,51195504,1.0,CHEMBL1923184,0.638706725636724,1.0,0.125
CCCC1=C(c2nnc(C)o2)C(c2cccc(C#N)c2Br)c2c[nH]nc2N1,CHEMBL270265,0.7,-6.52903467261597,-6.21147979258567,425.29,4.504100000000003,4.05245820358655,0.6379415464575334,103.42,6,2,4,True,CHEMBL270265,1.0,CHEMBL1761572,0.5177017522946716,1.0,0.1030927835051546
O=C1NC(=O)C(c2cccc(Cl)c2)=C1Nc1cccc(C(=O)O)c1,CHEMBL345364,134.0,-8.89022104026616,-8.27765601911736,342.73800000000006,2.5178,2.2305414147822127,0.7419716040342892,95.5,4,3,4,True,CHEMBL345364,1.0,CHEMBL1083185,0.6603018170619033,1.0,0.1506849315068493
O=C1OC(Nc2ncc3nnn(-c4ccccc4)c3n2)c2ccccc21,CHEMBL253956,23.0,-7.89278904971399,-7.86083539784029,344.33400000000006,2.4916,2.9775105823610417,0.5705215805815759,94.82,8,1,3,True,CHEMBL253956,1.0,CHEMBL1771660,0.6455261274158912,1.0,0.1125
O=C(CN1C(=O)CCc2cnccc21)Nc1scc(Br)c1-c1ncn[nH]1,,,-7.339458658,-8.341306469,433.291,2.6086,3.015211028,0.658563645,103.87,6,2,4,True,CHEMBL3828624,0.617521973,695866,1.0,0.146067416,1.0
COc1ccc(CSc2nnc(-c3ccc4ncsc4c3)o2)cc1C(F)(F)F,CHEMBL499006,3.1,-8.23390427415933,-7.82356169407438,423.4410000000001,5.666000000000003,2.5660865831242017,0.3858161298398307,61.040000000000006,7,0,5,True,CHEMBL499006,1.0,CHEMBL4851793,0.6179957568950456,1.0,0.1134020618556701
O=C1NC(=O)C(c2cccc([N+](=O)[O-])c2)=C1Nc1cccc(O)c1,CHEMBL158559,236.0,-10.1502561741526,-8.37563597003776,325.28000000000003,1.7799999999999994,2.406730622589329,0.4473552169743278,121.57,6,3,4,False,CHEMBL158559,1.0,CHEMBL571619,0.6085441599757613,1.0,0.1791044776119403
CC1COc2c(NCCCn3ccnc3)c(F)c(N)c3c(=O)c(C#N)cn1c23,CHEMBL1940986,1.0,-9.10125906259604,-7.60874791030999,382.39900000000017,2.24658,3.625061345864397,0.5171612450490406,110.89,8,2,5,True,CHEMBL1940986,1.0,695720,0.5284656329553343,1.0,0.1071428571428571
CC(C)C(=O)Nc1n[nH]c2ncc(-c3ccccc3)cc12,CHEMBL261596,19.0,-9.5893331519582,-9.80283911594911,280.331,3.219400000000001,2.193805158893708,0.7734873303110772,70.67,3,2,3,True,CHEMBL261596,1.0,CHEMBL400863,0.5751967960226487,1.0,0.16
O=C(Cn1c(=O)ccc2nc(C(F)(F)F)ccc21)Nc1scc(Cl)c1-c1ncn[nH]1,,,-7.410712985,-7.197288415,454.821,3.554,2.976604802,0.490282472,105.56,7,2,4,True,CHEMBL4288850,0.517747279,696072,1.0,0.142857143,1.0
N#Cc1ccc(-c2nnc(Nc3ccc(Cl)cc3)o2)cc1,CHEMBL1630477,719.0,-7.923396193173,-8.19308737890208,296.71700000000004,4.005280000000002,2.050110455236709,0.7902134518565789,74.74000000000001,5,1,3,True,CHEMBL1630477,1.0,CHEMBL3577865,0.6078219199257999,1.0,0.0833333333333333
Clc1ccc(-c2nn3ncccc3c2-c2ccnc(Nc3ccc4c(c3)OCCO4)n2)cc1,13955,796.0,-7.06707670013818,-9.82667501760473,456.89300000000026,5.021500000000003,2.626575739275669,0.405913890034965,86.46000000000001,8,1,4,True,13955,1.0,CHEMBL3310142,0.6714269393350851,1.0,0.202127659574468
CCOC(=O)C=CSc1nc(-c2ccc(F)cc2)c(-c2ccnc(Nc3ccccc3)c2)[nH]1,,,-6.409408362,-10.12965606,460.534,6.1903,2.689583834,0.18539344,79.9,6,2,8,True,CHEMBL1272270,0.467259499,CHEMBL3394126,1.0,0.345238095,1.0
O=C(Nc1cc(-c2[nH]c(-c3ccco3)nc2-c2ccc(F)cc2)ccn1)C1CC1,CHEMBL4476843,156.0,-5.83945988805557,-9.04708257341599,388.4020000000001,4.886300000000003,2.4468973391036446,0.5100098078494925,83.81,4,2,5,True,CHEMBL4476843,1.0,CHEMBL1946333,0.6373285629099583,1.0,0.1818181818181818
CCNC(=O)N1CCC(Nc2ncc(C#N)c(-c3c[nH]c4cc(F)ccc34)n2)CC1,,,-8.551704201,-7.810981674,407.453,3.24148,2.707964194,0.61504463,109.73,5,3,4,True,CHEMBL2022419,0.549583565,CHEMBL248370,1.0,0.112244898,1.0
C=CC(=O)Nc1cccc(C(=O)Nc2ccc(Nc3cc(-c4c(-c5ccc(F)cc5)nc(SC)n4C)ccn3)c(C)c2)c1,,,-8.149500263,-8.704416985,592.7,7.43892,2.79796164,0.121513239,100.94,7,3,9,False,CHEMBL4288850,0.47334706,CHEMBL4092555,1.0,0.185483871,1.0
C=CCn1cc(C2=C(c3nnc4ccccn34)C(=O)NC2=O)c2ccccc21,CHEMBL3398200,73.6,-7.53903712267746,-8.69618169222197,369.38400000000007,2.4372,2.8001186557737743,0.4425100430400341,81.28999999999999,6,1,4,True,CHEMBL3398200,1.0,CHEMBL1644623,0.6917262231995602,1.0,0.1176470588235294
O=C(C=Cc1cnc2[nH]cc(-c3ccccc3)c2c1)NCCc1ccccn1,CHEMBL3938724,19.0,-9.36977412154363,-8.21029038511717,368.44000000000017,3.9970000000000026,2.3737623176005678,0.5055232315906649,70.67,3,2,6,False,CHEMBL3938724,1.0,CHEMBL2376922,0.6465286236297199,1.0,0.1888888888888888
Cc1ccc(-c2ccnc(Nc3ccc(S(N)(=O)=O)cc3)n2)s1,CHEMBL569998,200.0,-8.12949030952729,-8.03756693082666,346.43700000000007,2.90452,2.202366991908745,0.7567335301267737,97.96999999999998,6,2,4,True,CHEMBL569998,1.0,CHEMBL4851793,0.624390243902439,1.0,0.15
COc1ccc(C2CN(c3nc(-c4ccncc4)cc(=O)n3C)CCN2)cc1.Cl,CHEMBL4078436,4.7,-8.09433994721833,-8.05291489268693,413.90900000000016,2.4236,2.9980771856863644,0.7078329807430769,72.28,7,1,4,True,CHEMBL4078436,1.0,50383511,0.6153749212350347,1.0,0.1263157894736842
Cc1ncn(-c2ccc(Nc3cc(-c4nocc4-c4cnn(C)c4)ccn3)cc2)n1,,,-8.445946019,-10.5658232,398.43,3.76982,2.892696585,0.480936647,99.48,9,1,5,True,CHEMBL1834328,0.598955439,CHEMBL3100084,1.0,0.111111111,1.0
O=[N+]([O-])c1ccc(NCCNc2ncc(-c3ncc[nH]3)c(-c3ccc(Cl)cc3Cl)n2)nc1,CHEMBL461262,10.0,-8.15498446070064,-7.51157929840985,471.3080000000001,4.667700000000003,2.814143514971187,0.1918025973782803,134.55,8,3,8,False,CHEMBL461262,1.0,CHEMBL568116,0.4526788861473387,1.0,0.1226415094339622
O=C(Nc1n[nH]c2nc(-c3ccc(O)c(Cl)c3)ccc12)C1CC1,CHEMBL259838,7.0,-7.43637193871226,-7.89742109586028,328.7590000000001,3.3324000000000007,2.4352039149856672,0.6874186817919911,90.9,4,3,3,True,CHEMBL259838,1.0,CHEMBL1771658,0.5951400329489291,1.0,0.1219512195121951
CS(=O)(=O)Nc1ccc(-c2cnc3cccc(Nc4ncc([N+](=O)[O-])s4)c3c2)cc1,,,-7.431756051,-8.197597597,441.494,4.3816,2.511607245,0.335602121,127.12,8,2,6,False,13923,0.56932956,CHEMBL248792,1.0,0.14893617,1.0
O=C1NC(=O)C(c2cn(CCCO)c3ncccc23)=C1c1ncc(C(F)(F)F)cc1Cl,CHEMBL111620,26.0,-8.71029064201635,-6.63477305175998,450.8040000000001,3.0531000000000006,2.9029654209548106,0.5822883236851621,97.11,6,2,5,True,CHEMBL111620,1.0,50383517,0.4753692234397332,1.0,0.1485148514851485
O=C(C=Cc1cnc2[nH]cc(-c3ccccc3)c2c1)NCCc1ccccc1,CHEMBL3961252,248.0,-8.98399238532259,-8.45920478212641,367.45200000000017,4.602000000000003,2.2037966086107623,0.4893452862316608,57.78,2,2,6,False,CHEMBL3961252,1.0,CHEMBL4851793,0.6002224419179436,1.0,0.1764705882352941
CC1COc2c(NCCNc3ccccn3)c(F)c(N)c3c(=O)c(C(=O)O)cn1c23,CHEMBL1834323,44.0,-7.76209044511396,-7.66556062190483,413.4090000000002,2.2934,3.374879850910297,0.3575674098046743,131.5,8,4,6,True,CHEMBL1834323,1.0,CHEMBL1681998,0.5910838740687334,1.0,0.1276595744680851
CNC(=O)c1sc(-c2ccnc(NC(=O)C3CC3)c2)nc1OCC1CCN(Cc2cccc(Br)c2)CC1,CHEMBL4785551,49.0,-7.38388956918334,-7.56232550226449,584.5400000000002,4.966700000000005,2.778539034605183,0.3690952050820656,96.45,7,2,9,True,CHEMBL4785551,1.0,CHEMBL4092482,0.5222388412186098,1.0,0.2454545454545454
NC(=O)c1cnc(-c2ccnc(NC(=O)C3CC3)c2)cn1,CHEMBL3410109,30.0,-9.16706046592637,-7.66410693869322,283.291,0.986,2.3379002045260417,0.8686499221838144,110.86,5,2,4,True,CHEMBL3410109,1.0,CHEMBL248643,0.6550203527815468,1.0,0.15625
COc1ccccc1CCNc1cc(-c2ccncn2)cc(=O)n1C,CHEMBL1682842,17.4,-6.97206428587378,-8.42649563355873,336.3950000000001,2.5055,2.498307005407412,0.7489196918660888,69.03999999999999,6,1,6,True,CHEMBL1682842,1.0,CHEMBL1923199,0.6402362402613722,1.0,0.188235294117647
c1cncc(-c2ncn(-c3ccc(Nc4nccc(-c5cccc(N6CCOCC6)c5)n4)cc3)n2)c1,,,-9.390913378,-8.517316557,476.544,4.3665,2.579093007,0.386255487,93.88,9,1,6,True,13912,0.573296703,CHEMBL571023,1.0,0.270588235,1.0
O=C(Nc1n[nH]c2nc(-c3ccccc3)c(Cl)cc12)C1CC1,CHEMBL261883,234.0,-7.33974682479942,-7.60493583108985,312.76000000000016,3.626800000000001,2.318213467076866,0.7755450719540525,70.67,3,2,3,True,CHEMBL261883,1.0,CHEMBL507249,0.5878552971576227,1.0,0.1780821917808219
Cc1nc(-c2ccoc2)c(-c2cnc3[nH]nc(C)c3n2)cc1OCC(N)Cc1c[nH]c2ccccc12,CHEMBL594523,280.0,-8.34602996809224,-8.22550149456493,479.5440000000002,4.721840000000003,3.628172707855188,0.3017431209083362,131.53,7,3,7,True,CHEMBL594523,1.0,696033,0.5218518187505585,1.0,0.112
N=C1NC(=O)C(=Cc2ccc(-c3ccc(S(N)(=O)=O)cc3)o2)S1,CHEMBL233149,250.0,-7.66198346559034,-8.40976778300459,349.3930000000001,1.7326700000000002,2.7518219845122958,0.7275009579097264,126.25,6,3,3,True,CHEMBL233149,1.0,CHEMBL3577856,0.58840190816935,1.0,0.1126760563380281
O=[N+]([O-])c1ccc(-c2nnc(Nc3ccc(Cl)cc3)o2)cc1,CHEMBL1630478,811.0,-8.04944583154897,-7.20252730339529,316.704,4.041800000000001,2.028905774769175,0.5762676182290466,94.09,6,1,4,False,CHEMBL1630478,1.0,CHEMBL571619,0.6277131173324946,1.0,0.1904761904761904
O=C1NC(=O)C(c2ccc(Cl)cc2)=C1Nc1ccc(O)cc1,CHEMBL156808,317.0,-9.56614667521774,-8.62339345838463,314.728,2.5252,2.169442463886508,0.6006887091877312,78.43,4,3,3,True,CHEMBL156808,1.0,CHEMBL248643,0.6861559139784946,1.0,0.175438596491228
COc1ccc2c(c1)c(C1=C(c3nnc4ccccn34)C(=O)NC1=O)cn2C,CHEMBL3398199,941.8,-7.08235030338655,-10.1509932179901,373.3720000000001,1.7967999999999993,2.708409467739587,0.5531833490664728,90.52,7,1,3,True,CHEMBL3398199,1.0,CHEMBL1784651,0.6517753389283409,1.0,0.1477272727272727
COc1cccc(-n2ncc3c(NN=Cc4ccccc4)ncnc32)c1,CHEMBL66170,10.0,-8.50041221859449,-9.22043641656091,344.3780000000001,3.270100000000001,2.248276642310813,0.4440334501167784,77.22,7,1,5,False,CHEMBL66170,1.0,CHEMBL197698,0.6701865057597367,1.0,0.1428571428571428
O=C1NC(=O)C(c2cn3c4c(cc(Br)cc24)CNCC3)=C1c1coc2ccccc12,CHEMBL2386089,11.5,-7.92005169454675,-7.30535291051435,462.3030000000003,3.820400000000002,3.0493376932156444,0.444523088323734,76.27000000000001,5,2,2,True,CHEMBL2386089,1.0,CHEMBL1784651,0.6316812439261419,1.0,0.0947368421052631
CSc1ccccc1C1C2=C(CC(C)(C)CC2=O)Nc2n[nH]c(C)c21,580601,100.0,-8.32434857753825,-4.69034148567333,353.491,4.640620000000003,3.477705735667429,0.772316455924094,57.78,4,2,2,True,580601,1.0,CHEMBL3394094,0.441240955930717,1.0,0.1098901098901098
COc1cccc(C=NNc2ncnc3c2cnn3-c2cccc(OC)c2)c1,CHEMBL305477,25.12,-8.36861321892677,-8.90603958912473,374.4040000000001,3.278700000000001,2.329807919897185,0.4116919671429789,86.45,8,1,6,False,CHEMBL305477,1.0,CHEMBL485323,0.6259417378201908,1.0,0.1041666666666666
CCCC(=O)Nc1n[nH]c2ncc(-c3ccc(-c4ccccc4)cc3)cc12,CHEMBL261052,851.0,-7.48351447188252,-8.79228115817787,356.42900000000003,5.030500000000003,2.162804832334613,0.5266909660400095,70.67,3,2,5,True,CHEMBL261052,1.0,CHEMBL4783382,0.6316829238177553,1.0,0.1494252873563218
CC(=O)Nc1cccc(-n2ncc3c(NN=Cc4ccncc4)ncnc32)c1,CHEMBL291425,158.49,-8.00704058927236,-8.87093301327931,372.39200000000005,2.6149000000000004,2.489673585938462,0.4115619692276779,109.98,8,2,5,False,CHEMBL291425,1.0,188581,0.6579654510556622,1.0,0.101010101010101
O=C(Nc1cc(-c2[nH]c(CO)nc2-c2ccc(F)cc2)ccn1)C1CC1,CHEMBL4451444,91.0,-6.79732637508077,-9.52202289317978,352.3690000000001,3.1186000000000016,2.4195436266777985,0.6579161784721893,90.9,4,3,5,True,CHEMBL4451444,1.0,CHEMBL4074524,0.7101936525013448,1.0,0.3768115942028985
CSc1ccc(-c2nnc(Nc3ccc(Cl)cc3)o2)cc1,CHEMBL1630474,855.0,-7.89981850199624,-8.00441505502872,317.80100000000004,4.855500000000002,2.069011590167353,0.6966101920115513,50.95,5,1,4,True,CHEMBL1630474,1.0,CHEMBL1946335,0.6322446143154969,1.0,0.1830985915492957
Cc1ccc(-c2ccc3occ(-c4ccc(S(C)=O)cc4)c3c2)o1,50531967,34.0,-8.94632014627868,-7.94230883580886,336.4120000000001,5.405620000000004,2.897323834775598,0.5025290757267465,43.35,3,0,3,True,CHEMBL574588,1.0,CHEMBL250409,0.6104959075589793,1.0,0.108433734939759
CCNC(=O)N1CCC(Nc2nccc(-c3c(-c4ccccc4)[nH]c4ccccc34)n2)CC1,,,-8.653229047,-7.857081497,440.551,4.8977,2.475043583,0.412102642,85.94,4,3,5,True,CHEMBL256987,0.530825166,CHEMBL245936,1.0,0.204819277,1.0
Cc1nn(-c2ccccc2Cl)c2c1c1c(c3cccn32)C(=O)NC1=O,CHEMBL3110143,940.0,-9.7436625596553,-8.77485177958799,350.76500000000004,3.1236200000000016,2.7983097410520497,0.5361923038867489,68.4,5,1,1,True,CHEMBL3110143,1.0,CHEMBL234838,0.6241952388082048,1.0,0.1012658227848101
O=C(Cc1ccnc2ccccc12)Nc1scc(Br)c1-c1nnc[nH]1,,,-7.331163323,-8.353349007,414.288,4.0251,2.943279266,0.528425777,83.56,5,2,4,True,CHEMBL3828624,0.666025451,695842,1.0,0.189873418,1.0
FC(F)(F)c1cc(Br)cc(Nc2nccc(-c3cnn4ncccc34)n2)c1,13902,10.0,-7.63886393057532,-8.55894485350323,435.2070000000001,4.7112000000000025,2.756815871927932,0.5050642640022348,68.0,6,1,3,True,13902,1.0,CHEMBL246543,0.660952630201518,1.0,0.2045454545454545
O=c1sn(-c2cccc3ccccc23)c(=O)n1Cc1ccccc1,CHEMBL3545157,5.0,-7.72653108651757,-8.62678949360214,334.40000000000003,3.2622000000000018,2.2785545622317773,0.5771029549850707,44.0,5,0,3,True,CHEMBL3545157,1.0,CHEMBL4531109,0.6876122082585279,1.0,0.2241379310344827
CC1CN(c2ccc(Cl)cc2)CCN1c1nc(-c2ccncn2)cc(=O)n1C,CHEMBL4077048,1.2,-6.83387423780109,-8.93073125617058,396.88200000000006,2.6057999999999995,3.0045873463512525,0.6775585290274728,67.15,7,0,3,True,CHEMBL4077048,1.0,CHEMBL1644625,0.6455633715907689,1.0,0.180722891566265
COc1cccc(-c2c[nH]c3c(N=NCc4ccncc4)ncnc23)c1,14380,5.01,-7.66518489919825,-7.93436616252002,344.37800000000004,4.312400000000004,2.946273845108017,0.5463044924105322,88.41,6,1,5,False,14380,1.0,CHEMBL571619,0.6408050167711827,1.0,0.1282051282051282
CN(C)CCCn1cnc(-c2c(Cl)csc2NC(=O)Cn2c(=O)ccc3cc(C(F)(F)F)ccc32)n1,,,-7.572497462,-8.322057075,538.983,4.5841,3.053260033,0.354745884,85.05,8,1,8,True,CHEMBL4288850,0.534698816,696033,1.0,0.141732283,1.0
Cc1cnc(Nc2ccnn2C)nc1-c1cc2n(c1)C(=O)N(C(CO)c1cccc(Cl)c1)C2,51452262,64.0,-7.90513598496476,-9.80132390895042,463.9290000000002,3.901320000000003,3.7452262767102766,0.4494203197429959,101.1,8,2,6,True,51452262,1.0,CHEMBL4783382,0.6303692959946446,1.0,0.1682242990654205
NC(=O)c1cnc(-c2ccnc(NC(=O)C3CC3)c2)s1,CHEMBL3410087,13.0,-8.91129983621216,-8.56963308803194,288.332,1.6525,2.403167169017811,0.8933407371093341,97.97,5,2,4,True,CHEMBL3410087,1.0,CHEMBL485323,0.5986075589656152,1.0,0.1927710843373494
CCOc1cc(C=C2SC(=NCc3ccccc3)NC2=O)ccc1O,CHEMBL3950215,51.7,-9.19332698396919,-9.53149645160932,354.43100000000004,3.5510000000000024,2.690407005407412,0.8057466900692545,70.92,5,2,5,True,CHEMBL3950215,1.0,CHEMBL3099968,0.5918582824964805,1.0,0.0851063829787234
O=C1NC(=O)C(c2ccc(Cl)cc2)=C1Nc1cc(Cl)c(O)c(Cl)c1,CHEMBL347134,91.0,-8.01337155154974,-8.05691151477404,383.61800000000005,3.8320000000000007,2.415146090703306,0.5558324975173015,78.43,4,3,3,True,CHEMBL347134,1.0,50383511,0.568599348534202,1.0,0.0963855421686747
CC(=O)N1CCC(Nc2ncc3c(n2)-c2c(c(C(N)=O)nn2C)CC3)CC1,CHEMBL599224,28.0,-9.44208309121978,-8.71502532990263,369.4290000000002,0.4973999999999998,2.7654308201376168,0.8129684626051044,119.03,7,2,3,True,CHEMBL599224,1.0,CHEMBL246543,0.6016096579476862,1.0,0.3086419753086419
O=C(Nc1n[nH]c2nc(-c3ccc(O)c(Br)c3)ccc12)C1CC1,CHEMBL260416,5.0,-7.48783596648718,-8.60967209416603,373.21000000000015,3.4415000000000004,2.5100711339205795,0.6560527907285337,90.9,4,3,3,True,CHEMBL260416,1.0,222129,0.518683901292597,1.0,0.0909090909090909
Cn1ccc(-c2nc(Nc3ccc(-n4cnc(N5CCOCC5)n4)cc3)ncc2Cl)n1,,,-8.868687502,-7.572935789,437.895,2.6914,2.8570846,0.508474672,98.81,10,1,5,True,CHEMBL3891139,0.623332947,CHEMBL1771659,1.0,0.193548387,1.0
COc1ccc(C2=C(Nc3ccccc3)C(=O)NC2=O)cc1,CHEMBL156807,390.0,-9.72350336200961,-7.28740053512523,294.31000000000006,2.1747999999999994,2.008648631912031,0.8481414738850179,67.43,4,2,4,True,CHEMBL156807,1.0,CHEMBL248643,0.63221586263287,1.0,0.0967741935483871
COc1cccc(OC)c1C(=O)Nc1c[nH]nc1C(=O)NCCCN(C)C,50234947,470.0,-7.88988212766384,-5.60547115484413,375.4290000000002,1.3607,2.573897654145714,0.5712717106118832,108.58,6,3,9,True,50234947,1.0,696099,0.5637948601834031,1.0,0.1443298969072164
Cc1[nH]nc2c1C(c1ccccc1)C1=C(CC(C)(C)CC1=O)N2,338299,201.0,-7.07013408824924,-6.29553345955225,307.39700000000005,3.918720000000002,3.209100595372483,0.8392909328030402,57.78,3,2,1,True,338299,1.0,CHEMBL3577865,0.5240168539325842,1.0,0.131578947368421
Cl.O=c1[nH]nc2c(NCCCc3ccnc(Cl)c3)cc(Cl)cn12,51195518,199.0,-8.55157421140012,-8.48787038876464,374.6590000000001,3.190900000000001,2.785104676819989,0.5310898405743235,75.08,5,2,5,False,51195518,1.0,CHEMBL1682021,0.6201093815734119,1.0,0.1195652173913043
Fc1ccc(-c2nn3ncccc3c2-c2ccnc(Nc3cccc(C(F)(F)F)c3)n2)cc1,13932,20.0,-7.01269820778123,-10.9806678263278,450.3990000000001,5.754800000000003,2.585860640539819,0.3530690829174023,68.0,6,1,4,True,13932,1.0,784802,0.6710495963091119,1.0,0.1649484536082474
Cc1ccc(-n2cc(CSc3nc(-c4ccccc4)cc(=O)n3C)nn2)cc1C,346056,82.0,-8.54826174030844,-8.97204658021342,403.51100000000014,3.937140000000003,2.42616594098369,0.3730300554291387,65.6,7,0,5,True,346056,1.0,CHEMBL1761568,0.5614035087719298,1.0,0.1612903225806451
OC1CCC(Nc2ncc3nnn(C45CC6CC(CC(O)(C6)C4)C5)c3n2)CC1,CHEMBL254155,744.0,-8.48583358633094,-5.54175032956866,384.48400000000026,1.9768999999999992,4.974603696976158,0.7422117864839282,108.98000000000002,8,3,3,True,CHEMBL254155,1.0,CHEMBL248983,0.5065294378043381,1.0,0.1123595505617977
NC1=C2C(=O)c3ccccc3C3=NSC(=CC1)C32,,,-8.060811849,-8.126189547,254.314,2.4504,3.966029148,0.723439715,55.45,4,1,0,True,CHEMBL260135,0.61976724,50383520,1.0,0.160714286,1.0
CN(C)Cc1cncc(-c2ccc3[nH]nc(C(=O)NCC4CCOCC4)c3c2)c1,1216148,23.0,-9.88449158859915,-8.34830780243331,393.4910000000002,2.842900000000001,2.5994638226201268,0.6728798991454159,83.14,5,2,6,True,1216148,1.0,CHEMBL391656,0.5791031685122245,1.0,0.1683168316831683
Nc1ccc(-c2cnc3ccc4ccncc4c3c2)cc1,,,-8.290399902,-8.238870763,271.323,4.0322,2.096841883,0.419788911,51.8,3,1,1,True,CHEMBL1630460,0.697478992,CHEMBL248832,1.0,0.111111111,1.0
COc1cccc(OC)c1C(=O)Nc1c[nH]nc1C(=O)NC1CCN(C(=O)OC(C)(C)C)CC1,50234943,140.0,-8.26676004225512,-5.53293961206651,473.5300000000004,2.8085000000000004,2.711333792914015,0.5870667302554338,134.88,7,3,6,True,50234943,1.0,51422453,0.4963639753869103,1.0,0.1262135922330097
O=C1NC(=O)C(n2ccc3ncccc32)=C1c1cn(CCCCn2ccnc2)c2ccccc12,CHEMBL557647,850.0,-8.64708561744887,-7.50472389705752,450.5020000000002,3.6926000000000014,2.947933246269171,0.3026589904543786,86.74,7,1,7,True,CHEMBL557647,1.0,695949,0.5261690261690262,1.0,0.1212121212121212
COC(=O)c1csc(CN2CCC(CNC(=O)c3n[nH]c4ccc(OC)cc34)CC2)n1,CHEMBL3735579,130.0,-7.72820998665503,-6.04489293605201,443.52900000000017,2.4566,2.5419303241728386,0.5399473760299547,109.44,8,2,7,True,CHEMBL3735579,1.0,CHEMBL3220489,0.4958806501892674,1.0,0.1030927835051546
CC(C)(C)CN1CCC(NC(=O)c2csc(NC(=O)c3ccc4cc5n(c4c3)C3(CCC3)CNC5=O)n2)CC1,CHEMBL257834,920.0,-8.50345157583393,-6.70756478623115,548.7130000000002,4.213000000000003,3.558451951819828,0.4427057874497674,108.36,7,3,5,True,CHEMBL257834,1.0,CHEMBL2376926,0.5001186990583208,1.0,0.2166666666666666
CCC(=O)Nc1cccc(C(=O)Nc2ccc(Nc3cc(-c4c(-c5ccc(F)cc5)nc(SC)n4C)ccn3)cc2)c1C,,,-7.804625463,-9.017412589,594.716,7.66292,2.681254452,0.151528904,100.94,7,3,9,True,CHEMBL304533,0.454931906,CHEMBL4066691,1.0,0.158333333,1.0
CC(C)n1cc(C2=C(c3nn(CCCN4CCOCC4)c4ncccc34)C(=O)NC2=O)c2ccccc21,CHEMBL3099835,380.0,-9.05718366402091,-5.99505849585298,498.5870000000002,3.256400000000001,2.8962793313918027,0.3933178139589526,94.28,8,1,7,True,CHEMBL3099835,1.0,784823,0.4459482321096261,1.0,0.1271186440677966
COc1cccc(-n2ncc3c(N=NCc4ccncc4)ncnc32)c1,14379,6.3,-6.88634331885106,-8.09354851750424,345.36600000000004,3.503000000000001,2.8372866323208044,0.5163299940030018,90.44,8,0,5,False,14379,1.0,CHEMBL2376924,0.6380393227744402,1.0,0.1951219512195122
CC(C)n1c(=O)ccc2cnc(NC3CCC(O)CC3)nc21,,,-9.652238913,-9.392785372,302.378,2.0878,2.599664796,0.907201535,80.04,6,2,3,True,CHEMBL256517,0.692425872,CHEMBL3577855,1.0,0.396825397,1.0
COc1ccc2c(C3=C(c4cn(C)c5cc(Cl)c(F)cc45)C(=O)NC3=O)coc2c1,CHEMBL521774,870.0,-8.00270288420563,-8.50363794192472,424.81500000000017,4.292800000000002,2.7491042525184106,0.4977438218615546,73.47,5,1,3,True,CHEMBL521774,1.0,CHEMBL3220495,0.5987226076423302,1.0,0.1530612244897959
O=C(Nc1cncc(OCC2CCN(Cc3ccc(F)cc3)CC2)c1)c1ccnc(NC(=O)C2CC2)c1,CHEMBL4873612,31.0,-7.8293198814768,-8.14165062799625,503.57800000000026,4.507500000000004,2.460596513275341,0.4462082307148451,96.45,6,2,9,True,CHEMBL4873612,1.0,CHEMBL3355169,0.5621141975308642,1.0,0.1979166666666666
CS(=O)(=O)c1ccc(-c2nnc(Nc3ccc(Cl)cc3)o2)cc1,CHEMBL1630475,671.0,-7.09526958772932,-6.34212239441861,349.7990000000001,3.537100000000001,2.033205335104011,0.7750337484470396,85.09,6,1,4,True,CHEMBL1630475,1.0,50659452,0.4882794186591654,1.0,0.0760869565217391
O=C(NCCN1CCOCC1)c1ccnc(-n2ncc3cc(Nc4ccccc4Cl)ccc32)c1,,,-7.370771405,-8.990987873,476.968,3.8795,2.4748614,0.420891735,84.31,7,2,7,True,50721056,0.555302166,CHEMBL2376930,1.0,0.171171171,1.0
O=C(Cc1cccc2cnccc12)Nc1scc(Br)c1-c1ncn[nH]1,,,-6.921798862,-8.559254841,414.288,4.0251,2.788380636,0.528425777,83.56,5,2,4,True,CHEMBL3828624,0.638548951,CHEMBL1682016,1.0,0.152941176,1.0
COc1ccccc1C1=C(Nc2ccc(O)c(Cl)c2)C(=O)NC1=O,CHEMBL157089,139.0,-8.74892610239184,-7.80889513062848,344.7540000000001,2.5338000000000003,2.3219983608212478,0.5857467217632272,87.66,5,3,4,True,CHEMBL157089,1.0,CHEMBL1946330,0.5223485850304153,1.0,0.108433734939759
Cl.O=c1[nH]nc2c(NCCCc3cccc(OCCN4CCOCC4)c3)cc(Cl)cn12,51195506,247.0,-8.14187531090359,-7.85796806300004,468.3850000000003,2.8535000000000013,2.672955388995655,0.4703144509074373,83.89,7,2,9,True,51195506,1.0,696033,0.5725559830324554,1.0,0.125
COCCN1CCC(CNC(=O)c2n[nH]c3ccc(-c4ccc(C)nc4)cc23)CC1,607832,60.0,-9.62983467665101,-8.25590930812585,407.51800000000026,3.021520000000001,2.4496973749132565,0.6290661632224436,83.14,5,2,7,True,607832,1.0,CHEMBL1761562,0.5889499260511304,1.0,0.1386138613861386
COc1cccc(-n2ncc3c(N=NCc4ccccc4)ncnc32)c1,14658,10.0,-6.91970103190539,-8.66715116689218,344.37800000000004,4.108000000000003,2.656277841112013,0.5105133908170133,77.55,7,0,5,False,14658,1.0,CHEMBL2376924,0.6367841110053054,1.0,0.2151898734177215
Cn1cc(-c2ccc3cnc(Nc4ccc(-n5cnc(N6CCOCC6)n5)cc4)nc3c2)cn1,,,-10.25022428,-7.648524621,453.51,3.1912,2.763099143,0.433249657,98.81,10,1,5,True,CHEMBL3891139,0.610771793,CHEMBL1761554,1.0,0.212765957,1.0
Cc1ccc(NC(=O)c2cccc(-n3cc(NC(=O)Nc4ccccc4Cl)cn3)c2)c(C)n1,,,-8.297059507,-8.132436827,460.925,5.43384,2.325389818,0.369109057,100.94,5,3,5,True,50943622,0.609878924,CHEMBL3355162,1.0,0.208791209,1.0
O=C(Cn1c(=O)ccc2ccc(OC(F)(F)F)cc21)Nc1scc(Br)c1-c1ncn[nH]1,,,-7.291967957,-8.516545213,514.283,4.1479,2.981239513,0.417003884,101.9,7,2,5,True,CHEMBL471833,0.538684319,CHEMBL1822150,1.0,0.111111111,1.0
Cc1ccc(-c2cccc3cnc(Nc4ccc(-n5cnc(C)n5)cc4)nc23)cn1,,,-9.056957481,-9.170594796,393.454,4.63294,2.553936271,0.479275035,81.41,7,1,4,True,CHEMBL257188,0.656842645,CHEMBL1761571,1.0,0.25,1.0
COc1ccccc1C1C2=C(CC3(CCCCC3)CC2=O)Nc2n[nH]c(C)c21,580689,550.0,-5.79409486425431,-4.83091671473486,377.488,4.851620000000003,3.8540290711167646,0.7848872711665168,67.00999999999999,4,2,2,True,580689,1.0,696081,0.4135763000852515,1.0,0.1188118811881188
O=C(Nc1cnn(-c2csc(C(=O)NC3CC3)c2)c1)Nc1ccccc1Cl,,,-8.084144501,-7.901697776,401.879,4.1234,2.462423265,0.600364234,88.05,5,3,5,True,1216148,0.607738729,CHEMBL4793809,1.0,0.144329897,1.0
Nc1c(F)c(NCCNc2ccccn2)cc2c1c(=O)c(C(=O)O)cn2C1CC1,CHEMBL1834315,13.0,-8.22159763004871,-7.53191919103651,397.41000000000025,2.674900000000001,2.7471230411793446,0.3570493929999275,122.26999999999998,7,4,7,True,CHEMBL1834315,1.0,CHEMBL1923211,0.4817580541924472,1.0,0.1505376344086021
Cc1nc(-c2ccc(F)c(F)c2)c(-c2ccnc(NC(=O)C3CC3)c2)[nH]1,CHEMBL4474740,59.0,-6.52077090938594,-9.76366217884034,354.36000000000007,4.073820000000002,2.4409536201275177,0.7417648917855507,70.67,3,2,4,True,CHEMBL4474740,1.0,CHEMBL1644630,0.713127147766323,1.0,0.4225352112676056
O=C(Nc1cc(-c2[nH]c(CCc3ccccc3)nc2-c2ccc(F)cc2)ccn1)C1CC1,CHEMBL4473730,133.0,-6.47716183334029,-7.08557687991521,426.4950000000001,5.411500000000004,2.3426634793686425,0.4150027804192726,70.67,3,2,7,True,CHEMBL4473730,1.0,CHEMBL245936,0.5213649851632047,1.0,0.3023255813953488
Cc1cnc(-c2cnc(NCCNc3ccc(C#N)cn3)nc2-c2ccc(Cl)cc2Cl)[nH]1,CHEMBL412142,4.9,-7.37675442592417,-6.81273586657623,465.34800000000007,4.939600000000002,2.849198364469516,0.331308710882763,115.2,7,3,7,True,1121063,1.0,CHEMBL2376931,0.4730455724342349,1.0,0.1509433962264151
Cc1cccc(Nc2cc(-c3noc(-c4ccc(NS(=O)(=O)c5ccc(C(C)(C)C)cc5)cc4)n3)ccn2)c1,CHEMBL4751438,940.0,-7.35339113707141,-7.51607774184041,539.6610000000002,6.948920000000006,2.461589950641539,0.2302402606019156,110.01,7,2,7,True,CHEMBL4751438,1.0,CHEMBL204757,0.4574912891986062,1.0,0.2911392405063291
CNC(=O)c1sc(-c2ccnc(NC(=O)C3CC3)c2)nc1OCC1CCN(Cc2ccccc2)CC1,CHEMBL4748792,16.0,-8.97438712474976,-7.33729168241927,505.6440000000004,4.204200000000004,2.654661695262119,0.4524491478332046,96.45,7,2,9,True,CHEMBL4748792,1.0,CHEMBL494072,0.5533414794623555,1.0,0.2019230769230769
CNC(=O)CN1CCCC(Nc2ncc(Cl)c(-c3c[nH]c4ccccc34)n2)C1,,,-8.52692157,-8.045642636,398.898,2.9006,2.955799504,0.614875982,85.94,5,3,5,True,13903,0.62628009,CHEMBL392615,1.0,0.129032258,1.0
CS(=O)(=O)Nc1ccc(-c2c(-c3cccnc3)oc3ncnc(N)c23)cc1,CHEMBL404488,475.0,-8.45274828927596,-6.60683677892442,381.41700000000014,2.9055,2.521819668131726,0.5567335640104792,124.0,7,2,4,True,CHEMBL404488,1.0,CHEMBL4747276,0.6530133055048265,1.0,0.1566265060240964
Cc1csc(NC(=O)Cc2cccc3ncccc23)c1-c1nnc[nH]1,,,-6.51835646,-8.762334848,349.419,3.57102,2.87452837,0.589834843,83.56,5,2,4,True,CHEMBL2064536,0.567697161,50626379,1.0,0.103448276,1.0
NC(=O)c1sc(-c2ccnc(NC(=O)C3CC3)c2)nc1OCC1CCN(Cc2ccccc2)CC1,CHEMBL4753478,94.0,-8.78883024676843,-7.84923336692201,491.6170000000004,3.943500000000003,2.600396012522761,0.4690777156087249,110.44,7,2,9,True,CHEMBL4753478,1.0,CHEMBL2376931,0.5746833049725846,1.0,0.1636363636363636
CN(C)CC=CC(=O)Nc1cccc(C(=O)Nc2ccc(Nc3nccc(-c4cccnc4)n3)cc2)c1,,,-7.817887424,-8.472323709,493.571,4.5908,2.482171927,0.29242007,112.14,7,3,9,False,CHEMBL2046466,0.552618601,CHEMBL3393607,1.0,0.175257732,1.0
O=[N+]([O-])c1ccc2[nH]c3c(c2c1)CC(S)=Nc1ccccc1-3,CHEMBL120497,599.79,-8.90917033823775,-8.45197942192618,309.35,4.259000000000002,2.890466214329616,0.4003642034385158,71.28999999999999,3,2,1,False,CHEMBL120497,1.0,CHEMBL1761572,0.5452930728241563,1.0,0.108433734939759
CC1(NC(=O)c2cc(-n3cc(NC(=O)Nc4ccccc4Cl)cn3)cs2)COC1,,,-7.572201007,-7.686165033,431.905,3.7499,2.823726085,0.572689309,97.28,6,3,5,True,CHEMBL3950215,0.640313745,CHEMBL4758113,1.0,0.12371134,1.0
COc1ccc2[nH]nc(C(=O)NCC3CCN(Cc4ccc(C(=O)[O-])nc4)CC3)c2c1,335744,320.0,-9.84309543155423,-8.04964615696697,422.4650000000002,0.9719999999999992,2.7129334356680843,0.5815039896995792,123.27,7,2,7,False,CHEMBL3735621,1.0,CHEMBL1923204,0.5404347378180694,1.0,0.1470588235294117
CNC(=O)c1ccccc1Nc1cc(Nc2ccc(N3CCOCC3)cc2OC)ncc1Cl,,,-6.288191301,-8.164909755,467.957,4.427,2.450719264,0.473495733,87.75,7,3,7,True,14683,0.522873778,CHEMBL3220466,1.0,0.206185567,1.0
O=C(Cn1c(=O)ccc2c(C(F)(F)F)cccc21)Nc1scc(Br)c1-c1nnc[nH]1,,,-7.151127105,-8.090174982,498.284,4.2681,3.138660846,0.439904994,92.67,6,2,4,True,CHEMBL1809122,0.56606233,50659452,1.0,0.152173913,1.0
CCCC(=O)Nc1n[nH]c2cc(-c3ccc(O)cc3)ccc12,CHEMBL1082237,44.0,-7.60347051136951,-8.21429324312097,295.34200000000004,3.674100000000001,2.127837642901042,0.686816356337204,78.01,3,3,4,True,CHEMBL1082237,1.0,CHEMBL3220501,0.6299167384438702,1.0,0.1216216216216216
Cc1nc(C)n(-c2ccc(Nc3cc(-c4ccn(C)n4)c(Cl)cn3)cc2)n1,,,-8.677923953,-7.534809582,379.855,4.07664,2.611839448,0.578047261,73.45,7,1,4,True,CHEMBL569998,0.618471761,CHEMBL1771663,1.0,0.208333333,1.0
Cc1nc(-c2ccc(O)cc2)c(-c2ccnc(NC(=O)C3CC3)c2)[nH]1,CHEMBL4453072,893.0,-8.28469946394029,-9.12998381616067,334.3790000000001,3.501220000000001,2.379672254594844,0.6808484205772253,90.9,4,3,4,True,CHEMBL4453072,1.0,CHEMBL4074524,0.6820615796519411,1.0,0.323943661971831
NC(=O)c1ccccc1Nc1cc(Oc2ccc(OC(F)(F)F)cc2)ncc1C(F)(F)F,,,-7.460100756,-8.093777986,457.33,5.6338,2.492814714,0.468587106,86.47,5,2,6,True,CHEMBL2048675,0.538645245,CHEMBL1923191,1.0,0.136842105,1.0
COc1ccc(C2=C(Nc3ccc(SC)cc3)C(=O)NC2=O)cc1,CHEMBL160598,243.0,-9.62769756265868,-7.80397903036524,340.40400000000005,2.8967,2.236935292677801,0.6470312798642409,67.43,5,2,5,True,CHEMBL160598,1.0,CHEMBL248833,0.6118915850716617,1.0,0.1617647058823529
Cc1nc(C)n(-c2ccc(Nc3cc(-c4nn(C)cc4-c4cccnc4)ccn3)cc2)n1,,,-7.234927902,-10.65553083,422.496,4.48524,2.642572661,0.449239144,86.34,8,1,5,True,CHEMBL3735835,0.551668977,CHEMBL1771719,1.0,0.106796117,1.0
CC(CC(F)(F)F)NC(=O)OC1CCC(c2cc(NC(=O)Cc3cnn(C(C)C)c3)n[nH]2)C1,1038755,17.9,-8.11597016439876,-7.99539089511711,470.4960000000002,4.071500000000002,4.035336282756702,0.5382024884953612,113.93,6,3,8,True,1038755,1.0,CHEMBL2376929,0.5595149253731344,1.0,0.1491228070175438
Cn1cc(C2=C(c3nnc4ccccn34)C(=O)NC2=O)c2ccc(Cl)cc21,50374912,159.0,-7.17260897544336,-9.80378843723667,377.7910000000001,2.4416,2.755100387412448,0.5439268887460755,81.28999999999999,6,1,2,True,50374912,1.0,CHEMBL1644629,0.6964435732287875,1.0,0.1428571428571428
Cc1ccc(NC(=O)c2cccc(-n3cc(NC(=O)Nc4cccc(F)c4)cn3)c2)cn1,,,-7.913043744,-8.237264164,430.443,4.61112,2.247531809,0.430331697,100.94,5,3,5,True,CHEMBL4458206,0.618932874,CHEMBL3355150,1.0,0.177777778,1.0
COc1ccc(-c2ccnc(NC3COC4C(NC(=O)Nc5ccc(C(C)=O)cc5)COC34)n2)cc1,CHEMBL4758751,412.0,-10.1418090484228,-8.44949323052205,489.53200000000027,3.123200000000001,3.6607309616208674,0.4327405182545142,123.7,8,3,7,True,CHEMBL4758751,1.0,CHEMBL1771713,0.5457494513882264,1.0,0.1122448979591836
OC1CCC(c2n[nH]cc2-c2ccnc(NC3CCCC3)n2)CC1,,,-8.516802723,-9.582063113,327.432,3.2397,2.880523595,0.802307189,86.72,5,3,4,True,CHEMBL495696,0.608410549,CHEMBL507249,1.0,0.22972973,1.0
CCOc1cccc(-n2ncc3c(NN=Cc4ccncc4)ncnc32)c1,CHEMBL66510,100.0,-8.15703679804151,-9.15615979059506,359.39300000000003,3.055200000000001,2.468132307991868,0.4202740593369553,90.11,8,1,6,False,CHEMBL66510,1.0,188581,0.6397077672391694,1.0,0.125
CSc1ccc(-c2coc3ccc(-c4ccc(C)o4)cc23)cc1,CHEMBL572973,66.0,-8.31311343933288,-7.52608604340066,320.413,6.390120000000004,2.2496927006431804,0.4090395153623289,26.28,3,0,3,True,CHEMBL572973,1.0,CHEMBL246544,0.6158252297855336,1.0,0.0919540229885057
COC(=N)c1nc2ccc3ncnc(Nc4ccc(OC)cc4F)c3c2s1,CHEMBL3894571,143.0,-7.48524972830218,-9.35703065030021,383.4080000000001,4.102570000000002,2.847423664135724,0.4070360254427781,93.01,8,2,4,False,CHEMBL3894571,1.0,CHEMBL250017,0.5985588666340986,1.0,0.125
Nc1c(F)c(NCCc2ccccc2)c(F)c2c1c(=O)c(C(=O)O)cn2C1CC1,CHEMBL1834113,440.0,-8.10571809415518,-8.36839198476985,399.3970000000002,3.5496000000000016,2.579769729213534,0.5509883390520646,97.35,5,3,6,True,CHEMBL1834113,1.0,CHEMBL1681996,0.6192548969402125,1.0,0.1477272727272727
COc1cc(OC)c(C(=O)Nc2c[nH]nc2C(=O)NC2CCC(OC)CC2)c(OC)c1,50234869,90.0,-7.93163399180861,-6.81748658125406,432.4770000000003,2.3752000000000004,2.77963314657322,0.5849845437071985,123.8,7,3,8,True,50234869,1.0,695961,0.521720748335271,1.0,0.099009900990099
CNCCCn1cc(C2=C(c3coc4ccccc34)C(=O)NC2=O)c2cc(Br)ccc21,CHEMBL2386100,404.0,-9.40893406920362,-7.29656721351855,478.3460000000002,4.326700000000002,2.7426139888227947,0.3197550648683111,76.27000000000001,5,2,6,True,CHEMBL2386100,1.0,CHEMBL1644618,0.6433639641735489,1.0,0.09375
COc1ccc(CSc2nnc(-c3ccc4occc4c3)o2)cc1C(F)(F)F,CHEMBL471430,4.9,-7.86359290451023,-7.84978318940349,406.3850000000001,5.802500000000003,2.51005985235497,0.3903541768827857,61.290000000000006,6,0,5,True,CHEMBL471430,1.0,50319408,0.5775786985193481,1.0,0.075268817204301
O=C(Cn1c(=O)ccc2cc(OC(F)(F)F)ccc21)Nc1scc(Br)c1-c1ncn[nH]1,,,-7.092693795,-6.889138904,514.283,4.1479,2.958087788,0.417003884,101.9,7,2,5,True,CHEMBL4288850,0.519598737,CHEMBL1822149,1.0,0.161016949,1.0
Cn1cnc(NC(=O)c2cccc(-n3cc(NC(=O)Nc4ccccc4Cl)cn3)c2)n1,,,-7.43805692,-7.427553842,436.863,3.5505,2.464422978,0.441731424,118.76,7,3,5,True,CHEMBL4228654,0.596830171,CHEMBL3355173,1.0,0.163043478,1.0
CS(=O)(=O)Nc1ccc(CCNC(=O)c2ccc(O)c3[nH]c(-c4ccncc4)nc23)cc1,CHEMBL1957951,110.0,-8.66651380330021,-10.5215307940194,451.50800000000015,2.6745,2.466330296918338,0.3409296361164333,137.07000000000002,6,4,7,True,CHEMBL1957951,1.0,CHEMBL1761568,0.6221908587558354,1.0,0.1313131313131313
O=C(Cc1cccc2ncccc12)Nc1scc(Cl)c1-c1ncn[nH]1,,,-7.584681242,-8.647452412,369.837,3.916,2.693259455,0.570782252,83.56,5,2,4,True,CHEMBL3828624,0.687792365,CHEMBL1682020,1.0,0.170731707,1.0
CNC(=O)c1sc(-c2ccnc(NC(=O)C3CC3)c2)nc1OCCc1cn(CCNc2c3c(nc4ccc(OC)cc24)CCCC3)nn1,51376204,37.0,-8.27056729570499,-7.71158785223058,667.7959999999999,4.673900000000003,3.321959225219734,0.1611274676887807,158.07,12,3,13,True,51376204,1.0,CHEMBL4085536,0.4863051597731359,1.0,0.2540983606557377
N#Cc1csc(NC(=O)Cc2cccc3ncccc23)c1-c1cnccn1,,,-6.499141559,-7.689121826,371.425,3.80618,2.644253128,0.588919196,91.56,6,1,4,True,CHEMBL1347394,0.514698093,695949,1.0,0.217391304,1.0
CC#CC(=O)NCCCN1CCC(CNC(=O)c2n[nH]c3ccc(OC)cc23)CC1,CHEMBL3735772,530.0,-7.26734249420475,-5.69165237246352,411.50600000000014,1.5428999999999995,2.706444336852682,0.4520939146030064,99.35,5,3,8,True,CHEMBL3735772,1.0,CHEMBL1771668,0.5444630872483222,1.0,0.0961538461538461
COc1cncc(-c2ccc3[nH]nc(C(=O)NCC4CCN(CC(=O)O)CC4)c3c2)c1,CHEMBL3736455,18.0,-9.77276609732089,-8.32888891804519,423.4730000000003,2.1598999999999995,2.5067626491512307,0.5324882590157097,120.44,6,3,7,True,CHEMBL3736455,1.0,CHEMBL1761562,0.5735370543602536,1.0,0.145631067961165
Cn1cc(C2=C(C(=O)CBr)C(=O)NC2=O)c2ccccc21,CHEMBL1801637,5.0,-7.12933604357741,-8.21463720694567,347.16800000000006,1.5523,2.684897201334026,0.5204895470753224,68.17,4,1,3,False,CHEMBL1801637,1.0,CHEMBL1991853,0.5999672774869109,1.0,0.0821917808219178
O=C(Nc1cnn(-c2ccc(C(=O)NC3CNC3)s2)c1)Nc1ccccc1Cl,,,-7.559525922,-8.468512218,416.894,2.9328,2.620408506,0.513419568,100.08,6,4,5,True,1216148,0.655292563,CHEMBL4744126,1.0,0.12,1.0
COc1ccc(Oc2cc(Nc3c(F)cccc3C(N)=O)c(C(F)(F)F)cn2)cc1,,,-7.812997824,-7.465117003,421.35,4.8829,2.428133347,0.554141515,86.47,5,2,6,True,50840603,0.505415561,CHEMBL1923212,1.0,0.099009901,1.0
CSc1nc(-c2ccnc(NC(C)=O)c2)c(-c2ccc(F)cc2)[nH]1,51286650,152.0,-7.68263157361181,-9.88886788497904,342.399,3.9581000000000017,2.3847409487863978,0.704230066516671,70.67,4,2,4,True,51286650,1.0,CHEMBL4074524,0.7572458645553514,1.0,0.5964912280701754
O=C(Cn1c(=O)ccc2nc(C(F)(F)F)ccc21)Nc1scc(Br)c1-c1ncn[nH]1,,,-7.188456842,-7.215556505,499.272,3.6631,2.98770645,0.446149456,105.56,7,2,4,True,CHEMBL4288850,0.518920449,CHEMBL1822142,1.0,0.144067797,1.0
COC1CCC(NC(=O)c2n[nH]cc2NC(=O)c2cc3ccccn3n2)CC1,50234926,5.0,-8.34141414224636,-6.86562252631398,382.42400000000015,1.9971,2.996510108765227,0.6245429546695825,113.40999999999998,6,3,5,True,50234926,1.0,CHEMBL1784093,0.4592138150420359,1.0,0.1904761904761904
CN(C)CC(=O)N1CCC(Nc2ncc(Cl)c(-c3c[nH]c4ccccc34)n2)CC1,,,-8.413580056,-7.623207342,412.925,3.2428,2.543144254,0.672276637,77.15,5,2,5,True,CHEMBL599428,0.612846264,CHEMBL245732,1.0,0.380952381,1.0
O=C(Nc1cncc(OCC2CCN(Cc3ccccc3Cl)CC2)c1)c1ccnc(NC(=O)C2CC2)c1,CHEMBL4867249,79.0,-7.82961768420885,-8.32553618975412,520.0330000000002,5.021800000000004,2.4901806973155995,0.4117612061127413,96.45,6,2,9,True,CHEMBL4867249,1.0,CHEMBL2376929,0.5583565945568737,1.0,0.25
O=C(Nc1cc(-c2ccc3ncccc3c2)ccn1)C1CC1,CHEMBL3410101,7.5,-9.4290489358856,-8.01527231697352,289.3380000000001,3.6453000000000015,2.001368789879063,0.8004650509684468,54.88,3,1,3,True,CHEMBL3410101,1.0,50626377,0.5790855090482111,1.0,0.2105263157894736
Ic1cccc(CSc2nnc(-c3ccncc3)o2)c1,CHEMBL288064,390.0,-5.83080215025621,-7.65272596029084,395.2250000000001,4.028500000000003,2.2781987158608,0.4933833747171099,51.81,5,0,4,False,CHEMBL288064,1.0,CHEMBL4800639,0.6319087403598972,1.0,0.1111111111111111
Cc1nc2ccccc2n1Cc1nnc(Nc2ccc([N+](=O)[O-])cc2)s1,CHEMBL3827727,107.0,-7.23519595907659,-7.03918943973489,366.40600000000006,3.896320000000002,2.291027643309816,0.4247796469463594,98.77,8,1,5,False,CHEMBL3827727,1.0,695881,0.5090846366145354,1.0,0.1458333333333333
O=C(Cc1cccc2ncc(C(F)(F)F)cc12)Nc1scc(Br)c1-c1nnc[nH]1,,,-7.258079488,-7.406921572,482.285,5.0439,3.097545597,0.42698513,83.56,5,2,4,True,346055,0.491448365,50659438,1.0,0.089108911,1.0
CC(=O)OCn1c2c(c3cc(Br)ccc31)CC(=O)Nc1ccccc1-2,CHEMBL332678,74.99,-7.56414579500882,-8.14275749899844,399.2440000000002,4.086000000000002,2.5964191668375314,0.6609019907464747,60.33,4,1,2,True,CHEMBL332678,1.0,CHEMBL1761573,0.5571897570584373,1.0,0.1058823529411764
Cn1c(N2CCNC(c3ccccc3Br)C2)nc(-c2ccncc2)cc1=O,CHEMBL4095172,13.0,-7.77199857441807,-7.93107747980146,426.31800000000015,2.755700000000001,3.0607704528757225,0.6981815513503737,63.05,6,1,3,True,CHEMBL4095172,1.0,CHEMBL4795574,0.5740856322556485,1.0,0.1149425287356321
CCC1CCN1C(=O)OC1CCC(c2cc(NC(=O)Cc3cc(C)no3)n[nH]2)C1,1039018,16.4,-7.77773639447394,-8.43568723424168,401.4670000000002,3.1443200000000013,3.891232138429453,0.7686731180328767,113.35,6,2,6,True,1039018,1.0,CHEMBL203009,0.5273513513513514,1.0,0.2235294117647059
CC(=O)Nc1cc(-c2c(-c3ccc(F)cc3)nc(SC=CC(=O)O)n2C2CC2)ccn1,,,-6.906426601,-8.210974632,438.484,4.7349,2.848625189,0.408708324,97.11,6,2,7,True,CHEMBL3647951,0.453993056,CHEMBL3394102,1.0,0.142857143,1.0
O=c1[nH]nc(-c2ccnc(NC3CC3)c2)n1-c1ccc2ccccc2c1,,,-10.25601798,-11.46077525,343.39,3.3501,2.392409449,0.595743474,75.6,5,2,4,True,CHEMBL346829,0.696808511,CHEMBL1644623,1.0,0.155844156,1.0
C=CCOc1ccc2c(C3=C(c4cn(C)c5ccc(Br)cc45)C(=O)NC3=O)coc2c1,50457154,48.0,-6.68149263415668,-8.71835923676861,477.31400000000014,4.819000000000003,2.8252577245814194,0.3306388918068544,73.47,5,1,5,True,50457154,1.0,50704570,0.6153846153846154,1.0,0.1413043478260869
Cc1[nH]nc2c1C(c1cccc(Cl)c1)C1=C(CC(C)(C)CC1=O)N2,580567,550.0,-7.74067706036025,-6.03056495790914,341.8420000000001,4.572120000000004,3.300392591327288,0.7982518970220529,57.78,3,2,1,True,580567,1.0,CHEMBL1784093,0.5209430649611236,1.0,0.144578313253012
O=C(C=Cc1cnc2[nH]cc(-c3ccccc3)c2c1)NCc1cccnc1,51320405,64.0,-9.31600534145734,-9.54929062189729,354.4130000000001,3.954500000000002,2.3275903849149437,0.5331268044158284,70.67,3,2,5,False,51320405,1.0,CHEMBL1923200,0.68275,1.0,0.160919540229885
COc1cc(N2CCOCC2)ccc1Nc1cc(Nc2ccccc2C(N)=O)ccn1,,,-7.3455155,-7.442803719,419.485,3.5129,2.325076011,0.538555866,101.74,7,3,7,True,CHEMBL550925,0.599765508,CHEMBL3220484,1.0,0.100917431,1.0
COc1cccc(-n2nc(C)c3c(NN=Cc4ccncc4)ncnc32)c1,CHEMBL68450,10.0,-9.20246686202319,-8.86339496982378,359.3930000000001,2.973520000000001,2.4940626706987814,0.4351389929959505,90.11,8,1,5,False,CHEMBL68450,1.0,784819,0.6439714596686419,1.0,0.1313131313131313
COc1ccc(CCN2CCC(CNC(=O)c3n[nH]c4ccc(OC)cc34)CC2)cc1,CHEMBL3736196,560.0,-7.65579401884722,-6.23706394226269,422.52900000000017,3.264600000000001,2.237363703602398,0.5825273258267201,79.48,5,2,8,True,CHEMBL3736196,1.0,CHEMBL1771659,0.5808619586089183,1.0,0.101010101010101
COc1ccccc1CCN(C)c1cc(-c2ccncn2)cc(=O)n1C,50624940,133.0,-7.7137000844735,-8.24838967063531,350.4220000000001,2.5298,2.6448486162827862,0.6836410774295728,60.25,6,0,6,True,50624940,1.0,CHEMBL199247,0.6438778024143879,1.0,0.2023809523809523
CN(C)c1onc(-c2ccnc(Nc3ccc(N4CCOCC4)cc3)c2)c1-c1ccc(F)cc1,,,-8.51803236,-11.09299699,459.525,5.1889,2.597501372,0.425669469,66.66,7,1,6,False,CHEMBL5085851,0.575452323,CHEMBL3099971,1.0,0.15,1.0
COCCN1CCC(CNC(=O)c2n[nH]c3ccc(OC)cc23)CC1,CHEMBL3735497,870.0,-8.62886892903597,-7.39889446328343,346.4310000000002,1.6596999999999995,2.253216620792026,0.7970240872292684,79.48,5,2,7,True,CHEMBL3735497,1.0,CHEMBL4551217,0.6472863220317133,1.0,0.1222222222222222
Cc1ccc(-c2ncn(-c3ccc(Nc4cc(-c5ccn(C)n5)c(Cl)cn4)cc3)n2)cn1,,,-8.992399738,-7.893663959,442.914,4.83022,2.749593008,0.419211943,86.34,8,1,5,True,CHEMBL404242,0.565125112,CHEMBL1771665,1.0,0.179775281,1.0
O=C1NCCC(=NNc2ccccn2)c2c1[nH]c1ccc(F)cc21,111128,171.0,-9.54811854817117,-9.95512762898329,323.3310000000001,2.651700000000001,2.8085002765174902,0.6341489002096692,82.16999999999999,4,3,2,False,111128,1.0,CHEMBL400863,0.5119471276054905,1.0,0.1547619047619047
Nc1ncc(-c2ccccc2)cc1N=Cc1ccnc(NC(=O)C2CC2)c1,CHEMBL4559169,49.0,-8.99994189206147,-8.09078308386116,357.41700000000014,3.824900000000002,2.5356614647966023,0.678812923585804,93.26,5,2,5,True,CHEMBL4559169,1.0,CHEMBL4783382,0.6405764691265996,1.0,0.1847826086956521
OCCN=c1nc(-c2ccccc2)n(-c2ccccc2)s1,50932566,600.0,-8.05672399585241,-6.84586785301923,297.38300000000004,2.493800000000001,2.6948952333353944,0.8041303153852061,50.41,5,1,4,False,CHEMBL2022418,1.0,CHEMBL1784088,0.5537446120689655,1.0,0.0909090909090909
COc1ccc(-c2coc3ccc(-c4ccc(C)o4)cc23)cc1,CHEMBL576183,54.0,-8.01181869846526,-7.21202057858178,304.345,5.676820000000004,2.0624782345122963,0.4884300329781009,35.510000000000005,3,0,3,True,CHEMBL576183,1.0,50383511,0.6078105525550478,1.0,0.0813953488372093
COc1ccc(Oc2cc(Nc3ccc(F)cc3C(N)=O)c(C(F)(F)F)cn2)cc1,,,-7.959921234,-7.837469295,421.35,4.8829,2.394583949,0.554141515,86.47,5,2,6,True,CHEMBL3828350,0.567465167,CHEMBL1923207,1.0,0.117647059,1.0
Nc1nonc1-n1nnc(-c2nnc(-c3ccncc3)[nH]2)c1CN1CCCC1,50813353,240.0,-6.84329833238831,-6.39952822218202,379.38800000000026,0.6753999999999993,3.1419886382678524,0.5055606347838032,153.35,11,2,5,True,50813353,1.0,50543920,0.580704780680138,1.0,0.2105263157894736
O=c1[nH]nc(-c2ccnc(NC3CCOCC3)c2)n1-c1ccc2cccc(Cl)c2c1,,,-9.729571351,-11.76591994,421.888,4.0201,2.663881026,0.519523385,84.83,6,2,4,True,CHEMBL2386106,0.641488578,CHEMBL1644637,1.0,0.139784946,1.0
O=C(CN1C(=O)CCc2cc(C(F)(F)F)ccc21)Nc1scc(Br)c1-c1ncn[nH]1,,,-7.381545318,-7.487375852,500.3,4.2324,2.942500406,0.561301485,90.98,5,2,4,True,CHEMBL4288850,0.518049695,695910,1.0,0.153846154,1.0
O=C(NCC1CCOC1)c1n[nH]c2ccc(-c3cccc(F)c3F)cc12,1216134,15.0,-9.44012963253967,-8.50333143612095,357.36000000000007,3.2744000000000018,2.870004560383018,0.7530644778388066,67.00999999999999,3,2,4,True,1216134,1.0,CHEMBL400863,0.5799337072921978,1.0,0.1208791208791208
N#Cc1csc(NC(=O)CN2C(=O)CCc3ncccc32)c1-c1ncn[nH]1,,,-6.376225966,-8.196847505,379.405,1.71778,3.069746672,0.710273372,127.66,7,2,4,True,CHEMBL3828150,0.54912787,CHEMBL1822139,1.0,0.113402062,1.0
O=C(Nc1ncnc2oc(-c3ccc(F)cc3)cc12)C1CC1,CHEMBL183504,575.0,-7.83745666622663,-8.59163900258307,297.2890000000001,3.377400000000001,2.33580028026368,0.8043963435053378,68.02000000000001,4,1,3,True,CHEMBL183504,1.0,50626377,0.5888669115569369,1.0,0.127906976744186
COc1cccc(-n2ncc3c(N=NC(C)c4ccncc4)ncnc32)c1,14691,63.1,-7.07746153123176,-7.81355122276303,359.3930000000001,4.064000000000003,3.305713161287078,0.5011355429727887,90.44,8,0,5,False,14691,1.0,CHEMBL4874134,0.6385480572597138,1.0,0.1505376344086021
CS(=O)(=O)Nc1ccc(-c2cnc3cccc(Nc4ccc(C(F)(F)F)cn4)c3c2)cc1,,,-8.814693743,-6.933636963,458.465,5.4307,2.367540204,0.416653535,83.98,5,2,5,True,50752181,0.542031975,CHEMBL398691,1.0,0.09,1.0
Cn1c(SCc2cn(-c3ccc(Br)cc3)nn2)nc(-c2ccccc2)cc1=O,346043,744.0,-7.95877682155846,-8.05322238643277,454.3530000000002,4.082800000000003,2.3952588267139454,0.3359610103849003,65.6,7,0,5,True,346043,1.0,CHEMBL205672,0.5994733062006224,1.0,0.0845070422535211
O=C1Nc2ccccc2C1=C1Nc2ccccc2C1=O,CHEMBL1276127,4.0,-8.29500293177562,-8.49404723006938,262.268,2.658200000000001,2.2791319757627893,0.7175114137310858,58.2,3,2,0,True,CHEMBL1276127,1.0,CHEMBL1784666,0.6809157574673583,1.0,0.1379310344827586
Cc1csc(NC(=O)Cc2cccc3ncccc23)c1-c1ncn[nH]1,,,-6.574336297,-8.414024245,349.419,3.57102,2.648961247,0.589834843,83.56,5,2,4,True,CHEMBL1940986,0.560305918,CHEMBL1682011,1.0,0.073394495,1.0
COc1cccc(C2=C(Nc3ccc(SC)cc3)C(=O)NC2=O)c1,CHEMBL158526,203.0,-9.36532356101569,-8.19800589403163,340.40400000000005,2.896700000000001,2.293818550596354,0.6470312798642409,67.43,5,2,5,True,CHEMBL158526,1.0,CHEMBL3220501,0.6646205357142857,1.0,0.1486486486486486
O=C1NC(=O)C(c2cnc3ccncn23)=C1c1cn2c3c(cccc13)CN(C(=O)N1CCOCC1)CC2,51159576,71.0,-7.83083797644858,-6.89596911738247,497.5150000000005,1.5189999999999992,3.1908905343632865,0.4203054062109533,114.07,8,1,2,True,51159576,1.0,695949,0.4896614636124062,1.0,0.1428571428571428
O=C(C=Cc1cnc2[nH]cc(-c3ccccc3)c2c1)NCc1ccc2[nH]ccc2c1,CHEMBL4559431,462.0,-9.33453883550963,-8.2448494887825,392.46200000000016,5.040800000000003,2.501625458840179,0.3666458175845806,73.57,2,3,5,False,CHEMBL4559431,1.0,CHEMBL2376922,0.6553941414622529,1.0,0.1684210526315789
NC(=O)c1ccccc1Nc1nc(Nc2ccc(N3CCCC3=O)cc2)ncc1Cl,,,-9.452909072,-7.892653082,422.876,3.8429,2.308541296,0.555768587,113.24,6,3,6,True,CHEMBL402932,0.652684564,CHEMBL3220502,1.0,0.337837838,1.0
O=C(NCC1CCOCC1)c1n[nH]c2ccc(-c3cncc(CN4CCCC4)c3)cc12,1216150,17.0,-9.9249308408759,-8.35613334320871,419.5290000000003,3.377100000000002,2.5538532019301563,0.6400525486473261,83.13999999999999,5,2,6,True,1216150,1.0,CHEMBL3099975,0.5733475479744137,1.0,0.1428571428571428
Cc1csc(NC(=O)CN2C(=O)CCc3ccccc32)c1-c1ncn[nH]1,,,-7.603365744,-8.262237467,367.434,2.75952,2.714618413,0.741738784,90.98,5,2,4,True,CHEMBL1738953,0.486867393,CHEMBL1614820,1.0,0.11627907,1.0
CCOC(=O)C=CSc1nc(-c2ccc(F)cc2)c(-c2ccnc(NC(C)=O)c2)n1C1CC1,,,-6.260921017,-7.470535226,466.538,5.2134,2.862038564,0.278526402,86.11,7,1,8,True,CHEMBL4536012,0.521034557,CHEMBL3394114,1.0,0.419753086,1.0
CCOc1ccncc1NC(=O)c1ccnc2[nH]c(-c3ccc(F)cc3)nc12,CHEMBL2048678,3.0,-8.02514261353767,-8.54705702639753,377.3790000000001,3.8100000000000014,2.4110143822694994,0.5516673171111643,92.79,5,2,5,True,CHEMBL2048678,1.0,CHEMBL1946335,0.6238854703001382,1.0,0.2048192771084337
Nc1c(F)c(NCCNc2ccccn2)c2c3c1c(=O)c(C(=O)O)cn3C1(CCCC1)CO2,CHEMBL1834330,12.0,-8.14334225112446,-6.72927023670304,453.4740000000004,3.0017000000000014,3.604575867544975,0.3308970479345222,131.49999999999997,8,4,6,True,CHEMBL1834330,1.0,CHEMBL3220502,0.6066790352504638,1.0,0.2121212121212121
CN1CCCC(Nc2nccc(-c3cccnc3Oc3ccc(Nc4nc5ccccc5[nH]4)c4ccccc34)n2)C1,,,-9.303498348,-8.787950834,542.647,6.6101,3.231149119,0.207046475,103.88,8,3,7,True,CHEMBL4752296,0.514300135,CHEMBL3355996,1.0,0.189189189,1.0
Cc1ccc(-c2ccc3occ(-c4ccc([S+](C)[O-])cc4)c3c2)o1,CHEMBL574588,34.0,-8.94632014627868,-7.94230883580886,336.4120000000001,5.405620000000004,3.3095960755782725,0.4702674108664945,49.34,3,0,3,False,CHEMBL574588,1.0,CHEMBL250409,0.6104959075589793,1.0,0.108433734939759
Cn1cc(-c2ccnn2C)c(-c2ccnc(Nc3ccc(N4CCOCC4)cc3)c2)n1,,,-9.385402468,-9.934137204,415.501,3.4628,2.651461607,0.538184992,73.03,8,1,5,False,14683,0.568222621,CHEMBL1771722,1.0,0.113402062,1.0
O=C(Nc1cc(-c2ccc(O)cc2)cc2[nH]ncc12)C1CC1,CHEMBL4172211,630.96,-8.40487435132795,-7.88870590257963,293.3260000000001,3.2840000000000007,2.1863783022417014,0.6931199898600003,78.01,3,3,3,True,CHEMBL4172211,1.0,CHEMBL248643,0.7105713308244954,1.0,0.2459016393442623
CN(c1ncnc2[nH]c3cc(Br)ccc3c12)C1CCCN(CCC#N)C1,51448895,316.0,-7.54359756353142,-8.30102300443129,413.3230000000003,3.6878800000000025,3.3015024065368657,0.7066035266474022,71.84,5,1,4,True,51448895,1.0,CHEMBL3909478,0.6243489583333333,1.0,0.1262135922330097
Cn1cc(C2=C(c3cn(CCCSC(=N)N)c4ccccc34)C(=O)NC2=O)c2ccccc21,CHEMBL6291,2.8,-8.09644181765586,-7.28978761879438,457.55900000000014,3.7169700000000017,2.83373809940794,0.177567004481823,105.9,6,3,6,False,CHEMBL6291,1.0,CHEMBL437747,0.4616194403017808,1.0,0.0792079207920792
Clc1ccccc1CSc1nnc(-c2ccc3c(c2)CCO3)o1,CHEMBL513040,200.0,-7.70555137102047,-7.54445343172213,344.8230000000001,4.617200000000002,2.2299128498969125,0.6463157405499853,48.150000000000006,5,0,4,True,CHEMBL513040,1.0,CHEMBL571619,0.676780185758514,1.0,0.1066666666666666
CC1CN(c2nc(-c3ccncc3F)cc(=O)n2C)C(C)CO1,CHEMBL3401124,41.0,-7.56797553345473,-8.34695352350591,318.3520000000001,1.5949999999999998,3.487190356431828,0.8415037693050498,60.25,6,0,2,True,CHEMBL3401124,1.0,CHEMBL1644616,0.6683369871594111,1.0,0.1506849315068493
Oc1c2ccccc2c2c3c(cccc13)N=N2,,,-7.400840842,-7.548312256,220.231,4.4274,2.71406412,0.43763445,44.95,3,1,0,True,CHEMBL413188,0.681407035,CHEMBL1725279,1.0,0.163636364,1.0
Cc1nnc(-c2sccc2NC(=O)Cc2cccc3ccccc23)[nH]1,,,-6.882677444,-9.122964099,348.431,4.17602,2.609190541,0.581187539,70.67,4,2,4,True,CHEMBL3828609,0.567216191,50611582,1.0,0.231884058,1.0
Cn1cc(C2=C(c3cccc(NCC(O)CO)c3)C(=O)NC2=O)c2cc(Cl)ccc21,CHEMBL1082153,0.4,-9.43235990033072,-10.9786863816844,425.8720000000001,2.164,3.072758422338868,0.4530735799775948,103.59,6,4,6,True,CHEMBL1082153,1.0,CHEMBL1644637,0.6654908877131099,1.0,0.1616161616161616
CNC(=O)c1ccccc1Nc1cc(Oc2ccc(OC)cc2)ncc1Cl,,,-8.240392667,-7.822622116,383.835,4.6391,2.139002286,0.648391205,72.48,5,2,6,True,CHEMBL1092134,0.60272246,CHEMBL1923215,1.0,0.202702703,1.0
COc1cccc(N2CCN(c3nc(-c4ccncn4)cc(=O)n3C)C(C)C2)c1,CHEMBL4063206,0.2,-8.01319382771375,-8.9883518999998,392.46300000000014,1.961,3.0302400962404,0.6717186301192222,76.38,8,0,4,True,CHEMBL4063206,1.0,CHEMBL1644631,0.6434373160682755,1.0,0.1758241758241758
N#Cc1cccc(-c2nc3c(NC(=O)C4CC4)ncnc3[nH]2)c1,CHEMBL1210405,781.0,-8.10981289787855,-7.47740005299126,304.313,2.24008,2.519558654092714,0.7712194019867443,107.35,5,2,3,True,CHEMBL1210405,1.0,CHEMBL1923201,0.5888566147346184,1.0,0.1276595744680851
CN1CCN(CCNC(=O)c2cccc(-n3ncc4cc(Nc5c(Cl)cccc5Cl)ccc43)c2)CC1,,,-8.286009846,-10.1450539,523.468,5.0531,2.461748825,0.355015042,65.43,6,2,7,True,1216168,0.537063068,CHEMBL2376925,1.0,0.184466019,1.0
COc1ccc2[nH]nc(C(=O)NCC3CCN(Cc4ccc(Cl)cc4Cl)CC3)c2c1,CHEMBL3734985,310.0,-8.21950163664149,-6.62037012139579,447.36600000000016,4.520300000000003,2.30742877334642,0.5831709307596179,70.24999999999999,4,2,6,True,CHEMBL3734985,1.0,188571,0.5364841615221132,1.0,0.11
OC1CCC(Nc2ncc(Cl)c(NC34CC5CC(CC(O)(C5)C3)C4)n2)CC1,CHEMBL257370,230.0,-8.28894773008549,-5.25770066278776,392.93100000000027,3.341000000000002,4.790680131181391,0.6279151563210568,90.3,6,4,4,True,CHEMBL257370,1.0,50383511,0.5467136435427045,1.0,0.1333333333333333
CN(C)CCNc1nccc(-c2cccnc2Oc2ccc(Nc3nc4ccccc4[nH]3)c3ccccc23)n1,,,-7.81968479,-7.390060601,516.609,6.0775,2.720683141,0.212499011,103.88,8,3,9,True,CHEMBL4741669,0.506247945,CHEMBL3355992,1.0,0.139130435,1.0
O=c1n(C2CCN(CC(F)(F)F)CC2)nc(-c2ccnc(NC3CCOCC3)c2)n1-c1ccc2ccccc2c1,,,-7.587829412,-6.803967726,552.601,5.0393,2.991708478,0.361364702,77.21,8,1,6,True,50932565,0.505715082,CHEMBL1644645,1.0,0.12,1.0
Cn1c(NCC(=O)c2cccc(F)c2)nc(-c2ccncc2)cc1=O,CHEMBL3093054,25.0,-8.12353975167677,-9.00808789888904,338.34200000000004,2.2762,2.374843652211311,0.7223583701763556,76.88,6,1,5,True,CHEMBL3093054,1.0,CHEMBL1923199,0.6169891932646394,1.0,0.1627906976744186
CSc1ccc(NC2=C(c3ccccc3Cl)C(=O)NC2=O)cc1,CHEMBL156563,161.0,-7.64073851619518,-8.17354553175247,344.8230000000001,3.541500000000002,2.306451725636556,0.6576257847674362,58.2,4,2,4,True,CHEMBL156563,1.0,CHEMBL248643,0.6539792387543253,1.0,0.0434782608695652
COCCNC(=O)c1cc(-n2ncc3cc(Nc4ccccc4Cl)c(F)cc32)cs1,,,-6.735023133,-9.309877562,444.919,4.9993,2.665760795,0.393516498,68.18,6,2,7,True,14673,0.583846317,CHEMBL4876387,1.0,0.19,1.0
O=C(Nc1cc(-c2[nH]c(Cc3ccccc3)nc2-c2ccc(F)cc2)ccn1)C1CC1,CHEMBL4476724,59.0,-6.34942465983131,-9.48747870889639,412.4680000000001,5.217100000000004,2.31503139591009,0.4562788303284575,70.67,3,2,6,True,CHEMBL4476724,1.0,CHEMBL1080582,0.6484713729849917,1.0,0.2183908045977011
Cc1ccc(-n2cc(CSC3=NC(c4ccccc4)CC(=O)N3C)nn2)cc1C,CHEMBL4635819,82.0,-8.62652619783335,-8.94329740082324,405.5270000000002,4.076740000000004,3.2564111805777483,0.6561905306253017,63.38,6,0,4,True,CHEMBL4635819,1.0,CHEMBL199247,0.5669282635127666,1.0,0.1477272727272727
Cc1ccccc1-n1cc(CSc2nc(-c3ccccc3)cc(=O)n2C)nn1,346046,302.0,-8.35148230738437,-9.68726551299206,389.4840000000001,3.628720000000003,2.3710263480814664,0.3851903330607932,65.6,7,0,5,True,346046,1.0,CHEMBL3899711,0.6681217101039928,1.0,0.1294117647058823
COc1ccc(C2CN(c3nc(-c4ccncn4)cc(=O)n3C)CCN2)cc1.Cl,CHEMBL4096472,3.5,-7.74570831433902,-8.84594678970342,414.8970000000001,1.8186,3.141141726024072,0.6964620124546559,85.17000000000002,8,1,4,True,CHEMBL4096472,1.0,CHEMBL372082,0.569579997806777,1.0,0.2127659574468085
COc1cccc(-n2ncc3c(NN=Cc4ccncc4)ncnc32)n1,CHEMBL302490,39.81,-8.4704785100359,-8.71828857177179,346.3540000000001,2.0601,2.682695223729395,0.4356169113758076,103.0,9,1,5,False,CHEMBL302490,1.0,CHEMBL1946335,0.6080020584073074,1.0,0.1904761904761904
O=C1NCCC(=NNc2cccnc2Cl)c2c1[nH]c1ccc(Cl)cc21,111148,147.0,-9.43357826398588,-10.0140339497292,374.2310000000001,3.8194000000000017,2.8902243130997203,0.4711904755264188,82.16999999999999,4,3,2,False,111148,1.0,CHEMBL1822152,0.5912945871788475,1.0,0.1326530612244898
COc1cccc(-c2nc3c(C(=O)Nc4cnccc4C)ccnc3[nH]2)c1,CHEMBL2048681,3.0,-8.19058938170526,-7.83809621220998,359.38900000000007,3.589220000000001,2.373698742903109,0.5807798766458897,92.79,5,2,4,True,CHEMBL2048681,1.0,CHEMBL1923208,0.6516728624535316,1.0,0.2352941176470588
Cn1c(N2CCOC(c3ccc(F)cc3)C2)nc(-c2ccncc2F)cc1=O,CHEMBL3091531,7.4,-7.35349452451905,-9.12748498528841,384.3860000000001,2.6984000000000004,3.0152835001974063,0.6949919691435115,60.25,6,0,3,True,CHEMBL3091531,1.0,CHEMBL1644625,0.73438745681637,1.0,0.1494252873563218
O=C1NC(=O)C(c2ccc([N+](=O)[O-])cc2)=C1Nc1cc(Cl)c(O)c(Cl)c1,CHEMBL347681,71.0,-7.53725745137725,-8.51914965887261,394.1700000000001,3.0868,2.525787452627256,0.3171832313759252,121.57,6,3,4,False,CHEMBL347681,1.0,50383511,0.5525453629032258,1.0,0.1034482758620689
COc1cc(Nc2nccc(-c3cnn4ncccc34)n2)cc(OC)c1,51236891,13.0,-8.28431390412213,-8.69496461609827,348.36600000000016,2.9471000000000007,2.552751554240988,0.593174663044944,86.46000000000001,8,1,5,True,51236891,1.0,CHEMBL246543,0.6067546583850931,1.0,0.2317073170731707
O=C(Cn1c(=O)ccc2cc(C(F)(F)F)ccc21)Nc1scc(Cl)c1-c1ncn(CCCN2CCCC2)n1,,,-7.152324992,-8.691923196,565.021,5.1183,3.038838531,0.321107224,85.05,8,1,8,True,CHEMBL4741669,0.480346868,696060,1.0,0.172131148,1.0
CCCC(=O)Nc1cccc(-n2ncc3c(N=NCc4ccncc4)ncnc32)c1,14649,631.0,-7.9869727547383,-8.80048173936268,400.4460000000001,4.233000000000002,2.8707048019689605,0.466729334669255,110.31,8,1,7,False,14649,1.0,CHEMBL4783382,0.6487613149118627,1.0,0.1958762886597938
COc1ccccc1C1=C(c2cn(CCCNC(=O)OC(C)(C)C)c3ncccc23)C(=O)NC1=O,CHEMBL109981,7.0,-8.65448708437543,-6.53079169456616,476.5330000000002,3.5269000000000013,2.6542435761331262,0.3986706031856193,111.54999999999998,7,2,7,True,CHEMBL109981,1.0,CHEMBL3394119,0.4248193195839943,1.0,0.1111111111111111
COC(=O)c1c(C)csc1NC(=O)Cc1cccc2ncccc12,,,-6.372730512,-7.578585268,340.404,3.57252,2.213838686,0.737313149,68.29,5,1,4,True,111128,0.532448178,CHEMBL1682004,1.0,0.154761905,1.0
Nc1ncnc2oc(-c3cccnc3)c(-c3ccc(NS(=O)(=O)c4cccs4)cc3)c12,CHEMBL404507,23.0,-7.65105279338217,-7.23875368611605,449.5170000000001,4.396300000000002,2.625722165140859,0.4074796517106889,124.0,8,2,5,True,CHEMBL404507,1.0,CHEMBL1923200,0.5839920948616601,1.0,0.1170212765957446
COc1ccc(CSc2nnc(-c3ccc4ncccc4c3)o2)cc1C(F)(F)F,CHEMBL469508,18.0,-7.21031419874861,-7.66715548581747,417.4120000000001,5.6045000000000025,2.378952224579613,0.3938218018102271,61.040000000000006,6,0,5,True,CHEMBL469508,1.0,50319431,0.5740199659118578,1.0,0.0833333333333333
NC(=O)c1cc(-c2ccnc(N)n2)[nH]c1-c1ccccc1,50230868,139.0,-8.55958112214076,-8.47010624089784,279.303,1.8198,2.3888790050475546,0.6785934283834453,110.68,4,3,3,True,50230868,1.0,51238011,0.6976460331299041,1.0,0.1475409836065573
CNCC(=O)N1CCC(Nc2ncc(Cl)c(-c3c[nH]c4ccccc34)n2)CC1,,,-9.071160827,-8.09889734,398.898,2.9006,2.551575066,0.614875982,85.94,5,3,5,True,CHEMBL255948,0.561781976,CHEMBL393861,1.0,0.311688312,1.0
COc1cccc(-n2ncc3c(NN=Cc4ccc(CN(C)C)cc4)ncnc32)c1,CHEMBL63915,5.012,-7.22640829175365,-8.56296524519828,401.47400000000016,3.331700000000001,2.427627878892036,0.3779303673384278,80.46,8,1,7,False,CHEMBL63915,1.0,CHEMBL2425655,0.5963292027121814,1.0,0.1276595744680851
Cn1c(SCc2cn(-c3ccccc3Br)nn2)nc(-c2ccccc2)cc1=O,346045,437.0,-6.9772395660359,-9.42498233570982,454.3530000000002,4.082800000000003,2.4648297668848844,0.3359610103849003,65.6,7,0,5,True,346045,1.0,CHEMBL203792,0.6507159466405581,1.0,0.1333333333333333
C[S+]([O-])c1ccc(-c2coc3ccc(-c4nnc(S)o4)cc23)cc1,CHEMBL574601,94.0,-8.07532064116143,-7.49210049415969,356.42800000000005,4.175900000000001,3.675180690962888,0.4402400111631594,75.12,6,1,3,False,CHEMBL574601,1.0,50383511,0.5583061889250814,1.0,0.0879120879120879
Cc1nc(-c2cccc(O)c2)c(-c2ccnc(NC(=O)C3CC3)c2)[nH]1,CHEMBL4514346,43.0,-6.27571813754179,-8.88525705869063,334.3790000000001,3.501220000000001,2.435314291431247,0.6808484205772253,90.9,4,3,4,True,CHEMBL4514346,1.0,CHEMBL1644630,0.6701825557809331,1.0,0.4428571428571428
Cc1cccc(N2CCN(CCCNC(=O)c3nc(-c4cccnc4)no3)CC2C)c1,CHEMBL257993,710.0,-7.10912857392685,-7.57748695071795,420.51700000000017,2.770620000000001,2.922532928367911,0.5882005223348308,87.39,7,1,7,True,CHEMBL257993,1.0,CHEMBL4862656,0.6042395554640873,1.0,0.1946902654867256
Cn1cc(C2=C(c3coc4ccc(F)cc34)C(=O)NC2=O)c2cc3c(cc21)OCO3,CHEMBL483465,710.0,-7.91695341355043,-8.9327641586198,404.3530000000002,3.359500000000001,2.8317987196791563,0.5183104930721418,82.70000000000002,6,1,2,True,CHEMBL483465,1.0,CHEMBL1644636,0.6526909402966776,1.0,0.125
Cn1c(SCc2cn(-c3ccccc3)nn2)nc(-c2ccccc2)cc1=O,346047,916.0,-8.47205891114006,-9.23822282187172,375.45700000000016,3.3203000000000014,2.2898967505429866,0.3954309509302448,65.6,7,0,5,True,346047,1.0,CHEMBL203289,0.6635430038510912,1.0,0.1212121212121212
CCS(=O)(=O)Nc1ccc(CCNC(=O)c2ccnc3nc(-c4ccc(F)cc4)[nH]c23)cc1,50943605,4.0,-6.88139307636057,-7.9176023454168,467.5260000000001,3.4981000000000018,2.453555120684536,0.3667296178840963,116.84,5,3,8,True,CHEMBL2048659,1.0,51195161,0.5411238576706203,1.0,0.16
O=C(Nc1cc(-c2ccnc(Nc3ccccc3)c2)ccn1)C1CCOC1,,,-9.317019387,-10.69687746,360.417,3.8622,2.711478456,0.722443976,76.14,5,2,5,True,50230999,0.662987781,CHEMBL203535,1.0,0.289855072,1.0
Fc1ccccc1Nc1nc2cnc(NC3CCCCC3)nc2n1C1CCCC1,,,-6.870168575,-9.921548757,394.498,5.5687,2.522921809,0.592158462,67.66,6,2,5,True,CHEMBL4446355,0.595988871,CHEMBL1946332,1.0,0.151162791,1.0
O=C(Nc1cnn(-c2csc(C(=O)NC3CCOC3)c2)c1)Nc1ccccc1Cl,,,-7.53004494,-8.073653171,431.905,3.7499,3.076277883,0.572689309,97.28,6,3,5,True,CHEMBL4648047,0.641170684,CHEMBL4753310,1.0,0.210526316,1.0
O=C(Cc1cccc2ncsc12)Nc1scc(Br)c1-c1ncn[nH]1,,,-6.11043208,-8.310750116,420.317,4.0866,3.057218738,0.521147418,83.56,6,2,4,True,CHEMBL523735,0.564431955,695958,1.0,0.114942529,1.0
CCOc1nc(C(=O)NCc2ccccc2S(N)(=O)=O)cc(N)c1C#N,,,-6.907051417,-7.273686532,375.41,0.51158,2.52083014,0.662341076,161.19,7,3,6,True,CHEMBL2386090,0.518157294,CHEMBL377408,1.0,0.103773585,1.0
NC(=O)c1sc(-c2ccnc(NC(=O)C3CC3)c2)nc1OCCC1CCN(Cc2cccc(F)c2)CC1,CHEMBL4795876,26.0,-9.25343257309114,-8.42782106231213,523.6340000000004,4.472700000000004,2.733616102819989,0.405686260866369,110.44,7,2,10,True,CHEMBL4795876,1.0,CHEMBL4876785,0.5297519119567244,1.0,0.1525423728813559
CS(=O)(=O)Nc1ccc(-c2cnc3cccc(Nc4ncccn4)c3c2)cc1,,,-7.756934092,-7.671646687,391.456,3.8069,2.229057117,0.536971653,96.87,6,2,5,True,CHEMBL2177161,0.632515687,CHEMBL248790,1.0,0.202380952,1.0
COCCn1cc(C2=C(c3coc4ccccc34)C(=O)NC2=O)c2cc(Br)cnc21,51194939,25.0,-8.64890032711647,-6.96283264061292,466.2910000000001,3.758600000000002,2.810873317174684,0.4530789636212378,86.36,6,1,5,True,51194939,1.0,CHEMBL1923199,0.5067849129180468,1.0,0.1648351648351648
CC(NC(=O)C=Cc1cnc2[nH]cc(-c3ccccc3)c2c1)C(O)c1ccccc1,CHEMBL3933780,180.0,-9.68408732559796,-9.15799548104308,397.47800000000007,4.4814000000000025,3.133150677204142,0.4198453943739952,78.01,3,3,6,False,CHEMBL3933780,1.0,CHEMBL4762965,0.566626910983411,1.0,0.1313131313131313
O=C(NCCCN1CCOCC1)c1cccc(-n2ncc3cc(Nc4ccccc4Cl)ccc32)c1,,,-7.610327505,-9.742449579,490.007,4.8746,2.360558574,0.345262773,71.42,6,2,8,True,13924,0.54789272,CHEMBL2376919,1.0,0.21,1.0
O=c1[nH]nc(-c2ccnc(Nc3ccccn3)c2)n1-c1ccc2ccccc2c1,,,-10.01046147,-11.94168686,380.411,3.9144,2.428869394,0.493399524,88.49,6,2,4,True,CHEMBL565612,0.683652816,CHEMBL1644625,1.0,0.141176471,1.0
C#CCOc1ccc2c(C3=C(c4cn(C)c5ccc(Br)cc45)C(=O)NC3=O)coc2c1,50457153,25.0,-6.2869778451153,-8.34895851578924,475.2980000000001,4.266200000000003,2.904796011294705,0.3537212077296879,73.47,5,1,4,True,50457153,1.0,CHEMBL1644637,0.609030960098357,1.0,0.1262135922330097
O=c1[nH]nc(-c2ccnc(NC3CCOCC3)c2)n1-c1ccc2cc(Br)ccc2c1,,,-10.02140249,-7.876724537,466.339,4.1292,2.663183998,0.472720803,84.83,6,2,4,True,CHEMBL2386106,0.621475054,CHEMBL1644634,1.0,0.159090909,1.0
CSc1ccc(NC2=C(c3cccc(Cl)c3)C(=O)NC2=O)cc1,CHEMBL160743,532.0,-9.47425957767607,-8.34048304824766,344.8230000000001,3.541500000000002,2.32070687356555,0.6576257847674362,58.2,4,2,4,True,CHEMBL160743,1.0,CHEMBL1991853,0.6657586925172247,1.0,0.0821917808219178
O=C(O)COc1cccc(CCCNC(=O)c2ccc(O)c3[nH]c(-c4ccc(Cl)cc4)nc23)c1,CHEMBL1957953,31.0,-6.09899358905903,-8.41370380111401,479.9200000000001,4.414900000000003,2.404955081320717,0.2633903350038841,124.54,5,4,9,True,CHEMBL1957953,1.0,CHEMBL400863,0.5171835708298407,1.0,0.1368421052631579
CNC(=O)c1sc(-c2ccnc(NC(=O)CNCCNc3c4c(nc5ccccc35)CCCC4)c2)nc1OCC1CCC1,51376225,130.0,-7.50323109346162,-7.23590116328258,599.7610000000002,4.810800000000004,3.108754760771764,0.1708136452742608,130.16,9,4,12,True,51376225,1.0,CHEMBL4085536,0.4366692453759054,1.0,0.1983471074380165
CCCC(=O)Nc1cccc(-n2ncc3c(NN=Cc4ccncc4)ncnc32)c1,CHEMBL410319,630.96,-7.76455540396919,-9.6997199284013,400.4460000000001,3.395100000000001,2.5180778788920364,0.3634061515345998,109.98,8,2,7,False,CHEMBL410319,1.0,188581,0.6293487420247983,1.0,0.1067961165048543
COc1cc(F)ccc1-c1ccnc(NC(=O)C2CCC(NC(C)=O)C2)c1,CHEMBL3673435,857.0,-10.1843028868234,-9.32933450495477,371.4120000000002,3.1396000000000006,2.985705189020713,0.8461725620285844,80.32,4,2,5,True,CHEMBL3673435,1.0,CHEMBL3099964,0.6017135862913097,1.0,0.2
COCCC(=O)Nc1cc(-c2ccnc(Nc3ccccc3)c2)ccn1,,,-9.172817529,-10.26965272,348.406,3.8622,2.137862485,0.677895735,76.14,5,2,7,True,51109194,0.676343777,CHEMBL379254,1.0,0.318181818,1.0
CC1COc2c(NCCCc3ccccc3)c(F)c(N)c3c(=O)c(C(=O)O)cn1c23,CHEMBL1940977,40.0,-8.06651740321527,-8.55706812231008,411.4330000000002,3.419100000000001,3.1659001805806266,0.4239013483762311,106.57999999999998,6,3,6,True,CHEMBL1940977,1.0,CHEMBL1923200,0.6268484288354899,1.0,0.1326530612244898
Cc1nnc(-c2c(C)csc2NC(=O)Cc2cccc3ncccc23)[nH]1,,,-7.210842526,-9.072558612,363.446,3.87944,2.87740672,0.576257602,83.56,5,2,4,True,CHEMBL3828150,0.590583951,50626378,1.0,0.149425287,1.0
O=C(NC1CCOCC1)c1cc(-n2ncc3cc(Nc4ccccc4Cl)c(F)cc32)cs1,,,-7.017923914,-8.974780815,470.957,5.5319,2.780785564,0.402040968,68.18,6,2,5,True,14673,0.584202375,CHEMBL4867426,1.0,0.130841121,1.0
O=C(NC1CCOC1)c1cc(-n2ncc3cc(Nc4ccccc4Cl)c(F)cc32)cs1,,,-7.160092682,-9.237693596,456.93,5.1418,3.246042159,0.435949111,68.18,6,2,5,True,CHEMBL4228654,0.586672721,CHEMBL4874575,1.0,0.206185567,1.0
Cn1cc(-c2cnc3c(-c4csc(C(=O)NCC(F)(F)F)c4)cnn3c2)cn1,CHEMBL4550702,84.0,-8.94934698013556,-7.8851234758618,406.393,3.150400000000001,2.932403649823325,0.5649267950270337,77.11,7,1,4,True,CHEMBL4550702,1.0,CHEMBL4872493,0.6968895605087521,1.0,0.2555555555555555
Cn1cc(C2=C(c3coc4ccccc34)C(=O)NC2=O)c2cc(Br)ccc21,CHEMBL489422,7.0,-7.63491792734085,-8.38107752391169,421.2500000000001,4.254200000000003,2.6025445432566023,0.4924628414855914,64.24000000000001,4,1,2,True,CHEMBL489422,1.0,CHEMBL4531109,0.5813397129186603,1.0,0.136986301369863
Cn1ccc(NC(=O)c2cccc(-n3cc(NC(=O)Nc4ccccc4Cl)cn3)c2)n1,,,-8.3721129,-7.948477233,435.875,4.1555,2.335807766,0.437356167,105.87,6,3,5,True,50943622,0.630980525,CHEMBL3355170,1.0,0.15625,1.0
COc1ccccc1C1=C(c2cn(CCCNS(C)(=O)=O)c3ncccc23)C(=O)NC1=O,CHEMBL326208,14.0,-9.76124203983989,-6.75626288990166,454.50800000000015,1.5513999999999997,2.6505848193190147,0.3937542380190674,119.39,7,2,8,True,CHEMBL326208,1.0,CHEMBL3394109,0.4265246142542248,1.0,0.1238095238095238
O=C(Cn1c(=O)ccc2ccc(F)cc21)Nc1scc(Br)c1-c1ncn[nH]1,,,-6.584731713,-7.965019273,448.277,3.3884,2.849169718,0.50084459,92.67,6,2,4,True,CHEMBL4288850,0.474109264,695717,1.0,0.171171171,1.0
CCc1nn(-c2cccc(OC)c2)c2ncnc(N=NCc3ccncc3)c12,14688,12.6,-8.31742349785168,-8.76907539570983,373.4200000000001,4.065400000000003,2.952621428339961,0.475320836882507,90.44,8,0,6,False,14688,1.0,CHEMBL1946336,0.6639671069025667,1.0,0.1785714285714285
CC(O)CNc1nccc(-n2c(CC#N)cnc2-c2ccc(Cl)c(Cl)c2)n1,,,-6.967429608,-10.48978051,403.273,3.49488,3.332536118,0.653737611,99.65,7,2,6,True,CHEMBL1081617,0.538295835,784814,1.0,0.111111111,1.0
CC1COc2c(NCCCc3ccccn3)c(F)c(N)c3c(=O)c(C(=O)O)cn1c23,CHEMBL1940987,10.0,-7.95017889702518,-8.085111783208,412.4210000000002,2.8141,3.338232048712495,0.4206180912390709,119.47,7,3,6,True,CHEMBL1940987,1.0,CHEMBL1923216,0.5763735625508188,1.0,0.0952380952380952
CCNC(=O)NC1CCC(Nc2ncc3ccc(=O)n(C(C)C)c3n2)CC1,,,-9.192715812,-9.375948407,372.473,2.4146,2.610554302,0.748190452,100.94,6,3,5,True,CHEMBL1940976,0.54432583,CHEMBL3577871,1.0,0.108910891,1.0
CN(C)c1nc2ccc1CCCn1cc(c3ccccc31)C1=C(C(=O)NC1=O)c1cn(c3ccccc13)CC2,CHEMBL1162963,3.0,-2.63872377843611,-2.56088732518397,515.6170000000002,4.813100000000004,5.504369063050516,0.3253232430975256,72.16,6,1,1,False,CHEMBL1162963,1.0,CHEMBL3394104,0.2108223567105731,1.0,0.1089108910891089
CCNC(=O)N1CCC(Nc2ncc3ccc(=O)n(C(C)C)c3n2)CC1,,,-9.010681352,-9.246222133,358.446,1.9782,2.588642767,0.871803592,92.15,6,2,4,True,CHEMBL599428,0.590262519,CHEMBL3577873,1.0,0.325301205,1.0
Fc1ccc(-c2n[nH]cc2-c2ccnc(Nc3ccc(N4CCOCC4)cc3)c2)cc1,,,-9.260944707,-11.10994738,415.472,4.858,2.55416775,0.487428377,66.07,5,2,5,False,CHEMBL4580131,0.594642022,CHEMBL3099962,1.0,0.207317073,1.0
O=C(Cn1c(=O)ccc2ccc(C(F)(F)F)cc21)Nc1scc(Br)c1-c1ncn[nH]1,,,-7.096145502,-7.568469397,498.284,4.2681,2.934486121,0.439904994,92.67,6,2,4,True,CHEMBL3828150,0.517656594,CHEMBL1822147,1.0,0.126315789,1.0
Cc1ccccc1CN1CCC(CNC(=O)c2cncc(NC(=O)c3ccnc(NC(=O)C4CC4)c3)c2)CC1,CHEMBL4872690,157.0,-8.21618382735648,-7.36241558148374,526.6410000000002,4.027820000000002,2.502948006774595,0.3877707759409992,116.32000000000002,6,3,9,True,CHEMBL4872690,1.0,CHEMBL1771659,0.46962103226941,1.0,0.09009009009009
COc1ccc(N2CCN(c3nc(-c4ccncn4)cc(=O)n3C)C(C)C2)cc1,CHEMBL4084855,0.1,-7.57189979294182,-9.02746668438231,392.4630000000002,1.961,2.9844176680661647,0.6717186301192222,76.38,8,0,4,False,CHEMBL4084855,1.0,CHEMBL1644625,0.6373479318734794,1.0,0.1904761904761904
O=C(Cc1ccc(C(F)(F)F)c2ncccc12)Nc1scc(Cl)c1-c1nnc[nH]1,,,-6.985353198,-7.746839658,437.834,4.9348,3.135760982,0.473645597,83.56,5,2,4,True,CHEMBL4074586,0.560718782,50659440,1.0,0.102803738,1.0
CC(C)C(=O)N1CCn2cc(C3=C(c4cnc5ccccn45)C(=O)NC3=O)c3cccc(c32)C1,51159563,1.8,-6.93966582935168,-6.95415635686955,453.5020000000002,2.854400000000001,2.990361901304857,0.4833782018442158,88.71000000000001,6,1,3,True,51159563,1.0,50291813,0.4517862192478085,1.0,0.0869565217391304
O=C(CN1C(=O)CCc2ncccc21)Nc1scc(Br)c1-c1nccs1,,,-6.677001013,-7.923893591,449.355,3.947,2.922775951,0.654849702,75.19,6,1,4,True,CHEMBL3827219,0.603998462,CHEMBL1822154,1.0,0.160493827,1.0
N#Cc1ccc2c(ccc(=O)n2CC(=O)Nc2scc(Cl)c2-c2nc[nH]n2)c1,,,-7.13128403,-8.319958263,410.846,3.01188,3.183403506,0.535988797,116.46,7,2,4,True,CHEMBL4288850,0.533430657,696087,1.0,0.152542373,1.0
COC(=O)c1ccoc1CN1CCC(CNC(=O)c2n[nH]c3ccc(OC)cc23)CC1,CHEMBL3735291,230.0,-8.26220619497275,-6.93044309677893,426.4730000000002,2.5931000000000006,2.5675145938357584,0.5589527886985337,109.69,7,2,7,True,CHEMBL3735291,1.0,CHEMBL2376922,0.6145950823370179,1.0,0.1262135922330097
O=C1NC(=O)c2c1c1c3ccccc3[nH]c1n1cncc21,CHEMBL413188,500.0,-10.1943905291567,-8.75705207380829,276.25500000000005,1.8524,2.851348790671766,0.4809804322084071,79.26,4,2,0,True,CHEMBL413188,1.0,50383516,0.609602142310635,1.0,0.1818181818181818
COc1cccc(OC)c1C(=O)Nc1c[nH]nc1C(=O)NC1CCCCC1,50234933,50.0,-8.17643514700134,-7.04695825281997,372.4250000000002,2.7417000000000007,2.514283404395464,0.7230065021793883,105.34,5,3,6,True,50234933,1.0,CHEMBL1923208,0.5502706437867096,1.0,0.1829268292682926
COc1cc(F)ccc1C1CN(c2nc(-c3ccncn3)cc(=O)n2C)CCO1,CHEMBL3091541,0.47,-6.781541464404,-7.89281993260916,397.4100000000002,1.9628999999999992,3.158130179650964,0.6655808945842887,82.37000000000002,8,0,4,True,CHEMBL3091541,1.0,CHEMBL400863,0.5247077884504108,1.0,0.1030927835051546
Cn1cc(C2=C(c3nnc4ccccn34)C(=O)NC2=O)c2ccc(Br)cc21,50374906,327.0,-8.92103823978499,-9.49499257779649,422.2420000000001,2.550700000000001,2.801240447352507,0.5038668782180943,81.28999999999999,6,1,2,True,50374906,1.0,CHEMBL1644629,0.7091393327726381,1.0,0.1428571428571428
c1ccc(-n2sc(=NCc3cccnc3)nc2-c2cccc3ccccc23)cc1,50932565,900.0,-7.42038419473268,-6.6895531694796,394.5030000000001,5.249900000000004,2.692590120460217,0.4177778049991066,43.07,5,0,4,False,50932565,1.0,CHEMBL1784088,0.5039601719846118,1.0,0.0919540229885057
Nc1nccc(-c2ccccc2)c1N=Cc1ccnc(NC(=O)C2CC2)c1,CHEMBL4580131,633.0,-8.10143405971402,-5.60915532923146,357.41700000000014,3.824900000000002,2.5531857251516303,0.678812923585804,93.26,5,2,5,True,CHEMBL4580131,1.0,696099,0.4964391366275884,1.0,0.1078431372549019
CS(=O)(=O)NC1CCC(Nc2nccc(-n3ccc4c(N5CCC(S(C)(=O)=O)CC5)cccc43)n2)CC1,,,-8.985582035,-7.889297346,546.719,2.7062,3.005780681,0.463323247,126.29,9,2,7,True,50234869,0.490671474,51195164,1.0,0.136842105,1.0
Cn1c(N2CCOC(C3CCC3)C2)nc(-c2ccncc2F)cc1=O,CHEMBL3401117,12.0,-8.10040959677381,-9.88871101398261,344.39,1.9867,3.190903386185925,0.8521380474599752,60.25,6,0,3,True,CHEMBL3401117,1.0,CHEMBL1644623,0.7190897231482823,1.0,0.1724137931034483
COC(=O)c1ccc2c(c1)[nH]c1c(NC(=O)C3CC3)nccc12,CHEMBL4849247,71.0,-7.68442470400332,-6.46107048230839,309.32500000000005,2.8512000000000013,2.2707414297785675,0.7286387328593938,84.08,4,2,3,True,CHEMBL4849247,1.0,CHEMBL1771661,0.5639014995185032,1.0,0.0952380952380952
c1cc(CN=Nc2ncnc3c2cnn3-c2nccs2)ccn1,14657,39.8,-6.69198335309868,-8.03993325850103,322.357,2.9509000000000007,3.2416728833417263,0.5383486359394718,94.1,9,0,4,False,14657,1.0,CHEMBL1644627,0.6391310363913103,1.0,0.1428571428571428
CCc1[nH]nc2c1C(c1ccccc1OC)C1=C(CC(C)(C)CC1=O)N2,580669,100.0,-7.18812125864972,-4.75768649680405,351.4500000000001,4.181300000000003,3.320815805904621,0.8703668322998824,67.00999999999999,4,2,3,True,580669,1.0,51422453,0.428254735993551,1.0,0.1530612244897959
CC1CN(c2ccccc2F)CCN1c1nc(-c2ccncn2)cc(=O)n1C,CHEMBL4077376,0.2,-6.90599239947105,-9.13716611195428,380.427,2.0915,3.031480038658944,0.6932436773054225,67.15,7,0,3,True,CHEMBL4077376,1.0,CHEMBL1644625,0.6834486292595439,1.0,0.1764705882352941
Cn1c(N2CCOC3CCCC32)nc(-c2ccncc2F)cc1=O,CHEMBL3401129,4.2,-7.7461877463626,-8.95780343980024,330.36300000000006,1.7391,3.4603746081837983,0.8393228218194512,60.25,6,0,2,True,CHEMBL3401129,1.0,CHEMBL220227,0.581904903860486,1.0,0.1466666666666666
CN(C)S(=O)(=O)Nc1ccc(CCNC(=O)c2ccnc3nc(-c4ccsc4)[nH]c23)cc1,50943618,9.0,-7.07926445456282,-8.10123710894122,470.58000000000015,2.877200000000001,2.700666560654602,0.3657426407126849,120.08,6,3,8,True,CHEMBL2048672,1.0,CHEMBL4879188,0.6029175158210877,1.0,0.1415094339622641
O=c1n(Cc2ccncc2)nc(-c2ccnc(NC3CCCCC3)c2)n1-c1ccc2ccccc2c1,,,-6.881654387,-6.96579229,476.584,5.4371,2.595622818,0.35324608,77.63,7,1,6,True,14650,0.491512915,CHEMBL1644642,1.0,0.188888889,1.0
Cc1occc1-c1nc(N)c(OCC(N)Cc2c[nH]c3ccccc23)cc1-c1cnc2[nH]nc(C)c2n1,CHEMBL595944,560.0,-7.80271497690153,-8.56486103342676,494.55900000000014,4.304040000000001,3.652582258529709,0.2556427870415416,157.55,8,4,7,True,CHEMBL595944,1.0,CHEMBL1923200,0.4776161692482055,1.0,0.1346153846153846
O=C(CN1C(=O)CCc2ccccc21)Nc1scc(Cl)c1-c1nnc[nH]1,,,-7.794229606,-8.068514718,387.852,3.1045,2.977287336,0.719172292,90.98,5,2,4,True,CHEMBL3827219,0.595730834,50626383,1.0,0.168674699,1.0
Cn1cc(C2=C(c3nnc4ccccn34)C(=O)NC2=O)c2cc(Cl)ccc21,50374918,74.0,-6.76984843876178,-9.67540100544676,377.7910000000001,2.4416,2.7335489388609986,0.5439268887460755,81.28999999999999,6,1,2,True,50374918,1.0,CHEMBL1644623,0.6836777146026903,1.0,0.127906976744186
CN1CCC(NC(=O)c2cc(-n3cc(NC(=O)Nc4ccccc4Cl)cn3)cs2)C1,,,-8.241101715,-8.195394765,444.948,3.6651,3.042008767,0.559626217,91.29,6,3,5,True,CHEMBL4559169,0.605724299,CHEMBL4754584,1.0,0.189473684,1.0
CNC(=O)CN1CCC(Nc2ncc(Cl)c(-c3c[nH]c4ccccc34)n2)CC1,,,-8.136610285,-6.943676344,398.898,2.9006,2.478952844,0.614875982,85.94,5,3,5,True,CHEMBL255948,0.655472468,CHEMBL245336,1.0,0.311688312,1.0
CC(=O)Nc1cc(-c2nc(OCC3CC3)c(C(=O)NCCCNc3c4c(nc5ccccc35)CCCC4)s2)ccn1,CHEMBL4758531,92.8,-6.55480240778472,-7.38490691673711,570.7190000000003,5.611300000000004,2.9931459350248133,0.2006296699073295,118.13,8,3,11,True,CHEMBL4758531,1.0,51195161,0.4732017507638946,1.0,0.1694915254237288
O=C(Cc1cccc2ncc(F)cc12)Nc1scc(Br)c1-c1nnc[nH]1,,,-7.896798353,-8.205239997,432.278,4.1642,3.064669489,0.507390008,83.56,5,2,4,True,CHEMBL3828624,0.653379549,50659436,1.0,0.162790698,1.0
C=CC(=O)Nc1ccc(C(=O)Nc2ccc(Nc3cc(-c4c(-c5ccc(F)cc5)nc(SC)n4C)ccn3)cc2)cc1,,,-6.554311567,-8.203158154,578.673,7.1305,2.691740043,0.127086689,100.94,7,3,9,False,50721052,0.426917081,CHEMBL4101953,1.0,0.192307692,1.0
O=C(Cc1cccc2cnccc12)Nc1scnc1-c1nc[nH]n1,,,-8.013728265,-9.081292656,336.38,2.6576,3.043233454,0.597066834,96.45,6,2,4,True,339350,0.572544009,CHEMBL1288128,1.0,0.102272727,1.0
CC(C)NC(=O)N1CCC(Nc2ncc3ccc(=O)n(C(C)C)c3n2)CC1,,,-8.814636481,-9.134339672,372.473,2.3667,2.605370885,0.859544478,92.15,6,2,4,True,CHEMBL599428,0.581429375,CHEMBL3577874,1.0,0.3375,1.0
COc1cccc(OC)c1C(=O)Nc1c[nH]nc1C(=O)Nc1ccccn1,50234941,940.0,-7.52996213964156,-6.98441638414238,367.36500000000007,2.3265,2.5144398479519072,0.615280745197042,118.23,6,3,6,True,50234941,1.0,CHEMBL1761576,0.4708926261319534,1.0,0.1547619047619047
Cn1c(N2CCNC(c3ccccc3Br)C2)nc(-c2ccncn2)cc1=O,CHEMBL4089702,4.3,-7.34580572477651,-7.58800663908825,427.30600000000015,2.1507,3.211171636307675,0.6907216870123066,75.94,7,1,3,True,CHEMBL4089702,1.0,CHEMBL3310142,0.554256903861579,1.0,0.1702127659574468
CN(C)CC(OC(=O)N1Cc2c(NC(=O)C(C)(C)C)n[nH]c2C1(C)C)c1ccccc1,CHEMBL2064628,227.0,-7.40189051350288,-6.30488772043487,427.5490000000001,3.8845000000000023,3.4540402910052723,0.7556067766828464,90.56,5,2,5,True,CHEMBL2064628,1.0,CHEMBL391656,0.5114786967418546,1.0,0.174757281553398
Cc1cncc(NC(=O)c2cccc(-n3cc(NC(=O)Nc4ccccc4Cl)cn3)c2)c1,,,-8.559791727,-7.372386491,446.898,5.12542,2.299557227,0.395444635,100.94,5,3,5,True,50943622,0.665501297,200729,1.0,0.182795699,1.0
C[S+]([O-])c1ccc(-c2coc3ccc(-c4nnc(N)o4)cc23)cc1,CHEMBL584976,13.0,-8.39884398439902,-7.72306639685673,339.3760000000001,3.469400000000001,3.531046242802354,0.5735078815225301,101.14,6,1,3,False,CHEMBL584976,1.0,50383511,0.6427582387150375,1.0,0.0879120879120879
O=c1oc2cccnc2n1Cc1cn(-c2ccccc2Br)nn1,339350,310.0,-6.48909754634514,-7.90935665341421,372.182,2.381,2.590229554833764,0.5518720005204117,78.74,7,0,3,True,339350,1.0,CHEMBL1682004,0.6804292741094053,1.0,0.1341463414634146
C(=NNc1ncnc2c1cnn2-c1nccs1)c1ccncc1,CHEMBL68397,39.81,-8.1753935627619,-8.35199703316714,322.3570000000001,2.1129999999999995,2.791945793040723,0.4567003080974999,93.77,9,1,4,False,CHEMBL68397,1.0,CHEMBL246543,0.639486177045518,1.0,0.108695652173913
COC(=O)c1c(C)csc1NC(=O)CN1C(=O)CCc2ccccc21,,,-6.6872706,-8.15171859,358.419,2.76102,2.293378928,0.852952868,75.71,5,1,4,True,CHEMBL1682850,0.520589669,CHEMBL1682005,1.0,0.126436782,1.0
Cn1c(N2CCOC3CCCCC32)nc(-c2ccncc2F)cc1=O,CHEMBL3401131,3.7,-8.21963143367737,-8.45459884683506,344.39000000000004,2.1292,3.42970374271156,0.8352121303940476,60.25,6,0,2,True,CHEMBL3401131,1.0,CHEMBL1288966,0.5385487528344671,1.0,0.0588235294117647
Cl.O=c1[nH]nc2c(NCCCc3cccnc3)cc(Cl)cn12,51195503,520.0,-8.24672676772523,-8.40531911700264,340.214,2.5375000000000005,2.6403077244324145,0.7001749791649442,75.08,5,2,5,True,51195503,1.0,CHEMBL1681992,0.6530067514523473,1.0,0.1
Cn1cc(-c2ncco2)c(-c2ccnc(Nc3ccc(N4CCOCC4)cc3)c2)n1,,,-8.743520361,-7.237543131,402.458,3.7173,2.692819063,0.544817075,81.24,8,1,5,False,CHEMBL1940977,0.578822466,CHEMBL1771720,1.0,0.097087379,1.0
CC(C)(C)c1ccc(S(=O)(=O)Nc2ccc(-c3nc(-c4ccnc(Nc5cccc(Cl)c5)c4)no3)cc2)cc1,CHEMBL4783062,190.0,-6.31856838162814,-7.33997815196521,560.0790000000002,7.293900000000005,2.4714643789159663,0.2151846213077842,110.01,7,2,7,True,CHEMBL4783062,1.0,CHEMBL1771714,0.4847829846100639,1.0,0.25
C(=NNc1ncnc2c1cnn2-c1cccnc1)c1ccncc1,CHEMBL66910,31.62,-8.2808063694797,-8.77041137874084,316.32800000000003,2.0515,2.555742419374633,0.4572961694584843,93.77,8,1,4,False,CHEMBL66910,1.0,188581,0.647422680412371,1.0,0.1494252873563218
N#Cc1ccc(CSc2nnc(-c3ccc4c(c3)OCO4)o2)cc1,CHEMBL2064517,130.0,-7.33152186009624,-7.75668930480636,337.3600000000001,3.6292800000000014,2.270436704315045,0.6723547378874327,81.17,7,0,4,True,CHEMBL2064517,1.0,CHEMBL254443,0.6200660255490168,1.0,0.0779220779220779
Cl.Nc1cc(CCCNc2cc(Cl)cn3c(=O)[nH]nc23)ccn1,51195513,249.0,-8.87513162017996,-7.2822141073485,355.2290000000001,2.1197,2.803039772973833,0.6088391121412853,101.1,6,3,5,True,51195513,1.0,CHEMBL4531109,0.6392797700105917,1.0,0.1139240506329113
CSc1nc(-c2ccc(F)cc2)c(-c2ccnc(NC(=O)C3CCC(=O)C3)c2)[nH]1,CHEMBL4571942,73.0,-8.20507291615906,-10.6046969419633,410.4740000000002,4.307400000000002,3.08105214443317,0.6122740690508343,87.74000000000001,5,2,5,True,CHEMBL4571942,1.0,CHEMBL4074524,0.7601968147093099,1.0,0.5294117647058824
O=C(Cn1c(=O)ccc2cc(Cl)ccc21)Nc1scc(Br)c1-c1ncn[nH]1,,,-7.298523863,-8.368799506,464.732,3.9027,2.821774114,0.478920341,92.67,6,2,4,True,50520423,0.503254882,695872,1.0,0.113636364,1.0
Br.CCCCCc1nc(=NCc2cccnc2)sn1-c1ccccc1,CHEMBL2022417,800.0,-6.79576069939063,-7.19888345668223,419.39200000000005,4.740300000000004,2.9475762361766424,0.5194611529578202,43.07,5,0,7,False,CHEMBL2022417,1.0,CHEMBL1946495,0.5685992476211551,1.0,0.1145833333333333
Cc1ncn(-c2ccc(Nc3ncc(Cl)c(-c4ccn(C)n4)n3)cc2)n1,,,-8.832983114,-7.206506125,366.816,3.16322,2.739211028,0.59666395,86.34,8,1,4,True,CHEMBL402932,0.699440218,CHEMBL1771658,1.0,0.267605634,1.0
CS(=O)(=O)Nc1ccc(CCNC(=O)c2ccnc3nc(-c4cccs4)[nH]c23)cc1,50943617,12.0,-8.12296944473339,-8.02090001892917,441.5380000000001,3.030400000000001,2.494817145439443,0.4075454579932019,116.84,6,3,7,True,CHEMBL2048671,1.0,CHEMBL3099975,0.5908302623021895,1.0,0.1111111111111111
O=C1NC(=O)C(c2ccccc2Cl)=C1Nc1cc(Cl)c(O)c(Cl)c1,CHEMBL157258,93.0,-7.91179150092855,-8.31352810220448,383.61800000000005,3.8320000000000007,2.4591369997942145,0.5558324975173015,78.43,4,3,3,True,CHEMBL157258,1.0,CHEMBL248643,0.6109440769693325,1.0,0.0615384615384615
O=C(NC1CC1)c1cc(-n2ncc3cc(Nc4ccccc4Cl)c(F)cc32)cs1,,,-6.798932622,-8.903148454,426.904,5.5153,2.650198378,0.441717266,58.95,5,2,5,True,14648,0.584745763,CHEMBL4861739,1.0,0.189473684,1.0
Fc1ccc(C=NNc2ncnc3c2cnn3-c2ccccc2)cc1,50597773,631.0,-8.40250543435914,-8.76947848905404,332.34200000000004,3.4006000000000016,2.206341256966663,0.4592999594043269,67.99000000000001,6,1,4,False,50597773,1.0,CHEMBL3100083,0.6591564775381233,1.0,0.1219512195121951
COc1nc(-c2ccnc(NC(=O)C3CC3)c2)sc1C(=O)NCCCCNC(=O)COc1cccc2c1C(=O)N(C1CCC(=O)NC1=O)C2=O,51391772,639.0,-7.50291870014438,-7.91070114612931,703.7340000000002,1.6686000000000003,3.707639624590509,0.1399549439350402,215.09,12,4,14,True,51391772,1.0,CHEMBL4093282,0.4163409163729573,1.0,0.2109375
Cn1c(N2CCOC(c3ccc(F)cc3)C2)nc(-c2ccncc2)cc1=O,CHEMBL3091529,22.0,-6.75999392955251,-9.01670414345625,366.3960000000001,2.5593000000000004,2.869704180686375,0.7130150309718214,60.25,6,0,3,True,CHEMBL3091529,1.0,CHEMBL1644625,0.722668810289389,1.0,0.1851851851851851
O=C(O)c1ccc(Nc2ncc3nnn(C45CC6CC(CC(C6)C4)C5)c3n2)cc1,CHEMBL257577,75.0,-7.07680948769439,-6.06428835108822,390.4470000000002,3.5884000000000027,3.8472384116878393,0.7010577128072718,105.82,7,2,4,True,CHEMBL257577,1.0,CHEMBL248983,0.5563108996147745,1.0,0.1666666666666666
CCC(NC(=O)OC1CCC(c2cc(NC(=O)Cc3ccc(C)nc3)n[nH]2)C1)C(F)(F)F,1038738,44.1,-8.44087917560642,-8.07192436575458,453.4650000000001,3.9975200000000015,3.876715507398008,0.5872906112508848,109.0,5,3,7,True,1038738,1.0,CHEMBL4875508,0.5558289756997847,1.0,0.1228070175438596
CCCC(=O)Nc1n[nH]c2cc(Br)ccc12,CHEMBL1086780,198.0,-8.97311024693088,-7.48351299935375,282.141,3.064000000000001,2.2004346291944845,0.9085262049843486,57.78,2,2,3,True,CHEMBL1086780,1.0,51238049,0.5909341163516242,1.0,0.09375
c1cc(-n2cnc(N3CCOCC3)n2)ccc1Nc1ncc2ccc(-c3cnoc3)cc2n1,,,-9.702911399,-6.392845098,440.467,3.4457,2.90653615,0.439604988,107.02,10,1,5,True,CHEMBL3891139,0.643072289,CHEMBL1761556,1.0,0.189473684,1.0
CS(=O)(=O)Nc1ccc(-c2cnc3cccc(Nc4ccc(Cl)cn4)c3c2)cc1,,,-8.07537053,-7.352811189,424.913,5.0653,2.237292725,0.467153664,83.98,5,2,5,True,CHEMBL2064522,0.617528911,CHEMBL248983,1.0,0.090909091,1.0
CC1(C)CC(=O)C2=C(C1)Nc1ncsc1C2(C)c1cccc(F)c1,1121031,455.0,-7.9953635537353,-6.38894697613465,342.439,4.656900000000004,3.763622901315808,0.8196113296126553,41.99,4,1,1,True,1121031,1.0,CHEMBL1761575,0.5101042605225898,1.0,0.15
O=C1Cc2c([nH]c3ccc(Br)cc23)-c2ncccc2N1,CHEMBL336961,18.0,-8.13979425956541,-7.46830579635258,328.169,3.487000000000001,2.590930649502845,0.663652306602305,57.78,2,2,0,False,CHEMBL336961,1.0,51238049,0.6287456445993032,1.0,0.1
COc1ccc(COCC2CCc3nc(-c4ccc(F)cc4)c(-c4ccnc(N)n4)n32)cc1,,,-7.969230636,-9.947468456,445.498,4.4411,3.069224886,0.452469826,88.08,7,1,7,True,13928,0.533283945,CHEMBL372082,1.0,0.184782609,1.0
c1ccc2[nH]c(-c3n[nH]c4ccccc34)nc2c1,29987,744.0,-9.21715964309398,-7.57275801129306,234.26200000000003,3.1062000000000003,2.119638502914992,0.5313446542836318,57.36,2,2,1,True,29987,1.0,51238049,0.7320822519464962,1.0,0.2352941176470588
COc1cccc(-n2ncc3c(NN=C(C)c4ccncc4)ncnc32)c1,CHEMBL302969,63.1,-8.76568188047307,-8.94809352556987,359.3930000000001,3.055200000000001,2.4581643260055,0.4350116686473629,90.11,8,1,5,False,CHEMBL302969,1.0,CHEMBL3947385,0.5925371271683515,1.0,0.1627906976744186
O=C1NCCOc2cc(-c3ccnc(NC(=O)C4CC4)c3)ccc21,CHEMBL3410097,4.7,-9.68166029883517,-7.81535213481723,323.35200000000015,2.2193,2.3844087237224603,0.9074423491398488,80.32,4,2,3,True,CHEMBL3410097,1.0,CHEMBL249998,0.6222845129642607,1.0,0.1447368421052631
COc1cc(F)ccc1-c1ccnc(NC(=O)C2CCCC(NC(C)=O)C2)c1,CHEMBL3673434,903.0,-9.710320178612,-9.38333671453178,385.43900000000025,3.529700000000002,3.001577967458537,0.8251529629555441,80.32,4,2,5,True,CHEMBL3673434,1.0,CHEMBL203225,0.6003181095205635,1.0,0.410958904109589
O=C1Cc2c([nH]c3ccc([N+](=O)[O-])cc23)-c2sccc2N1,CHEMBL119963,34.99,-8.93660880474283,-7.89526385403595,299.311,3.299200000000001,2.8128805435090936,0.5335057456527199,88.03,4,2,1,False,CHEMBL119963,1.0,CHEMBL1946330,0.587904775986988,1.0,0.0449438202247191
COc1ccc(CSc2nnc(C3=CC=C4NC=CN4C3)o2)cc1C(F)(F)F,CHEMBL513878,6.5,-8.15740076432387,-7.74401645149128,408.4050000000001,4.004100000000003,3.3367271600472783,0.7504501257582582,63.42000000000001,7,1,5,True,CHEMBL513878,1.0,50383515,0.5889899115705568,1.0,0.0934579439252336
COc1ccccc1C1=C(Nc2ccccc2)C(=O)NC1=O,CHEMBL156263,216.0,-9.09630477691187,-7.64764742391281,294.31,2.1747999999999994,2.067105774769175,0.8481414738850179,67.43,4,2,4,True,CHEMBL156263,1.0,CHEMBL248643,0.6750252440255806,1.0,0.0461538461538461
NC(=O)c1cccc(-n2ncc3cc(Nc4ccccc4F)ccc32)c1,,,-9.306391124,-9.556628947,346.365,4.0071,2.105439336,0.586357805,72.94,4,2,4,True,51243403,0.63659111,CHEMBL2376924,1.0,0.158536585,1.0
Nc1ncc(-c2ccccc2)cc1NC(=O)c1ccnc(NC(=O)C2CC2)c1,CHEMBL4515584,148.0,-8.04158782116312,-8.10014022735147,373.41600000000017,3.326600000000001,2.1821708138934337,0.6353490799651305,110.0,5,3,5,True,CHEMBL4515584,1.0,CHEMBL4783382,0.680166016853226,1.0,0.2045454545454545
Cn1c(=O)c2cnc(Nc3ccc(C(=O)O)cc3)nc2n1-c1ccccc1,CHEMBL401918,960.0,-8.85059465721057,-8.54235106350247,361.3610000000001,2.561000000000001,2.349251636163695,0.5791499935393548,102.04,7,2,4,True,CHEMBL401918,1.0,CHEMBL1923202,0.7019243022811266,1.0,0.1931818181818181
O=C(NCC(F)F)c1cc(-n2ncc3cc(Nc4ccccc4Cl)c(F)cc32)cs1,,,-7.391429616,-8.866359039,450.873,5.618,2.834633128,0.400704343,58.95,5,2,6,True,CHEMBL4550702,0.634543929,CHEMBL4879188,1.0,0.266666667,1.0
CCCCn1cc(C2=C(c3nnc4ccccn34)C(=O)NC2=O)c2ccccc21,CHEMBL3398201,69.7,-8.0612269682904,-8.76236704082486,385.4270000000001,3.0513000000000003,2.673952833609137,0.535554768608939,81.28999999999999,6,1,5,True,CHEMBL3398201,1.0,CHEMBL1644620,0.664669163545568,1.0,0.1075268817204301
CNC(=O)c1ccccc1Nc1nc(Nc2ccc(N3CCOCC3)cc2OC)ncc1Cl,,,-7.290536938,-7.368732378,468.945,3.822,2.427061288,0.48082264,100.64,8,3,7,True,CHEMBL3736164,0.562610781,CHEMBL458997,1.0,0.183673469,1.0
CCCC(=O)Nc1n[nH]c2cc(Cl)ccc12,CHEMBL1082235,354.0,-9.112156045392,-7.65541950783045,237.69,2.9549000000000003,2.1175023215021778,0.8623935237937935,57.78,2,2,3,True,CHEMBL1082235,1.0,51238049,0.5974725887381527,1.0,0.0923076923076923
COc1cc(NC(=O)c2cccc(-n3ncc4cc(Nc5ccccc5Cl)ccc43)c2)cc(OC)c1OC,,,-9.127959342,-9.724874436,528.996,6.7006,2.375042389,0.232898029,86.64,7,2,8,True,CHEMBL4228654,0.538264047,CHEMBL2376910,1.0,0.233333333,1.0
NC(=O)c1sc(-c2ccnc(NC(=O)C3CC3)c2)nc1OCCCC1CCN(Cc2ccccc2F)CC1,CHEMBL4748993,15.0,-7.68680668521802,-8.02961939150921,537.6610000000003,4.8628000000000045,2.7515447177689687,0.338071967310287,110.44,7,2,11,True,CHEMBL4748993,1.0,CHEMBL2376920,0.5694276968741304,1.0,0.1651376146788991
CS(=O)(=O)Nc1ccc(-c2cnc3cccc(Nc4ccccn4)c3c2)cc1,,,-7.04599777,-7.625776969,390.468,4.4119,2.16110669,0.5272145,83.98,5,2,5,True,CHEMBL3894571,0.622299913,CHEMBL401123,1.0,0.074468085,1.0
CCCC(=O)Nc1n[nH]c2ncc(-c3cccc4ccccc34)cc12,CHEMBL260329,241.0,-9.96949748571394,-10.3256845781528,330.3910000000001,4.516700000000003,2.2597496555654715,0.5778757324063386,70.67,3,2,4,True,CHEMBL260329,1.0,CHEMBL1682012,0.6468232781633743,1.0,0.2409638554216867
COc1cc(CC(=O)Nc2cc(C3CCC(OC(=O)NC(C)C(C)(F)F)C3)[nH]n2)ccn1,1038729,34.0,-7.43913592531124,-7.63550585160988,451.4740000000001,3.400500000000002,3.9484945912355176,0.5661926538053966,118.23,6,3,8,True,1038729,1.0,CHEMBL4876387,0.5293273174733388,1.0,0.1339285714285714
NC(=O)c1ccc(-c2ccnc(NC(=O)C3CC3)c2)nn1,CHEMBL3410112,140.0,-9.04512681500437,-7.75408398757443,283.29099999999994,0.986,2.2773338420749347,0.8686499221838143,110.86,5,2,4,True,CHEMBL3410112,1.0,CHEMBL248643,0.6837225274725275,1.0,0.1384615384615384
O=C(NCC1CCN(CCc2ccccc2)CC1)c1n[nH]c2ccc(-c3cccnc3)cc12,CHEMBL3735061,39.0,-9.37993705488825,-6.64351182533962,439.56300000000016,4.309400000000004,2.336625974754476,0.4500587143766081,73.91,4,2,7,True,CHEMBL3735061,1.0,50383506,0.5902511707109408,1.0,0.1386138613861386
N#Cc1csc(NC(=O)CN2C(=O)CCc3ncccc32)c1-c1nc[nH]n1,,,-6.153492442,-8.216005952,379.405,1.71778,3.34146679,0.710273372,127.66,7,2,4,True,339353,0.534586166,696048,1.0,0.186813187,1.0
C=CC(=O)Nc1cccc(C(=O)Nc2ccc(Nc3cc(-c4c(-c5ccc(F)cc5)nc(SC)n4C)ccn3)cc2)c1,,,-6.86431978,-8.537298043,578.673,7.1305,2.71555312,0.127086689,100.94,7,3,9,False,51376218,0.498567546,CHEMBL4077018,1.0,0.178294574,1.0
CNC(=O)c1sc(-c2ccnc(NC(=O)C3CC3)c2)nc1OCCCCCCCCCCCCOc1cccc2c1C(=O)N(C1CCC(=O)NC1=O)C2=O,CHEMBL4751968,98.0,-9.07386367883821,-8.37739120669998,758.8980000000004,5.673200000000005,3.822224690185303,0.0957538845955553,185.99,11,3,20,True,CHEMBL4751968,1.0,250130,0.3580669490050473,1.0,0.2231404958677686
O=C(O)CN1CCC(CNC(=O)c2n[nH]c3ccc(-c4cccc(F)c4F)cc23)CC1,CHEMBL3736167,27.0,-8.86936566905274,-9.02963222409358,428.4390000000002,3.034500000000002,2.457472409896104,0.5607111278792744,98.32,4,3,6,True,CHEMBL3736167,1.0,CHEMBL1761562,0.5484504132231405,1.0,0.125
O=C1NC(=O)C(c2cnc3ccccn23)=C1c1cn2c3c(cccc13)CN(C(=O)N1CCOCC1)CC2,CHEMBL178737,1.3,-7.61448226345461,-6.57828195361093,496.5270000000005,2.124,3.0782828420555948,0.4287207981799623,101.18,7,1,2,True,CHEMBL178737,1.0,CHEMBL3220477,0.4663299663299663,1.0,0.2233009708737864
O=C(Nc1n[nH]c2nc(-c3cccs3)c(Br)cc12)C1CCCC1,CHEMBL407980,7.0,-7.54479088424582,-8.21282266633248,391.29400000000027,4.577600000000002,2.6423799566707338,0.6868329792639112,70.67,4,2,3,True,CHEMBL407980,1.0,CHEMBL507249,0.6491479306888157,1.0,0.2133333333333333
Cc1ccc2c(-c3ccnc(Nc4ccccc4)n3)c(-c3cccc(C(F)(F)F)c3)nn2n1,13961,794.0,-8.15204690512538,-7.27231701292007,446.4360000000001,5.924120000000005,2.601317320701764,0.3709663895696154,68.0,6,1,4,True,13961,1.0,CHEMBL3220488,0.5459373340414233,1.0,0.1111111111111111
OC1CCC(Nc2ncc(C(F)(F)F)c(NC34CC5CC(CC(O)(C5)C3)C4)n2)CC1,CHEMBL255905,41.0,-8.88656059027253,-5.67293356883461,426.4830000000004,3.706400000000003,4.876143558851488,0.587020690373104,90.3,6,4,4,True,CHEMBL255905,1.0,CHEMBL3394097,0.4328914664457332,1.0,0.1111111111111111
CS(=O)(=O)Nc1ccc(-c2ccnc(Nc3ccc(-n4ccnn4)cc3)n2)cc1,,,-7.463641674,-7.440878622,407.459,2.8394,2.393134702,0.504930299,114.69,8,2,6,True,CHEMBL4472042,0.562187926,CHEMBL571626,1.0,0.170731707,1.0
O=c1oc2cccnc2n1Cc1cn(-c2ccccc2F)nn1,339353,370.0,-6.77001181655338,-8.41047051911499,311.276,1.7575999999999996,2.502705329805062,0.5758316018319899,78.74,7,0,3,True,339353,1.0,CHEMBL1682004,0.6835656302649717,1.0,0.1325301204819277
COC1CCC(NC(=O)c2n[nH]cc2NC(=O)c2ccc(F)cc2F)CC1,50234870,5.0,-8.86314493529556,-7.00747323468772,378.3790000000001,2.627600000000001,2.679865233093082,0.7452411884239288,96.11,4,3,5,True,50234870,1.0,CHEMBL248790,0.6008144126357354,1.0,0.1294117647058823
C=CC(=O)Nc1cccc(C2=C(c3cn(C)c4cc(F)ccc34)C(=O)NC2=O)c1,CHEMBL4632696,199.0,-9.59354453464578,-10.6281051282157,389.3860000000001,3.0091,2.6095794514357564,0.5317817325517512,80.2,4,2,4,False,CHEMBL4632696,1.0,CHEMBL1644637,0.6585838991270612,1.0,0.1649484536082474
Cc1[nH]nc2c1C(c1cccc(C(F)(F)F)c1)C1=C(CC(C)(C)CC1=O)N2,580616,550.0,-7.99397112446079,-6.21307959834791,375.3940000000002,4.937520000000004,3.3709585545869016,0.7424484975031602,57.78,3,2,1,True,580616,1.0,CHEMBL1288100,0.4969823869934721,1.0,0.1195652173913043
CN(C)C(=O)c1ccccc1-c1c[nH]c(=O)c2cc(-c3ccncc3)sc12,CHEMBL1809121,316.23,-8.67192738956411,-6.38858919978181,375.453,4.020400000000003,2.53875693086899,0.5880803315112106,66.06,4,1,3,True,CHEMBL1809121,1.0,696099,0.5060928751783951,1.0,0.12
NC(=O)c1sc(-c2ccnc(NC(=O)C3CC3)c2)nc1OCCCC1CCN(Cc2ccccc2)CC1,CHEMBL4794823,8.0,-6.90568960171081,-7.4441733391988,519.6710000000004,4.7237000000000045,2.6565208842314867,0.3547053174903791,110.44,7,2,11,True,CHEMBL4794823,1.0,222132,0.5413276627218935,1.0,0.1132075471698113
C=CCN1CCN(c2c(C)cccc2NC(=O)c2ccc(Br)o2)CC1,,,-7.247226895,-6.281701449,404.308,3.91082,2.384005516,0.768226547,48.72,4,1,5,False,CHEMBL2391121,0.592839301,CHEMBL1784096,1.0,0.133333333,1.0
CNC(=O)c1cc(-n2ncc3cc(Nc4c(F)cccc4Cl)c(C)nc32)cs1,,,-7.953562487,-8.462108891,415.881,4.68612,2.855347175,0.50704385,71.84,6,2,4,True,CHEMBL3719193,0.581969186,CHEMBL4859957,1.0,0.134020619,1.0
COc1cccc(C2=C(Nc3ccc(Cl)c(C(=O)O)c3)C(=O)NC2=O)c1,CHEMBL349810,85.0,-8.88360572003458,-9.4905371317401,372.76400000000007,2.5264,2.2932429510021226,0.6965051793994514,104.73,5,3,5,True,CHEMBL349810,1.0,50383511,0.5741239892183289,1.0,0.1304347826086956
CCN1CCN(C(=O)c2ccc(CCNC(=O)c3ccc(O)c4nc(-c5cccs5)[nH]c34)cc2)CC1,50721064,46.0,-7.715299414748,-8.90811666560614,503.6280000000002,3.747200000000002,2.5735139141970294,0.3566450360533812,101.56,6,3,7,True,50721064,1.0,CHEMBL570554,0.5481916303730354,1.0,0.0884955752212389
CNS(=O)(=O)c1ccc(-c2ccc(C=C3SC(=N)NC3=O)o2)cc1,CHEMBL233553,80.0,-7.58630161722513,-7.85052912683261,363.4200000000001,1.99337,2.769981368857985,0.719328109036339,112.26,6,3,4,True,CHEMBL233553,1.0,CHEMBL3577856,0.5742816091954023,1.0,0.136986301369863
Cc1cccc(NC(=O)c2ccc(Cl)o2)c1N1CCC2(CC1)OCCO2,,,-7.31524631,-6.900729781,376.84,3.83702,3.102931945,0.881338654,63.94,5,1,3,False,CHEMBL2391121,0.600096246,CHEMBL1783588,1.0,0.113636364,1.0
Nc1nonc1-n1nnc(C(=O)NN=Cc2ccncc2)c1CN1CCCC1,CHEMBL113272,100.0,-5.96084083417972,-6.7728222462987,382.38800000000026,-0.0128000000000001,2.777942066238648,0.4422602238680306,153.24,11,2,6,False,CHEMBL113272,1.0,695875,0.5945212240868707,1.0,0.116504854368932
O=C(Nc1cc(-c2ccc3cccnc3c2)ccn1)C1CC1,CHEMBL3410099,240.0,-9.28401782169492,-7.9528362545518,289.3380000000001,3.6453000000000015,2.032684895648295,0.8004650509684468,54.88,3,1,3,True,CHEMBL3410099,1.0,CHEMBL571619,0.686112461513531,1.0,0.2258064516129032
COC(=O)c1c(C)csc1NC(=O)Cc1ccc(OCCCN2CCCCC2)cc1,,,-5.865099081,-6.269878527,430.57,4.27912,2.249935035,0.475079622,67.87,6,1,9,True,CHEMBL4634672,0.501241722,CHEMBL1682000,1.0,0.104166667,1.0
COc1ccc(-c2cnc(N)c(C(=O)Nc3cnccc3N3CCC(N)CC3)n2)cc1,CHEMBL3942619,0.2,-8.14550748354723,-8.05960986647316,419.48900000000026,2.3092,2.492074835840945,0.5738541197441233,132.28,8,3,5,True,CHEMBL3942619,1.0,CHEMBL1681998,0.5297007592675301,1.0,0.1590909090909091
O=C1NC(=O)C2=C1c1cn(c3ccccc13)CCCc1cc(nc(N3CCCC3)c1)CCCn1cc2c2ccccc21,CHEMBL397771,11.0,-4.52504453759705,-4.11609432218013,555.6820000000004,5.737400000000006,5.558366393069166,0.26802845000801,72.16,6,1,1,False,CHEMBL397771,1.0,696081,0.3282163742690058,1.0,0.101010101010101
NC(=O)c1ccccc1Nc1nc(Nc2ccc(N3CCOCC3)c(F)c2)ncc1Cl,,,-8.356277677,-7.657584023,442.882,3.6918,2.376420558,0.53420597,105.4,7,3,6,False,CHEMBL402932,0.638913344,CHEMBL3220499,1.0,0.283950617,1.0
O=C(NCCCn1ccnc1)c1ccc(O)c2[nH]c(-c3ccc(Cl)cc3Cl)nc12,CHEMBL1957954,15.0,-8.07416000566475,-9.53729571348878,430.2950000000002,4.2589000000000015,2.572132762114366,0.3985781656967335,95.83,5,3,6,True,CHEMBL1957954,1.0,CHEMBL1784097,0.5652947455817815,1.0,0.1313131313131313
CNCc1cncc(-c2ccc3[nH]nc(C(=O)NCC4CCOCC4)c3c2)c1,1216170,6.0,-10.188605776962,-8.27422424560362,379.4640000000002,2.500700000000001,2.5791585765575977,0.612029437897185,91.93,5,3,6,True,1216170,1.0,CHEMBL391656,0.5908783783783784,1.0,0.1650485436893204
COc1cccc(CCC(=O)Nc2cc(-c3[nH]c(SC)nc3-c3ccc(F)cc3)ccn2)c1,CHEMBL4592870,471.0,-7.02098624809835,-10.1645159259082,462.5500000000001,5.579600000000005,2.434758292361682,0.3342934197202444,79.89999999999999,5,2,8,True,CHEMBL4592870,1.0,50383506,0.5894960212201592,1.0,0.1958762886597938
COc1cccc(OC)c1C(=O)Nc1c[nH]nc1C(=O)NCc1ccccn1,50234937,320.0,-7.78946880793609,-6.62172401197593,381.3920000000001,2.0042,2.530993506201124,0.5760803321932861,118.23,6,3,7,True,50234937,1.0,696012,0.4632894443204641,1.0,0.1910112359550561
NC(=O)c1ccccc1Nc1nc(Nc2ccc(N3CCOCC3)cc2F)ncc1Cl,,,-7.898694126,-8.017898916,442.882,3.6918,2.400937584,0.53420597,105.4,7,3,6,True,CHEMBL2391123,0.576948627,CHEMBL3220496,1.0,0.151162791,1.0
O=c1[nH]nc(-c2ccnc(NC3CCC3)c2)n1-c1ccc2ccccc2c1,,,-10.21441258,-11.72247928,357.417,3.7402,2.409464423,0.583325504,75.6,5,2,4,True,CHEMBL345348,0.664046338,CHEMBL1644622,1.0,0.130952381,1.0
CCOc1ccncc1NC(=O)c1ccnc2nc(-c3ccc(F)cc3)[nH]c12,50943624,3.0,-8.02514261353767,-8.54705702639753,377.379,3.8100000000000014,2.412219510474628,0.5516673171111643,92.79,5,2,5,True,CHEMBL2048678,1.0,CHEMBL1946335,0.6238854703001382,1.0,0.2048192771084337
Cc1n[nH]c(-c2c(Cl)csc2NC(=O)CN2C(=O)CCc3ncccc32)n1,,,-6.613314882,-7.93711746,402.867,2.80792,3.168161726,0.697858679,103.87,6,2,4,True,CHEMBL2048668,0.457935561,696030,1.0,0.132075472,1.0
O=C(O)c1ccc(Nc2ncc([N+](=O)[O-])c(NC34CC5CC(CC(C5)C3)C4)n2)cc1,CHEMBL253748,26.0,-7.77257862891094,-5.99532578061874,409.44600000000025,4.207300000000004,3.7445906398152538,0.4777164646224667,130.28000000000003,7,3,6,False,CHEMBL253748,1.0,CHEMBL245733,0.5410815342695452,1.0,0.1666666666666666
Cc1c(CC(=O)Nc2cc(C3CCC(OC(=O)NC(C)CC(F)(F)F)C3)[nH]n2)cnn1C,1038743,33.0,-7.20606803914214,-7.55044877444535,456.4690000000001,3.3360200000000013,4.013965436682206,0.5914302510817272,113.93,6,3,7,True,1038743,1.0,CHEMBL383955,0.5862205503860622,1.0,0.1441441441441441
CN(C)CCOc1ccc(C=Cc2cc(-c3cc4c(=O)[nH]cnc4[nH]3)ccn2)cc1,CHEMBL461140,530.0,-7.06592316482942,-7.81966603716121,401.47,3.4240000000000013,2.759868727698404,0.4954817600555607,86.89999999999999,5,2,7,True,CHEMBL461140,1.0,CHEMBL1771669,0.5877564674397859,1.0,0.09
NC(=O)c1sc(-c2ccnc(NC(=O)C3CC3)c2)nc1OCCCC1CCN(Cc2ccc(F)cc2)CC1,CHEMBL4747992,3.0,-8.62291103460757,-7.74935506315969,537.6610000000003,4.8628000000000045,2.716087131318723,0.338071967310287,110.44,7,2,11,True,CHEMBL4747992,1.0,CHEMBL2376931,0.5279071811549618,1.0,0.1367521367521367
CCOc1ccc(-c2c[nH]c(=O)c3cc(-c4ccncc4)sc23)cn1,CHEMBL1809119,125.89,-8.70479175720255,-8.84231149813802,349.415,4.112300000000002,2.6190042393378654,0.6018648058122493,67.87,5,1,4,True,CHEMBL1809119,1.0,CHEMBL1644634,0.5683745372029141,1.0,0.1052631578947368
COc1ccc(-n2cnc3cc(C(=O)CBr)ccc32)cc1,CHEMBL1801635,580.0,-7.72015087187317,-8.07845792178168,345.196,3.6117000000000026,2.12259438966294,0.5359774683738845,44.120000000000005,4,0,4,False,CHEMBL1801635,1.0,50319408,0.6170728231437936,1.0,0.1282051282051282
COCC1COc2ccc(-c3nnc(SCc4ccc(-c5ccccc5C#N)cc4)o3)cc2O1,CHEMBL2064539,129.0,-6.77255465931907,-7.58699140450811,471.5380000000002,5.353780000000005,3.0394673941116057,0.3331136941878999,90.4,8,0,7,True,CHEMBL2064539,1.0,CHEMBL4847784,0.5499848683546857,1.0,0.109090909090909
O=C(CCCN1CCCC1)Nc1n[nH]c2nnc(-c3ccccc3)cc12,CHEMBL261441,11.0,-9.347904055498,-9.00371316904341,350.4260000000001,2.8344000000000005,2.3948246942588653,0.7137465190878319,86.8,5,2,6,True,CHEMBL261441,1.0,CHEMBL250409,0.5761833467695496,1.0,0.1208791208791208
C=CC(=O)Nc1cccc(C2=C(c3cn(C(C)C)c4ncccc34)C(=O)NC2=O)c1,CHEMBL4648050,34.0,-9.99880704120499,-8.84629604237373,400.4380000000001,3.3089000000000004,2.739400406364563,0.5075998567697885,93.09,5,2,5,False,CHEMBL4648050,1.0,CHEMBL1644629,0.6871988540174502,1.0,0.2142857142857142
CSc1ccc(NC2=C(c3ccc(Cl)cc3)C(=O)NC2=O)cc1,CHEMBL351342,529.0,-9.78561996883018,-8.44102322486012,344.8230000000001,3.541500000000002,2.261784033328864,0.6576257847674362,58.2,4,2,4,True,CHEMBL351342,1.0,CHEMBL248643,0.6459180481701595,1.0,0.0769230769230769
COc1ccc(-n2cnc3ccc(-c4nnc(SCc5cccc(C#N)c5)o4)cc32)cc1,CHEMBL516640,2.3,-8.971708251078,-8.76752667096559,439.5000000000002,5.248080000000003,2.4709903839671323,0.3338868590148817,89.76,8,0,6,True,CHEMBL516640,1.0,CHEMBL551024,0.5574415036440352,1.0,0.146788990825688
Cn1ccc2c(C3=C(c4cn5c6c(cccc46)CNCC5)C(=O)NC3=O)cccc21,51159584,33.0,-7.46232127804971,-7.29062116414043,396.4500000000002,2.8034,2.919198170669226,0.5122230726608347,68.06,5,2,2,False,51159584,1.0,CHEMBL1644629,0.6422491617229817,1.0,0.1264367816091954
CNC(=O)c1cc(-n2ncc3cc(Nc4c(F)cccc4Cl)ncc32)cs1,,,-8.082582469,-8.9230878,401.854,4.3777,2.855891396,0.532060013,71.84,6,2,4,True,CHEMBL4633727,0.640795889,CHEMBL4877727,1.0,0.2,1.0
O=C(CBr)C1=C(c2c[nH]c3ccccc23)C(=O)NC1=O,CHEMBL1801633,47.0,-8.3723015593634,-7.88098802585104,333.14100000000013,1.5418999999999994,2.656141344841988,0.5080629266228821,79.03,3,2,3,False,CHEMBL1801633,1.0,50383520,0.5812324929971988,1.0,0.125
S=c1[nH]nc(-c2ccncc2)n1-c1ccc2ccccc2c1,,,-7.255637158,-10.65056165,304.378,4.14509,2.196869393,0.565996224,46.5,4,1,2,True,51243374,0.580345478,CHEMBL1644616,1.0,0.222222222,1.0
COc1ccc(CSc2nnc(-c3ccc4c(c3)OCO4)o2)cc1F,CHEMBL456218,65.0,-7.08218138336166,-7.89882059444642,360.3660000000001,3.905300000000002,2.2522935965559885,0.639232392898376,66.61000000000001,7,0,5,True,CHEMBL456218,1.0,CHEMBL440566,0.6264064948013104,1.0,0.074074074074074
Cc1ccc(C(=O)Nc2cccc(C(F)(F)F)c2)cc1-c1ccc2nc(NCCN3CCOCC3)ncc2c1,,,-7.486128239,-7.606208924,535.57,5.62042,2.540477265,0.319900192,79.38,6,2,7,True,CHEMBL4870746,0.513988022,CHEMBL215943,1.0,0.247706422,1.0
CC1(C)COc2c(NCCNc3ccccn3)c(F)c(N)c3c(=O)c(C(=O)O)cn1c23,CHEMBL1834326,49.0,-7.8927733968423,-6.98916876535259,427.43600000000026,2.4675,3.123441270686476,0.3485086708626609,131.5,8,4,6,True,CHEMBL1834326,1.0,CHEMBL1946495,0.5679138903126602,1.0,0.196078431372549
COc1ccc2c(c1)c(C=C1SC(=O)NC1=O)cn2C,CHEMBL4160653,890.0,-7.22423973201995,-8.09561208080604,288.32800000000003,2.5108000000000006,2.441432004182646,0.8625855999431129,60.33,5,1,2,True,CHEMBL4160653,1.0,CHEMBL220227,0.5586130109750278,1.0,0.056338028169014
CN1CCC(CNC(=O)c2cccc(-n3cc(NC(=O)Nc4ccccc4Cl)cn3)c2)CC1,,,-7.935248501,-8.500009828,466.973,4.2413,2.337339669,0.506355347,91.29,5,3,6,True,CHEMBL2046466,0.561506276,CHEMBL3355182,1.0,0.158415842,1.0
COc1cc(CCC(=O)Nc2cc(-c3[nH]c(SC)nc3-c3ccc(F)cc3)ccn2)cc(OC)c1OC,CHEMBL4520113,363.0,-6.90979093921097,-8.32387234038578,522.6020000000002,5.596800000000005,2.6010140874768397,0.2618103062092063,98.36,7,2,10,True,CHEMBL4520113,1.0,CHEMBL485323,0.5019538882375928,1.0,0.17
COc1cc2c(cc1OC)-c1[nH]c3ccc(Br)cc3c1CC(=O)N2,CHEMBL319373,100.0,-8.2875024884096,-7.71732843010477,387.2330000000001,4.109200000000002,2.460072170505855,0.6958616869665645,63.35,3,2,2,True,CHEMBL319373,1.0,CHEMBL482708,0.5260240638096525,1.0,0.0602409638554216
Fc1ccc(-c2conc2-c2ccnc(Nc3ccc(N4CCOCC4)cc3)c2)cc1,,,-8.063793122,-11.14328214,416.456,5.1229,2.449830961,0.487060187,63.42,6,1,5,False,CHEMBL4637462,0.618151071,CHEMBL3099965,1.0,0.091836735,1.0
CCc1ccccc1C(=O)Nc1c[nH]nc1C(=O)NC1CCC(OC)CC1,50234864,20.0,-9.19473085644926,-6.85850150653209,370.4530000000002,2.9118000000000013,2.6501087790208384,0.728368132126321,96.11,4,3,6,True,50234864,1.0,CHEMBL1682018,0.4271735462827578,1.0,0.1847826086956521
C=CC(=O)Nc1ccc(C(=O)Nc2ccc(Nc3cc(-c4[nH]c(SC)nc4C)ccn3)cc2)cc1,,,-8.179775463,-8.899910915,484.585,5.62242,2.655947755,0.190701208,111.8,6,4,8,False,CHEMBL304172,0.527104845,CHEMBL4100292,1.0,0.164948454,1.0
O=C1NC(=O)C(c2ccc(Cl)cc2)=C1Nc1cccc(O)c1,CHEMBL347419,407.0,-10.4367707113065,-8.40310965445586,314.728,2.5252,2.2367571040850205,0.7607243319433188,78.43,4,3,3,True,CHEMBL347419,1.0,CHEMBL248643,0.6483336069610901,1.0,0.1451612903225806
COC1CCCc2nc(C3C(=O)Nc4ccc(C#N)cc43)ccc21,557196,100.0,-8.45039652432858,-7.78592683762558,319.3640000000001,3.0610800000000014,3.60848230049149,0.9228468269230318,75.00999999999999,4,1,2,True,557196,1.0,51238049,0.580640173186949,1.0,0.075
CCCC(=O)Nc1n[nH]c2ncc(-c3ccc4ccccc4c3)cc12,CHEMBL406062,169.0,-8.2940562957409,-11.0260933735563,330.3910000000001,4.516700000000003,2.2546398557762206,0.5778757324063386,70.67,3,2,4,True,CHEMBL406062,1.0,CHEMBL1682009,0.6019662548159957,1.0,0.225
Clc1cc(Cl)cc(Nc2nccc(-c3cnn4ncccc34)n2)c1,13904,10.0,-7.83319745473099,-8.75700714954109,357.20400000000006,4.236700000000003,2.603826430363645,0.5941222218012331,68.0,6,1,3,True,13904,1.0,CHEMBL246543,0.6679022515101593,1.0,0.225
Cn1cnc(-c2c(Cl)csc2NC(=O)Cn2c(=O)ccn3nc(C(F)(F)F)cc23)n1,,,-6.681477507,-7.996143046,457.825,2.6639,3.46990128,0.507702947,99.11,9,1,4,True,51159603,0.532289184,696096,1.0,0.091743119,1.0
N#Cc1cc(F)ccc1-c1ccc(CSc2nnc(-c3ccc4c(c3)OCCO4)o2)cc1,CHEMBL2064535,185.0,-7.31021369537301,-7.33947955650519,445.47500000000025,5.477880000000003,2.464173362690536,0.3764280665701854,81.17,7,0,5,True,CHEMBL2064535,1.0,CHEMBL246544,0.5443344334433443,1.0,0.0693069306930693
Cn1c(NCC(=O)c2ccccc2)nc(-c2ccncc2)cc1=O,CHEMBL3091545,8.9,-8.38682236598303,-9.10114045296563,320.3520000000001,2.1371,2.2564241083378445,0.7288727646297161,76.88,6,1,5,True,CHEMBL3091545,1.0,CHEMBL4470981,0.6573596792668958,1.0,0.1358024691358024
CCCCCNC(=O)c1n[nH]cc1NC(=O)c1c(OC)cccc1OC,50234946,100.0,-7.74093799883164,-7.34723825308821,360.4140000000001,2.5992000000000006,2.475195348262396,0.5962190481624619,105.34,5,3,9,True,50234946,1.0,CHEMBL1923216,0.5659187386294724,1.0,0.175
CCOc1nc(C(=O)NCc2ccc(S(C)(=O)=O)cc2)cc(N)c1Cl,,,-6.600690237,-6.677666532,383.857,2.0494,2.307698295,0.78912665,111.38,6,2,6,True,CHEMBL4093930,0.537070744,CHEMBL377383,1.0,0.129032258,1.0
COc1ccc(Oc2cc(Nc3c(Cl)cccc3C(N)=O)c(C(F)(F)F)cn2)cc1,,,-7.725924281,-6.391779372,437.805,5.3972,2.440901836,0.539086305,86.47,5,2,6,True,51159565,0.534568459,CHEMBL1923213,1.0,0.070707071,1.0
O=C(Cn1c(=O)ccn2nccc12)Nc1scc(Br)c1-c1nnc[nH]1,,,-6.213842356,-7.329751225,420.252,1.7438,3.563399313,0.522861717,109.97,8,2,4,True,CHEMBL3828150,0.556822599,50659447,1.0,0.119565217,1.0
C1=CC2C(c3ccnc(Nc4ccccc4)n3)=CNN2C=C1,CHEMBL253272,150.0,-9.51047492389852,-9.11140953618023,289.34200000000004,2.8334,3.44577258195227,0.9097204177810524,53.080000000000005,5,2,3,True,CHEMBL253272,1.0,CHEMBL4777530,0.6241044419678395,1.0,0.1038961038961039
CCS(=O)(=O)Nc1ccc(CCNC(=O)c2ccnc3nc(-c4ccc(F)cc4F)[nH]c23)cc1,50943606,2.0,-7.83764322953947,-8.20408020856153,485.5160000000001,3.6372000000000018,2.57073926549994,0.3523762677676854,116.84,5,3,8,True,CHEMBL2048660,1.0,CHEMBL1761562,0.5396285130798405,1.0,0.1333333333333333
O=C1NCCC(=NNc2cccnc2)c2c1[nH]c1ccc(F)cc21,111163,557.0,-9.71700006200739,-9.83412224989639,323.3310000000001,2.651700000000001,2.8222435732207884,0.6341489002096692,82.16999999999999,4,3,2,False,111163,1.0,CHEMBL1822152,0.5276211950394589,1.0,0.1428571428571428
CNC(=O)c1sc(-c2ccnc(NC(=O)C3CC3)c2)nc1OCCCC#Cc1ccc2c(c1)C(=O)N(C1CCC(=O)NC1=O)C2=O,51391782,79.0,-6.95289523834688,-7.71412917009932,640.6780000000002,2.5251,3.762802043118418,0.1802113535832966,176.76,10,3,9,True,51391782,1.0,CHEMBL3355997,0.4109290386103101,1.0,0.1746031746031746
OCCN=c1nc(-c2cccc3ccccc23)n(-c2ccccc2)s1,50932568,300.0,-7.39234716936908,-7.30384258433111,347.44300000000004,3.647000000000003,2.739298429523835,0.6125674126520119,50.41,5,1,4,False,50932568,1.0,CHEMBL1783596,0.5390615327473072,1.0,0.0963855421686747
O=C(Nc1n[nH]c2nc(-c3cccs3)c(Br)cc12)C1CC1,CHEMBL260231,39.0,-7.32259363310786,-8.08252272728043,363.2400000000002,3.7974000000000014,2.674520543509093,0.7437309949783781,70.67,4,2,3,True,CHEMBL260231,1.0,CHEMBL4470981,0.6736257134274557,1.0,0.144578313253012
O=C(CN1C(=O)CCc2ccc(Cl)cc21)Nc1scc(Br)c1-c1ncn[nH]1,,,-7.624123448,-7.266518974,466.748,3.867,2.86492736,0.610585319,90.98,5,2,4,True,CHEMBL2386747,0.500917642,695720,1.0,0.172043011,1.0
O=C(Cc1cccc2ncc(C(F)(F)F)cc12)Nc1scc(Br)c1-c1nc[nH]n1,,,-7.045920218,-7.40279813,482.285,5.0439,3.155201319,0.42698513,83.56,5,2,4,True,CHEMBL523735,0.569150262,695922,1.0,0.127659574,1.0
COc1ccccc1Nc1cc(-c2ccnc(Nc3ccccc3OC)c2)ccn1,,,-8.615628575,-10.74360004,398.466,5.648,2.157495711,0.419361902,68.3,6,2,7,True,13910,0.620935961,CHEMBL437706,1.0,0.25,1.0
COCCN1CCC(CNC(=O)c2n[nH]c3ccc(-c4ccccc4F)cc23)CC1,607831,70.0,-9.10441878024979,-8.23296137230038,410.4930000000002,3.457200000000002,2.33782204334827,0.6259262573287458,70.25,4,2,7,True,607831,1.0,CHEMBL380625,0.6106215485841852,1.0,0.1494252873563218
O=C(NCCCN1CCN(c2cccc(Cl)c2)CC1)c1nc(-c2cccnc2)no1,CHEMBL401654,890.0,-7.00133008909832,-6.27664111996866,426.9080000000002,2.7271,2.304052529241688,0.5809395515398427,87.39,7,1,7,True,CHEMBL401654,1.0,CHEMBL4744126,0.5503200176561465,1.0,0.18
CCOC(=O)c1ccc(CN2CCC(CNC(=O)c3n[nH]c4ccc(OC)cc34)CC2)o1,CHEMBL3735529,330.0,-8.62982064419968,-6.54441718853647,440.50000000000017,2.983200000000001,2.483062411292257,0.5183209377243752,109.69,7,2,8,True,CHEMBL3735529,1.0,CHEMBL1771720,0.5167493796526055,1.0,0.0857142857142857
Nc1nonc1-n1nnc(-c2n[nH]c(-c3ccncc3)n2)c1CN1CCCC1,CHEMBL323944,240.0,-6.55390930575301,-6.08743632899524,379.38800000000026,0.6753999999999993,2.9861460062011247,0.5055606347838032,153.35000000000002,11,2,5,True,CHEMBL323944,1.0,CHEMBL234838,0.6244331065759637,1.0,0.0909090909090909
COc1ccccc1C1CN(c2nc(-c3ccncn3)cc(=O)n2C)CCO1,CHEMBL3091540,0.87,-7.55223431141882,-7.93509771630342,379.4200000000002,1.8238,3.0527123249837302,0.683786339039379,82.37000000000002,8,0,4,True,CHEMBL3091540,1.0,CHEMBL4795574,0.569182782283219,1.0,0.108695652173913
CC1(C)CC(=O)C2=C(C1)Nc1n[nH]c(C(F)(F)F)c1C2c1ccccc1,580679,100.0,-8.14012538931476,-5.32532249998882,361.3670000000001,4.629100000000003,3.375761406536866,0.7786338526590817,57.78,3,2,1,True,580679,1.0,50383517,0.3486186806991167,1.0,0.1052631578947368
COc1cccc(-n2ncc3c(N=NCc4ccc(C#N)cc4)ncnc32)c1,14682,15.85,-7.3132366643533,-8.0968367345428,369.3880000000001,3.9796800000000023,2.8228069818108814,0.4952296981105757,101.34,8,0,5,False,14682,1.0,50319425,0.5705794947994056,1.0,0.108695652173913
N#CCc1cnc(-c2ccc3ccccc3n2)n1-c1ccnc(NC2CCCN(C(=O)C3CC3)C2)n1,,,-7.47588307,-6.672274639,478.56,3.75648,3.385895345,0.448941259,112.62,8,1,6,True,CHEMBL2064515,0.501062802,784824,1.0,0.099009901,1.0
COc1ccccc1-n1cc(Cn2c(=O)oc3cccnc32)nn1,339361,740.0,-6.67610167532663,-8.30318349933361,323.312,1.6270999999999998,2.474604232561447,0.5670086447782534,87.97,8,0,4,True,339361,1.0,695717,0.6648145575774413,1.0,0.1276595744680851
CCCCc1c(-c2ccc(O)cc2)[nH]c2nccnc12,51159492,646.0,-8.32287059120137,-8.33058729717174,267.33200000000005,3.6731000000000016,2.413986352420615,0.7577317478081562,61.8,3,2,4,True,51159492,1.0,CHEMBL3577865,0.5456065673456978,1.0,0.1428571428571428
Cc1cccc(-n2ncc3c(NN=Cc4ccncc4)ncnc32)c1,CHEMBL294592,158.49,-9.32028881624068,-8.733326966141,329.3670000000001,2.964920000000001,2.438065997091403,0.4597275869219213,80.88000000000001,7,1,4,False,CHEMBL294592,1.0,188581,0.6802563403326971,1.0,0.1063829787234042
O=C(O)C=Cc1ccc(Nc2ncc3nnn(-c4ccccc4)c3n2)cc1,CHEMBL255735,7.0,-9.21486873169111,-8.77097115781428,358.36100000000005,3.0519000000000016,2.29377367361991,0.5281511639253668,105.82,7,2,5,True,CHEMBL255735,1.0,CHEMBL4851793,0.6491690846742284,1.0,0.2317073170731707
O=C(Nc1ncnc2oc(-c3ccc(Cl)cc3)cc12)C1CCCC1,CHEMBL183171,550.0,-8.47323575058862,-7.5033814804049,341.79800000000023,4.671900000000003,2.3397248919021063,0.751111883657231,68.02000000000001,4,1,3,True,CHEMBL183171,1.0,CHEMBL3393595,0.6130013030259157,1.0,0.1466666666666666
COc1ccncc1-c1ccc2[nH]nc(C(=O)NCC3CCN(Cc4ccc(C(=O)O)o4)CC3)c2c1,CHEMBL3735176,9.6,-10.5346097678724,-7.71886578160962,489.5320000000005,3.5667000000000018,2.709869239640817,0.3420821714378075,133.58,7,3,8,True,CHEMBL3735176,1.0,CHEMBL1761562,0.4800072866381273,1.0,0.1531531531531531
COc1cc(C=C2C(=O)Nc3ccc(NC(C)=O)cc32)cc(OC)c1OC,CHEMBL4450851,232.9,-8.27711933803619,-9.52294781669177,368.3890000000002,3.1635000000000018,2.2080490387610983,0.792019174828483,85.89000000000001,5,2,5,True,CHEMBL4450851,1.0,695913,0.507285866603483,1.0,0.1235955056179775
CN(C)Cc1ccncc1-c1ccc2[nH]nc(C(=O)NCC3CCOCC3)c2c1,1216158,220.0,-9.73525915045259,-6.64155712175022,393.4910000000002,2.842900000000001,2.6444984380047423,0.672879899145416,83.14,5,2,6,True,1216158,1.0,CHEMBL1923211,0.4947546889901452,1.0,0.1263157894736842
CCS(=O)(=O)Nc1ccc(CCNC(=O)c2ccc(O)c3[nH]c(-c4ccccc4)nc23)cc1,CHEMBL2048657,47.0,-8.35342981063357,-9.94304417995025,464.54700000000014,3.6696000000000017,2.3957326984259435,0.3167260361495604,124.18000000000002,5,4,8,True,CHEMBL2048657,1.0,CHEMBL1761568,0.5686596246538816,1.0,0.1414141414141414
COc1ccc(-c2ocnc2C(=O)NCc2ccnnc2)cc1Cl,CHEMBL1957228,19.95,-7.45998568527847,-7.95307966101799,344.75800000000004,2.723600000000001,2.5313525364314917,0.7649677150609355,90.14,6,1,5,True,CHEMBL1957228,1.0,695985,0.5384250474383302,1.0,0.1274509803921568
NC(=O)c1ccc(Nc2nccc(-c3cnn4ncccc34)n2)cc1,CHEMBL523735,20.0,-8.72903457029012,-9.00411567863529,331.33900000000006,2.0287999999999995,2.46953785366874,0.5916948697299129,111.09,7,2,4,True,CHEMBL523735,1.0,CHEMBL246543,0.6840340829724822,1.0,0.2592592592592592
Cn1cc(C2=C(c3coc4cc(CO)ccc34)C(=O)NC2=O)c2cc(F)ccc21,CHEMBL477038,0.35,-10.1780339516729,-8.98230087431585,390.37000000000006,3.123100000000001,2.732309386812032,0.5266524862968391,84.47,5,2,3,True,CHEMBL477038,1.0,CHEMBL248833,0.6061448814726527,1.0,0.15
CS(=O)(=O)Nc1ccc(CCNC(=O)c2ccnc3[nH]c(-c4ccc(Cl)cc4)nc23)cc1,CHEMBL2048669,10.0,-7.82175424844956,-8.33956130390209,469.9540000000002,3.622300000000002,2.374253373841414,0.3818838747131097,116.84000000000002,5,3,7,True,CHEMBL2048669,1.0,CHEMBL3355995,0.5143335815338794,1.0,0.1485148514851485
Cn1cc(C2=C(c3coc4ncccc34)C(=O)NC2=O)c2cc(Cl)ccc21,310197,170.0,-7.71627592420984,-8.45911919852373,377.7870000000001,3.5401000000000016,2.809898789010848,0.541917979506097,77.13,5,1,2,True,310197,1.0,CHEMBL1991853,0.6159656398104265,1.0,0.1139240506329113
CCCC1=Nc2[nH]ncc2C(c2cccc(C#N)c2Br)C1c1nnc(C)o1,50855581,0.7,-4.82222243964084,-4.53113037181729,425.2900000000001,4.537200000000003,4.242165381459851,0.6612106393971733,103.75,6,1,4,True,50855581,1.0,CHEMBL3394104,0.4418489557557161,1.0,0.0825688073394495
C(=NNc1ncnc2c1cnn2-c1ccccc1)c1ccncc1,CHEMBL63727,100.0,-7.94508774535198,-8.68679583553566,315.34000000000003,2.6565000000000003,2.345103957836171,0.4623701699037953,80.88000000000001,7,1,4,False,CHEMBL63727,1.0,CHEMBL3947385,0.6362267250821467,1.0,0.0963855421686747
Cc1ccc2c(-c3ccnc(Nc4cccc(C(F)(F)F)c4)n3)cnn2n1,13919,10.0,-9.19047807097323,-8.01659906891271,370.338,4.257120000000002,2.6138642235762823,0.5837072761625595,68.0,6,1,3,True,13919,1.0,CHEMBL3220489,0.6984394770139182,1.0,0.1149425287356321
O=c1n(Cc2ccccn2)nc(-c2ccnc(NC3CCOCC3)c2)n1-c1ccc2ccccc2c1,,,-7.175387218,-9.732335577,478.556,4.2834,2.69934345,0.391990758,86.86,8,1,6,True,CHEMBL2022419,0.539975894,CHEMBL1644615,1.0,0.125,1.0
O=C(Cn1c(=O)ccn2nccc12)Nc1scc(Cl)c1-c1ncn[nH]1,,,-6.91401306,-7.900806436,375.801,1.6347,3.32174739,0.56302899,109.97,8,2,4,True,CHEMBL3828150,0.584476102,696015,1.0,0.11827957,1.0
Nc1ncc(-c2ccc(F)cc2)cc1N=Cc1ccnc(NC(=O)C2CC2)c1,CHEMBL4455516,418.0,-8.21515199156677,-8.39614444785618,375.40700000000015,3.964000000000002,2.59364562158574,0.6601469277862156,93.26,5,2,5,True,CHEMBL4455516,1.0,CHEMBL1761554,0.6383221247007865,1.0,0.1326530612244898
N#Cc1ccc2c(ccc(=O)n2CC(=O)Nc2scc(Br)c2-c2nnc[nH]2)c1,,,-7.16603015,-7.590648704,455.297,3.12098,3.135963122,0.490652937,116.46,7,2,4,True,CHEMBL569998,0.579710145,50659455,1.0,0.122222222,1.0
CSc1nc(-c2ccc(F)cc2)c(-c2ccnc(NC(C)=O)c2)[nH]1,CHEMBL1773425,152.0,-7.65997475389979,-9.88423766244658,342.39900000000006,3.9581000000000017,2.386465609419883,0.704230066516671,70.67,4,2,4,True,CHEMBL1773425,1.0,CHEMBL4074524,0.7561492790500424,1.0,0.5964912280701754
O=C(Nc1n[nH]c2nc(-c3ccc(O)cc3)c(Br)cc12)C1CC1,CHEMBL260417,0.8,-6.76563899314934,-8.24267850482677,373.21000000000015,3.4415000000000004,2.542797051080344,0.6560527907285337,90.9,4,3,3,True,CHEMBL260417,1.0,CHEMBL383177,0.6803317164762948,1.0,0.2063492063492063
COc1ccc(CC(=O)Nc2scc(C)c2-c2nnc(C)[nH]2)cc1,,,-7.284385231,-7.924157332,342.424,3.33984,2.746371944,0.745118317,79.9,5,2,5,True,CHEMBL1834110,0.585238406,50626374,1.0,0.104651163,1.0
Cc1ccc(-c2cccc3cnc(NC4CCC(C(=O)N5CCCC5)CC4)nc23)cn1,,,-8.420266852,-9.160424994,415.541,4.59332,2.492148674,0.674619149,71.01,5,1,4,True,50721049,0.611968704,CHEMBL1761576,1.0,0.159574468,1.0
O=C(Nc1n[nH]c2cc(-c3cccs3)ccc12)C1CC1,CHEMBL318522,215.0,-8.04945529725865,-7.64100067205838,283.3560000000001,3.6399000000000017,2.272099084516105,0.7706759457685758,57.78,3,2,3,True,CHEMBL318522,1.0,51238011,0.6451339437097321,1.0,0.1029411764705882
COc1ccc(Nc2ncc3nc(Nc4c(F)cccc4F)n(C4CCCC4)c3n2)cc1,,,-7.301303563,-10.2203237,436.466,5.7154,2.52651807,0.402865235,76.89,7,2,6,True,CHEMBL4633727,0.579910293,CHEMBL1946328,1.0,0.172413793,1.0
Cc1nc(-c2ccc3occ(-c4ccc([S+](C)[O-])cc4)c3c2)no1,CHEMBL574600,680.0,-8.28623339495707,-7.90868267094772,338.38800000000003,4.195620000000004,3.398797413370916,0.5234409828222889,75.12,5,0,3,False,CHEMBL574600,1.0,CHEMBL250409,0.6048727535882281,1.0,0.1294117647058823
O=C1NC(=O)C(c2cn3c4c(cccc24)CNCC3)=C1c1cccc2sccc12,51159590,34.0,-9.68480503196268,-6.91216950075884,399.4750000000001,3.526400000000001,2.898230351385481,0.5071229712364682,63.13,5,2,2,True,51159590,1.0,696081,0.5162060730126237,1.0,0.1212121212121212
O=C(NCC1CCN(Cc2ccccc2)CC1)c1cncc(NC(=O)c2ccnc(NC(=O)C3CC3)c2)c1,CHEMBL4851835,305.0,-7.65900344611521,-8.02343570970831,512.6140000000003,3.719400000000002,2.414576945907804,0.402471020401455,116.32000000000002,6,3,9,True,CHEMBL4851835,1.0,51195162,0.5030741110003323,1.0,0.1666666666666666
O=C(Cn1c(=O)ccc2cnccc21)Nc1scc(Br)c1-c1ncn[nH]1,,,-6.227147089,-8.708737644,431.275,2.6443,2.930876874,0.51702481,105.56,7,2,4,True,14383,0.523056002,CHEMBL1822140,1.0,0.127659574,1.0
COc1cnc(NCc2ccccc2)nc1-c1cc2c([nH]1)CCNC2=O,CHEMBL2203555,98.0,-7.7398261822925,-7.41162627324914,349.3940000000001,2.3782999999999994,2.6486671412855234,0.657691744324752,91.93,5,3,5,True,CHEMBL2203555,1.0,CHEMBL3393596,0.6456476140534871,1.0,0.1428571428571428
O=C1NC(=O)C(c2cnc3ccncn23)=C1c1cn2c3c(cccc13)CNCC2,51159608,330.0,-9.91574797466532,-6.97636740363348,384.3990000000002,1.3543999999999994,3.135714695276881,0.5091739575890728,93.32,7,2,2,True,51159608,1.0,CHEMBL1822308,0.4836453625995266,1.0,0.1018518518518518
COc1cc(Nc2ncc(Cl)c(Nc3ccccc3C(N)=O)n2)ccc1N1CCOCC1,,,-9.192848032,-7.775077688,454.918,3.5613,2.386941508,0.496086348,114.63,8,3,7,False,13918,0.595094124,CHEMBL3220497,1.0,0.274725275,1.0
COc1ccc(CC(=O)Nc2ccsc2-c2ncco2)cc1,,,-6.712372682,-6.695871526,314.366,3.5929,2.31598153,0.781359056,64.36,5,1,5,True,CHEMBL451857,0.630284397,CHEMBL1288068,1.0,0.120481928,1.0
Fc1ccccc1-n1cc(CSc2nnc(Cn3c(C(F)(F)F)nc4ccccc43)o2)nn1,CHEMBL4639781,270.0,-6.91854822568205,-7.74564473279478,475.4310000000001,4.498500000000003,2.777067280215934,0.2640137936562451,87.45,9,0,6,True,CHEMBL4639781,1.0,CHEMBL1923212,0.5639769138625721,1.0,0.1443298969072164
CSc1nc(-c2ccc(F)cc2)c(-c2ccnc(NC(=O)CN3CCCC3=O)c2)[nH]1,CHEMBL4566059,126.0,-6.76899712434865,-9.05274792270727,425.48900000000026,3.560600000000001,2.5698294889099262,0.5895315702122446,90.98,5,2,6,True,CHEMBL4566059,1.0,CHEMBL4074524,0.7371335095004404,1.0,0.5072463768115942
CNC(=O)c1sc(-c2ccnc(NC(=O)C3CC3)c2)nc1OCCc1cn(CCNc2c3c(nc4ccccc24)CCCC3)nn1,CHEMBL4796602,72.0,-9.10241110982878,-7.00959039537879,637.77,4.665300000000004,3.252117059278456,0.1775256017070964,148.84000000000003,11,3,12,True,CHEMBL4796602,1.0,CHEMBL3220484,0.443230403800475,1.0,0.2166666666666666
c1cncc(-c2ccc3cnc(Nc4ccc(-n5cnc(N6CCOCC6)n5)cc4)nc3c2)c1,,,-9.808358181,-8.052828927,450.506,3.8527,2.643735391,0.431551371,93.88,9,1,5,True,CHEMBL304172,0.622812773,CHEMBL1761558,1.0,0.164948454,1.0
N#Cc1ccc2[nH]c(O)c(-c3ccc(CN4CCOCC4)cn3)c2c1,CHEMBL1969664,31.0,-9.36841296593481,-8.07285546223868,334.3790000000001,2.639380000000001,2.5601315312240605,0.768976962384502,85.17,5,2,3,True,CHEMBL1969664,1.0,CHEMBL4442806,0.6766196411450487,1.0,0.0760869565217391
COc1ccccc1C1=C(Nc2ccc(SC)cc2)C(=O)NC1=O,CHEMBL349540,110.0,-9.29912734553351,-8.33290537488467,340.40400000000005,2.8967,2.291094116207214,0.6470312798642409,67.43,5,2,5,True,CHEMBL349540,1.0,CHEMBL1644629,0.6223051409618574,1.0,0.1298701298701298
CCCC(=O)Nc1n[nH]c2cc(-c3ccccc3)ccc12,CHEMBL1086174,390.0,-7.70448047839537,-7.65904137814618,279.343,3.9685000000000015,1.979329370747429,0.7588748236828992,57.78,2,2,4,True,CHEMBL1086174,1.0,CHEMBL4754904,0.6564387138893423,1.0,0.2419354838709677
O=C(NC1CCOCC1)c1n[nH]c2ccc(-c3cccc(F)c3F)cc12,CHEMBL4633727,22.0,-10.3555335249336,-8.07416736594765,357.36000000000007,3.416900000000002,2.3850153356175063,0.7548092416352361,67.00999999999999,3,2,3,True,CHEMBL4633727,1.0,CHEMBL400863,0.6220709516952481,1.0,0.1264367816091954
Nc1c(F)c(NCCNc2cccc3ccccc23)c(F)c2c1c(=O)c(C(=O)O)cn2C1CC1,CHEMBL1834118,47.0,-7.06188530786137,-9.53171978944046,464.4720000000003,4.572200000000003,2.7304014972813158,0.2356417692737893,109.38,6,4,7,True,CHEMBL1834118,1.0,CHEMBL4875476,0.5703862660944206,1.0,0.1584158415841584
COc1c(NCCNc2cccc3ccccc23)c(F)c(N)c2c(=O)c(C(=O)O)cn(C3CC3)c12,CHEMBL1834125,31.0,-7.66492595103437,-8.44800967689318,476.5080000000004,4.441700000000003,2.7712308602775533,0.21926507814282,118.61,7,4,8,True,CHEMBL1834125,1.0,CHEMBL1682003,0.5817934474549371,1.0,0.1702127659574468
O=C(Nc1ncnc2nc(-c3ccc4ccccc4c3)[nH]c12)C1CC1,50586513,169.0,-7.86825427261926,-8.499832588908,329.3630000000001,3.521600000000001,2.317825735649773,0.602179837082921,83.56,4,2,3,True,CHEMBL1210406,1.0,50626377,0.6444015975760915,1.0,0.1647058823529411
O=c1[nH]cc(-c2ccc(O)cc2)c2sc(-c3ccncc3)cc12,CHEMBL1738953,125.89,-8.96710779020697,-9.00206611866434,320.37300000000005,4.024200000000002,2.4445101518486894,0.5859606798784088,65.98,4,2,2,True,CHEMBL1738953,1.0,50626377,0.5974721802445391,1.0,0.1481481481481481
O=C(Nc1n[nH]c2nc(-c3ccccc3)c(Br)cc12)C1CC1,CHEMBL259270,75.0,-6.95089741459094,-7.62225672148249,357.2110000000002,3.7359000000000018,2.41003984070324,0.7503283847653187,70.67,3,2,3,True,CHEMBL259270,1.0,CHEMBL4470981,0.6405429071803853,1.0,0.15
O=C(Nc1n[nH]c2nc(-c3nccs3)c(Br)cc12)C1CC1,CHEMBL261690,99.0,-7.18030655847965,-8.1494041535203,364.2280000000001,3.192400000000001,2.8891566973552454,0.7477324025471656,83.56,5,2,3,True,CHEMBL261690,1.0,CHEMBL246543,0.567131824955968,1.0,0.1839080459770115
CCCC(=O)Nc1n[nH]c2cc(Cl)c(-c3ccc(F)cc3)cc12,CHEMBL1091082,22.0,-9.72969965258077,-8.47302707218248,331.778,4.761000000000003,2.218848175340698,0.7237023552142279,57.78,2,2,4,True,CHEMBL1091082,1.0,CHEMBL400863,0.5247196738022426,1.0,0.108433734939759
Cl.Cn1c(N2CCNC(c3ccc(Cl)cc3)C2)nc(-c2ccncc2)cc1=O,CHEMBL4076001,11.0,-8.00846576752455,-8.6617173178836,418.3280000000002,3.0684000000000013,3.0194060391457995,0.7086303312903858,63.05,6,1,3,True,CHEMBL4080483,1.0,CHEMBL1644634,0.589773387565369,1.0,0.1397849462365591
Cc1ccc(-c2ccc3occ(-c4ccc(S(C)(=O)=O)cc4)c3c2)o1,CHEMBL584757,42.0,-8.6037358820224,-7.04719664261225,352.4110000000001,5.0717200000000044,2.2160185167833597,0.5162320902711324,60.42,4,0,3,True,CHEMBL584757,1.0,50383511,0.5796460176991151,1.0,0.0786516853932584
O=C(Cc1cccc2cnccc12)Nc1scnc1-c1nnc[nH]1,,,-7.901923087,-8.979677593,336.38,2.6576,2.976645155,0.597066834,96.45,6,2,4,True,339350,0.64171123,50611614,1.0,0.102272727,1.0
CN1CCN(c2nc(C3=C(c4c[nH]c5ccccc45)C(=O)NC3=O)c3ccccc3n2)CC1,CHEMBL565612,870.0,-9.47452838555674,-7.43828921530018,438.4910000000002,2.4301000000000004,2.591051141551967,0.4774001293705332,94.21999999999998,6,2,3,True,CHEMBL565612,1.0,CHEMBL1644616,0.5686395650562215,1.0,0.12
COc1ccc(-c2ocnc2C(=O)NCc2ccnc(Cl)c2)cc1Cl,CHEMBL1957102,19.95,-7.77146624244477,-8.16576105424453,378.215,3.982000000000002,2.408881788722688,0.6798752572724012,77.25,5,1,5,False,CHEMBL1957102,1.0,CHEMBL401123,0.5499697885196375,1.0,0.1494252873563218
CCCCCN=c1nc(-c2ccc(OC)cc2)n(-c2ccccc2)s1,50932574,300.0,-7.36543795508339,-6.60656064842229,353.49100000000004,4.700300000000004,2.588254397398982,0.5776042813223778,39.41,5,0,7,False,CHEMBL2024373,1.0,50543920,0.6555584483207498,1.0,0.1216216216216216
COC(=O)c1c(C)csc1NC(=O)Cc1ccc(-c2ccncc2)cc1,,,-5.875918817,-7.178819159,366.442,4.08632,2.169906828,0.690836977,68.29,5,1,5,True,CHEMBL3828571,0.480340064,CHEMBL1681998,1.0,0.268656716,1.0
CC(C)Oc1cncc(-c2ccc3[nH]nc(C(=O)NCC4CCOCC4)c3c2)c1,CHEMBL4632807,4.0,-9.1371420626348,-8.14043149586519,394.47500000000025,3.568500000000002,2.5831088775651807,0.6671723829315975,89.13000000000001,5,2,6,True,CHEMBL4632807,1.0,CHEMBL3099975,0.5415950128976784,1.0,0.1458333333333333
O=C(CN1C(=O)CCc2ccccc21)Nc1scc(Br)c1-c1nnc[nH]1,,,-7.779779985,-7.894296976,432.303,3.2136,2.989721182,0.662646379,90.98,5,2,4,True,CHEMBL3827219,0.620594424,50626382,1.0,0.170731707,1.0
CC(=O)Nc1ccc2[nH]cc(-c3cc(NC4CC4)n4ncc(C#N)c4n3)c2c1,CHEMBL2062581,250.0,-8.4602582815048,-7.4174046110019,371.4040000000001,3.281980000000001,2.698128698508817,0.5097198281883732,110.9,6,3,4,True,CHEMBL2062581,1.0,CHEMBL1783492,0.5470197102825932,1.0,0.14
O=C1NC(=O)C(N2CCc3ccccc32)=C1c1ccccc1[N+](=O)[O-],CHEMBL158719,131.0,-8.36157829355388,-6.83070715226974,335.3190000000001,2.0249999999999995,2.585125775721604,0.5261934905366374,92.55,5,1,3,False,CHEMBL158719,1.0,CHEMBL399168,0.6170180027696568,1.0,0.0759493670886076
O=C1NC(=O)C(c2ccc(Cl)cc2)=C1Nc1cccc(Cl)c1,CHEMBL160938,447.0,-9.29263777724822,-7.77592636193488,333.174,3.4730000000000008,2.148135019717774,0.8458524952615659,58.2,3,2,3,True,CHEMBL160938,1.0,CHEMBL248643,0.6306263014576325,1.0,0.0967741935483871
NC1=NC(=O)C(=C2CCNC(=O)c3[nH]c4ccc(N)cc4c32)N1,111096,400.0,-9.41567389447057,-9.40141616990292,310.31700000000006,0.0392,3.2625329090685087,0.3452465495528955,138.38999999999996,5,5,0,True,111096,1.0,50383516,0.5312712440516656,1.0,0.1076923076923077
Cc1ccc(-c2ccc3occ(-c4ccc(C(=O)O)cc4)c3c2)o1,CHEMBL573257,50.0,-8.115774852858,-8.62819117763652,318.32800000000003,5.366420000000004,2.1220762822508874,0.5515741890890954,63.58,3,1,3,True,CHEMBL573257,1.0,50383511,0.5833108654623889,1.0,0.1022727272727272
O=C(NCC1CCN(CCc2ccccc2)CC1)c1n[nH]c2ccc(-c3ccccc3F)cc12,CHEMBL3736215,112.0,-8.68200211334169,-8.68891290833434,456.56500000000017,5.053500000000004,2.3015241693460933,0.4089806892904707,61.02,3,2,7,True,CHEMBL3736215,1.0,CHEMBL3099970,0.4791666666666666,1.0,0.1326530612244898
O=C(C=Cc1cnc2[nH]cc(-c3ccccc3)c2c1)NCCN1CCOCC1,CHEMBL3891139,45.7,-9.09689580526925,-8.95108354855478,376.4600000000003,2.6915000000000004,2.4203004084254065,0.6492007556633176,70.25,4,2,6,False,CHEMBL3891139,1.0,695913,0.6325616131441374,1.0,0.1443298969072164
O=C(NCCCn1cnc(Cl)c1Cl)c1ccc(O)c2nc(-c3cccs3)[nH]c12,50721065,8.0,-7.88157549680035,-9.69985122058001,436.3240000000001,4.320400000000002,2.823867352354972,0.3925021421029108,95.83,6,3,6,False,50721065,1.0,CHEMBL1761568,0.6034134291488884,1.0,0.1485148514851485
COc1cccc(-n2ncc3c(NN=Cc4ccc(C(=O)NCCS(C)(=O)=O)cc4)ncnc32)c1,CHEMBL65987,7.943,-9.09038786367104,-8.37243407612147,493.54900000000026,2.0444999999999998,2.571565139712405,0.2666283708377436,140.45999999999998,10,2,9,False,CHEMBL65987,1.0,CHEMBL4069805,0.5524757573157126,1.0,0.1578947368421052
Cc1cc(Nc2cc(Nc3ccccc3C(N)=O)ccn2)ccc1N1CCOCC1,,,-7.964591181,-7.550029926,403.486,3.81272,2.296075094,0.579575762,92.51,6,3,6,False,CHEMBL497564,0.581073008,CHEMBL3220492,1.0,0.11827957,1.0
CNC(=O)c1sc(-c2ccnc(NC(=O)C3CC3)c2)nc1OC1CCN(Cc2ccccc2)CC1,CHEMBL4752296,7.0,-7.13987316169688,-7.27272057633423,491.6170000000004,3.956600000000003,2.645441252431368,0.4952797745224696,96.45,7,2,8,True,CHEMBL4752296,1.0,CHEMBL4753218,0.5250943396226415,1.0,0.238095238095238
CCC(=O)Nc1cccc(C(=O)Nc2ccc(Nc3cc(-c4c(-c5ccc(F)cc5)nc(SC)n4C)ccn3)cc2)c1,,,-7.987360249,-9.19111951,580.689,7.3545,2.62112812,0.157624984,100.94,7,3,9,True,CHEMBL4759253,0.488814143,CHEMBL4092482,1.0,0.236363636,1.0
CCCC(=O)NCCCN1CCC(CNC(=O)c2n[nH]c3ccc(OC)cc23)CC1,CHEMBL3736458,750.0,-8.42282055548007,-6.03406978972111,415.5380000000002,2.319699999999999,2.358434140072717,0.5173714822798688,99.35,5,3,10,True,CHEMBL3736458,1.0,CHEMBL1761556,0.5845631171037264,1.0,0.0642201834862385
CCC(NC(=O)OC1CCC(c2cc(NC(=O)Cc3cnc(C)s3)n[nH]2)C1)C(F)(F)F,1038746,76.1,-6.87667344215719,-7.48225899334467,459.4940000000001,4.059020000000002,4.0388323856915616,0.5786551768178969,109.0,6,3,7,True,1038746,1.0,CHEMBL383955,0.5705940594059407,1.0,0.1454545454545454
CC(C)n1cc(-c2ccncc2)c2ccncc21,CHEMBL4064316,660.0,-7.61109200863522,-7.15430633021772,237.306,3.6792000000000025,2.3523834733291924,0.6803511565201562,30.71,3,0,2,True,CHEMBL4064316,1.0,CHEMBL1784666,0.6128245338909217,1.0,0.2222222222222222
O=C(C=Cc1cnc2[nH]cc(-c3ccc(F)cc3)c2c1)NCc1ccncc1,CHEMBL4443821,22.8,-9.77578763772676,-8.10151085180573,372.4030000000001,4.093600000000002,2.4035454433493424,0.5184380540044655,70.67,3,2,5,False,CHEMBL4443821,1.0,50383511,0.6074730842305256,1.0,0.1382978723404255
Cl.Cn1c(N2CCNC(c3ccc(C#N)cc3)C2)nc(-c2ccncc2)cc1=O,CHEMBL4075400,15.0,-7.43307243507055,-8.94203835238345,408.8930000000002,2.2866800000000005,3.1369845027595327,0.7150630154318903,86.84,7,1,3,True,CHEMBL4075400,1.0,CHEMBL1644625,0.6968878600823045,1.0,0.1647058823529411
COc1ccncc1NC(=O)c1ccnc2nc(-c3ccc(F)cc3)[nH]c12,50943623,3.0,-7.90358596405001,-8.02474996383222,363.352,3.419900000000001,2.3679774411279624,0.5794987757057013,92.79,5,2,4,True,CHEMBL2048677,1.0,CHEMBL1946335,0.6274257807479758,1.0,0.2098765432098765
