SMILES,Title,IC50nM,5NTP_XP,6QU7_XP,Weight,LogP,SA,QED,TPSA,HBA,HBD,RotBond,Filtered,3D_best_rorgt,3D_sim_rorgt,3D_best_dhodh,3D_sim_dhodh,3D_sim_2D_rorgt,3D_sim_2D_dhodh
CCn1c(C(=O)OC)nn(-c2cc(OC(C)C(F)(F)F)c(C(=O)Nc3c(F)cccc3F)cc2F)c1=O,1098849,0,-9.556902291,-11.42116052,532.397,3.8397,3.434624491,0.366496004,104.45,8,1,7,TRUE,578519,0.500042535,1098849,1,0.134453782,1
CONC(=O)c1c(C)c(-c2ccc(-c3ccccc3F)cc2)nc2ccc(F)cc12,51370198,0.12,-10.54502033,-8.236620369,404.416,5.44662,2.279965978,0.460555622,51.22,3,1,4,TRUE,826980,0.553945565,51370198,1,0.111111111,1
Cc1ccccc1-n1cc(C(C)C)c2cc(-c3ccc(C)c(N)n3)c(F)cc2c1=O,1121364,0.18,-7.547933395,-13.7471097,401.485,5.51424,2.615443449,0.492030989,60.91,4,1,3,TRUE,795460,0.571986971,1121364,1,0.174418605,1
CCn1c(CO)nn(-c2nc(OC(C)C(F)(F)F)c3c(Oc4c(F)cccc4Cl)nncc3c2F)c1=O,51423569,0.2,-7.317265652,-13.32376909,546.84,3.9379,4.05657176,0.346506346,117.18,10,1,7,TRUE,708930,0.510454085,51423569,1,0.147826087,1
Cc1cn(-c2cc(OC(C)C(F)(F)F)c(C(=O)Nc3c(C)n[nH]c3Cl)cc2F)nc1C(C)O,1121395,0.22,-10.05352963,-12.94824381,489.857,4.63994,3.975288307,0.437458714,105.06,6,3,6,FALSE,CHEMBL3596632,0.56360772,1121395,1,0.184466019,1
CCn1c(CO)nn(-c2cc3c(C(C)C)cn(-c4c(F)cccc4Cl)c(=O)c3cc2F)c1=O,1226000,0.222,-7.938006813,-13.883437,474.895,3.9053,3.087481045,0.47529754,82.05,7,1,5,TRUE,795460,0.593291847,1226000,1,0.204301075,1
C=C(c1cn(-c2ccccc2C)c(=O)c2cc(F)c(-n3nc(CO)n(CC)c3=O)cc12)C(F)(F)F,1226070,0.226,-8.115696506,-14.14545756,488.441,3.87332,3.154670986,0.432695196,82.05,7,1,5,TRUE,795443,0.545903745,1226070,1,0.198019802,1
C=C(C)c1cn(-c2cccc(OC)c2Cl)c(=O)c2cc(F)c(-n3nc(CO)n(CC)c3=O)cc12,1226059,0.24,-8.329254511,-13.46662061,484.915,3.6845,3.113463971,0.450517515,91.28,8,1,6,TRUE,795460,0.540364583,1226059,1,0.158415842,1
C=C(C)c1cn(-c2cc(F)ccc2C)c(=O)c2cc(F)c(-n3nc(CO)n(CC)c3=O)cc12,1226071,0.249,-8.235073226,-13.84120305,452.461,3.47002,3.059497968,0.502839447,82.05,7,1,5,TRUE,795443,0.554957334,1226071,1,0.133333333,1
CCn1c(CO)nn(-c2cc3c(C(C)C(F)(F)F)cn(-c4ccccc4C)c(=O)c3cc2F)c1=O,1226091,0.26,-7.711787157,-14.24273884,490.457,3.96362,3.552024259,0.429631102,82.05,7,1,5,TRUE,709051,0.515607786,1226091,1,0.140186916,1
C=C(C)c1cn(-c2c(F)cccc2Cl)c(=O)c2cc(F)c(-n3nc(CO)n(CC)c3=O)cc12,51360201,0.265,-8.193302478,-13.7879491,472.879,3.815,3.172011815,0.478574747,82.05,7,1,5,TRUE,795460,0.589813743,51360201,1,0.2,1
C=C(C)c1cn(-c2c(F)ccc(OC)c2Cl)c(=O)c2cc(F)c(-n3nc(CO)n(CC)c3=O)cc12,51360202,0.267,-8.523943158,-12.73967933,502.905,3.8236,3.278830176,0.432602322,91.28,8,1,6,TRUE,795460,0.547803618,51360202,1,0.123809524,1
CCn1c(CO)nn(-c2cc3c(C(C)C)cn(-c4c(F)ccc(OC)c4Cl)c(=O)c3cc2F)c1=O,1226069,0.273,-7.545703242,-13.97156313,504.921,3.9139,3.198748395,0.429661173,91.28,8,1,6,TRUE,795460,0.565834508,1226069,1,0.126213592,1
C=C(C)c1cn(-c2c(C)n[nH]c2Cl)c(=O)c2cc(F)c(-n3nc(CO)n(CC)c3=O)cc12,1226049,0.286,-6.86135875,-12.0696707,458.881,2.70742,3.475026994,0.477430827,110.73,8,2,5,FALSE,795443,0.567570364,1226049,1,0.128440367,1
C=C(C)c1cn(-c2cc(C)ccc2C)c(=O)c2cc(F)c(-n3nc(CO)n(CC)c3=O)cc12,1226076,0.292,-8.357677633,-13.79967269,448.498,3.63934,3.03417643,0.505463687,82.05,7,1,5,TRUE,795443,0.554500455,1226076,1,0.133333333,1
CCn1c(CO)nn(-c2cc(OC(C)C(F)(F)F)c3c(Oc4c(F)ccc(OC)c4Cl)nccc3c2)c1=O,51423568,0.3,-7.751541147,-11.8569742,556.9,5.0174,3.730437263,0.304243974,100.63,9,1,8,TRUE,596177,0.48883838,51423568,1,0.12295082,1
Cc1cn(-c2cc(OC(C)C(F)(F)F)c(C(=O)Nc3c(F)cccc3Cl)cc2F)nc1C(C)O,1121393,0.3,-10.41359185,-13.22179546,503.855,5.74752,3.666296405,0.420110603,76.38,5,2,6,TRUE,351240,0.569768577,1121393,1,0.140186916,1
C=C(C)c1nn(-c2c(F)cccc2Cl)c(=O)c2cc(F)c(-n3nc(CO)n(CC)c3=O)cc12,1226016,0.32,-6.705819372,-13.2162027,473.867,3.21,3.154862584,0.480040071,94.94,8,1,5,TRUE,669311,0.489744512,1226016,1,0.136363636,1
CCn1c(CO)nn(-c2nc3c(C(C)C)cn(-c4c(F)cccc4Cl)c(=O)c3cc2F)c1=O,1226025,0.356,-8.109572015,-13.44991907,475.883,3.3003,3.230485661,0.477650861,94.94,8,1,5,TRUE,795460,0.564762004,1226025,1,0.18556701,1
CCn1c(CO)nn(-c2nc(OC(C)C(F)(F)F)c3c(Nc4c(F)cccc4Cl)nncc3c2F)c1=O,51423571,0.38,-9.420936842,-12.96610167,545.856,3.8892,4.013889962,0.335715977,119.98,10,2,7,TRUE,51253545,0.582161511,51423571,1,0.179245283,1
Cc1cn(-c2cc(OC(C)C(F)(F)F)c(C(=O)Nc3c(C)n[nH]c3Cl)cc2F)nc1C(C)(C)O,1121397,0.38,-7.014768652,-11.89073273,503.884,4.81404,3.757416471,0.418496264,105.06,6,3,6,FALSE,644807,0.502139037,1121397,1,0.212962963,1
Cc1ccccc1-n1cc(C(C)C)c2cc(-c3cn(C)c(C(C)(C)O)n3)c(F)cc2c1=O,1121366,0.38,-7.459489972,-12.63459069,433.527,5.18952,2.908111345,0.481851071,60.05,5,1,4,TRUE,50748315,0.500549048,1121366,1,0.1875,1
CCn1c(CO)nn(-c2cc3c(C(C)C)cn(-c4ccccc4C)c(=O)c3cc2F)c1=O,51360203,0.396,-7.520713171,-13.7747046,436.487,3.42122,2.885524679,0.519791134,82.05,7,1,5,TRUE,51107480,0.498134695,51360203,1,0.15625,1
CCn1c(CO)nn(-c2cc(OC(C)C(F)(F)F)c3c(Oc4c(F)ccc(N(C)C)c4Cl)nccc3c2)c1=O,51423567,0.4,-8.129257687,-11.93938946,569.943,5.0748,3.86169139,0.29593418,94.64,9,1,8,TRUE,645092,0.545342922,51423567,1,0.125,1
CCn1c(CO)nn(-c2cc(OC(C)C(F)(F)F)c3c(Oc4c(F)ccc(OCCOC)c4Cl)nccc3c2)c1=O,51423566,0.41,-8.746469567,-11.69134524,600.953,5.034,3.797964758,0.188508152,109.86,10,1,11,TRUE,578597,0.535264995,51423566,1,0.115384615,1
CCn1c(CO)nn(-c2cc3c(C(C)C)cn(-c4ccccc4Cl)c(=O)c3cc2F)c1=O,1226106,0.418,-7.419086781,-13.71912196,456.905,3.7662,2.915841463,0.49536341,82.05,7,1,5,TRUE,51107480,0.503521127,1226106,1,0.168421053,1
CCn1c(CO)nn(-c2cc3c(C(C)C)nn(-c4c(F)cccc4Cl)c(=O)c3cc2F)c1=O,1226043,0.433,-7.902335644,-13.40435876,475.883,3.3003,3.064047199,0.477650861,94.94,8,1,5,TRUE,795460,0.574683809,1226043,1,0.206521739,1
CCn1c(CO)nn(-c2cc3c(C(C)C)cn(-c4c(C)cccc4F)c(=O)c3cc2F)c1=O,1226058,0.435,-7.302606287,-13.79277979,454.477,3.56032,3.073525661,0.500033693,82.05,7,1,5,TRUE,795451,0.563197403,1226058,1,0.117647059,1
C=C(C)c1cn(-c2ccccc2OC)c(=O)c2cc(F)c(-n3nc(CO)n(CC)c3=O)cc12,1226072,0.444,-7.381232408,-13.11673942,450.47,3.0311,2.971708839,0.487681388,91.28,8,1,6,TRUE,795443,0.57473511,1226072,1,0.141509434,1
Cc1ccccc1-n1nc(C(C)C)c2cc(-c3cn(C)c(C(C)(C)O)n3)c(F)cc2c1=O,1121376,0.45,-8.127121418,-11.93489653,434.515,4.58452,2.915174474,0.510128904,72.94,6,1,4,TRUE,51107485,0.53103986,1121376,1,0.1875,1
CCn1c(CO)nn(-c2cc3c(C(C)C)cn(-c4ccc(F)cc4C)c(=O)c3cc2F)c1=O,1226053,0.459,-7.839150197,-14.17511608,454.477,3.56032,2.969273353,0.500033693,82.05,7,1,5,TRUE,CHEMBL3985555,0.502472799,1226053,1,0.131313131,1
CCn1c(CO)nn(-c2nc3c(C(C)C(F)(F)F)cn(-c4ccccc4C)c(=O)c3cc2F)c1=O,1226027,0.464,-7.879274161,-14.06883078,491.445,3.35862,3.67616013,0.432334833,94.94,8,1,5,TRUE,50748338,0.512864494,1226027,1,0.165048544,1
Cc1ccccc1-n1cc(C(C)C)c2cc(-c3nc(C(C)O)n(C)n3)c(F)cc2c1=O,1121375,0.48,-9.007909897,-13.11562355,420.488,4.41042,3.290055462,0.530785157,72.94,6,1,4,TRUE,50382207,0.51920966,1121375,1,0.148148148,1
Cc1c(-c2ccc(-c3ccccc3F)cc2)nc2ccc(F)cc2c1C(=O)O,51370187,0.48,-9.376699076,-10.63561613,375.374,5.85362,2.059619229,0.488340807,50.19,2,1,3,TRUE,CHEMBL3924809,0.539441677,51370187,1,0.220779221,1
Cc1cn(-c2cc(OC(C)C(F)(F)F)c(C(=O)Nc3c(F)cccc3Cl)cc2F)nc1C(C)(C)O,1121394,0.5,-9.487772813,-12.83049213,517.882,5.92162,3.456138226,0.397868326,76.38,5,2,6,TRUE,1156173,0.524253394,1121394,1,0.100840336,1
CN(C)c1cccc(-c2c(F)cc(-n3nnc4c3C(=O)c3ccccc3C4=O)cc2F)c1,51338205,0.5,-9.427166436,-8.210157067,430.414,4.0539,2.67997405,0.432005272,68.09,6,0,3,FALSE,558647,0.628898931,51338205,1,0.092783505,1
Cc1n[nH]c(Cl)c1-n1cc(C(C)C)c2cc(-c3cn(C)c(C(C)(C)O)n3)c(F)cc2c1=O,1121378,0.51,-10.4649206,-11.24224173,457.937,4.56602,3.41626854,0.469627636,88.73,6,2,4,FALSE,558932,0.520003942,1121378,1,0.193877551,1
Cc1ccccc1-n1cc(C(C)C)c2cc(-c3cn(C)c(C(C)O)n3)c(F)cc2c1=O,1121373,0.51,-8.363281845,-12.73092594,419.5,5.01542,3.273589942,0.505524345,60.05,5,1,4,TRUE,675616,0.486488783,1121373,1,0.087378641,1
CCn1c(CO)nn(-c2cc3c(C(C)C)cn(-c4ccccc4C(F)F)c(=O)c3cc2F)c1=O,1226094,0.528,-7.578982317,-13.92250783,472.467,4.0504,3.106786551,0.459149609,82.05,7,1,6,TRUE,795460,0.573590381,1226094,1,0.144329897,1
C=C(C)c1cn(-c2c(C)cccc2F)c(=O)c2cc(F)c(-n3nc(CO)n(CC)c3=O)cc12,1226062,0.562,-8.484492451,-13.93092197,452.461,3.47002,3.15805643,0.502839447,82.05,7,1,5,TRUE,795460,0.584927598,1226062,1,0.154639175,1
Cc1ccccc1-n1cc(C(C)C)c2cc(-c3nc(C(C)(C)O)n(C)n3)c(F)cc2c1=O,1121369,0.57,-8.371823144,-12.7444612,434.515,4.58452,2.944945297,0.510128904,72.94,6,1,4,TRUE,50382207,0.508568368,1121369,1,0.168224299,1
CCn1c(CO)nn(-c2cc3c(C(C)C)cn(-c4cc(C)ccc4C)c(=O)c3cc2F)c1=O,1226064,0.58,-8.039440708,-13.75814779,450.514,3.72964,2.949645661,0.502380575,82.05,7,1,5,TRUE,795460,0.564898128,1226064,1,0.132653061,1
CCn1c(CO)nn(-c2nc(OC(C)C(F)(F)F)c3c(Oc4c(F)cccc4Cl)nccc3c2F)c1=O,51423570,0.59,-10.09997328,-14.08577926,545.852,4.5429,3.901041067,0.339943359,104.29,9,1,7,TRUE,708929,0.534551852,51423570,1,0.185185185,1
CCn1c(CO)nn(-c2cc3c(C(C)C)cn(-c4cc(F)ccc4C)c(=O)c3cc2F)c1=O,1226056,0.605,-8.042157396,-14.08815847,454.477,3.56032,2.974967199,0.500033693,82.05,7,1,5,TRUE,CHEMBL3906538,0.501309635,1226056,1,0.144329897,1
CCn1c(CO)nn(-c2cc3c(C(C)C)cn(-c4c(C)cnc(OC)c4Cl)c(=O)c3cc2F)c1=O,1226050,0.617,-7.047722664,-12.97925225,501.946,3.47822,3.362675196,0.433561211,104.17,9,1,6,TRUE,795451,0.546024701,1226050,1,0.09009009,1
CCn1c(CO)nn(-c2nc3c(C(C)C)cn(-c4ccccc4C)c(=O)c3cc2F)c1=O,1226129,0.623,-7.226519749,-13.69213397,437.475,2.81622,3.0317794,0.518130423,94.94,8,1,5,TRUE,50748338,0.497128954,1226129,1,0.16,1
C=C(C)c1cn(-c2ccccc2C)c(=O)c2ccc(-n3nc(CO)n(CC)c3=O)cc12,1226004,0.634,-8.584946145,-13.10695022,416.481,3.19182,2.836682594,0.541725306,82.05,7,1,5,TRUE,51107485,0.494756263,1226004,1,0.153061224,1
CCn1c(CO)nn(-c2cc3c(C(C)C)cn(-c4ccccc4C(F)(F)F)c(=O)c3cc2F)c1=O,1226092,0.669,-9.841133884,-13.96196641,490.457,4.1316,3.037251229,0.426794262,82.05,7,1,5,TRUE,51107485,0.524102661,1226092,1,0.158415842,1
Cc1n[nH]c(Cl)c1-n1cc(C(C)C)c2cc(-c3nc(C(C)(C)O)n(C)n3)c(F)cc2c1=O,1121379,0.71,-5.896203261,-11.31938703,458.925,3.96102,3.453530794,0.481630821,101.62,7,2,4,FALSE,CHEMBL3982626,0.520714785,1121379,1,0.175824176,1
C=C(C)c1cn(-c2ccccc2Cl)c(=O)c2ccc(-n3nc(CO)n(CC)c3=O)cc12,1226003,0.724,-7.576846328,-12.97801301,436.899,3.5368,2.867704419,0.518472008,82.05,7,1,5,TRUE,795460,0.563792555,1226003,1,0.170212766,1
C=C(C)c1cn(-c2ccccc2C)c(=O)c2cc(F)c(-n3nc(CO)n(CC)c3=O)cc12,1226035,0.746,-7.765698331,-13.71362177,434.471,3.33092,2.971976603,0.522448501,82.05,7,1,5,TRUE,795443,0.569489066,1226035,1,0.18,1
CCn1c(CO)nn(-c2cc3c(C(C)C)cn(-c4c(C)n[nH]c4Cl)c(=O)c3cc2F)c1=O,1226020,0.764,-6.241085873,-12.08291488,460.897,2.79772,3.387581371,0.475483056,110.73,8,2,5,FALSE,795443,0.558230052,1226020,1,0.12037037,1
CCn1c(CO)nn(-c2cc3c(C(C)C)cn(-c4ccccc4OC)c(=O)c3cc2F)c1=O,1226084,0.772,-7.461826756,-12.95576525,452.486,3.1214,2.888106979,0.48545435,91.28,8,1,6,TRUE,795443,0.573911266,1226084,1,0.142857143,1
CCn1c(CO)nn(-c2cc3c(C(C)C)nn(-c4ccccc4C)c(=O)c3cc2F)c1=O,1226042,0.778,-8.5881182,-13.35187955,437.475,2.81622,2.892507547,0.518130423,94.94,8,1,5,TRUE,50382207,0.499686689,1226042,1,0.146788991,1
CCc1cnc(-n2nc(OC(C)C)c(Oc3c(F)cccc3F)c2C)nc1,CHEMBL3409491,0.7943,-5.948405375,-10.39378337,374.391,4.39082,2.827895193,0.640295751,62.06,6,0,6,TRUE,558720,0.507659675,CHEMBL3409491,1,0.12345679,1
C=C(C)c1cn(-c2c(C)cnc(OC)c2Cl)c(=O)c2cc(F)c(-n3nc(CO)n(CC)c3=O)cc12,1226051,0.836,-5.569457211,-12.27858104,499.93,3.38792,3.442756978,0.435884982,104.17,9,1,6,TRUE,669311,0.490148425,1226051,1,0.220183486,1
C=C(C)c1cn(-c2c(Cl)cccc2Cl)c(=O)c2ccc(-n3nc(CO)n(CC)c3=O)cc12,1225997,0.839,-7.867555858,-13.09399468,471.344,4.1902,3.001297407,0.473460453,82.05,7,1,5,TRUE,795460,0.603783611,1225997,1,0.159574468,1
CCn1c(CO)nn(-c2nc3c(C(C)C)cn(-c4ccccc4OC)c(=O)c3cc2F)c1=O,1226119,0.885,-7.841458816,-12.91106045,453.474,2.5164,3.029540116,0.481171833,104.17,9,1,6,TRUE,795460,0.573324971,1226119,1,0.138613861,1
CCC(C)c1cn(-c2c(F)cccc2Cl)c(=O)c2cc(F)c(-n3nc(CO)n(CC)c3=O)cc12,1226037,0.907,-7.711630226,-14.35613304,488.922,4.2954,3.553749176,0.438603747,82.05,7,1,6,TRUE,795460,0.574420037,1226037,1,0.20212766,1
C=C(C)c1cn(-c2cc(C)ccc2Cl)c(=O)c2cc(F)c(-n3nc(CO)n(CC)c3=O)cc12,1226032,0.917,-8.490677342,-13.72723874,468.916,3.98432,3.067662584,0.479972282,82.05,7,1,5,TRUE,795460,0.557968046,1226032,1,0.151515152,1
C=C(C)c1cn(-c2cc(F)ccc2F)c(=O)c2cc(F)c(-n3nc(CO)n(CC)c3=O)cc12,1226061,0.946,-8.586392669,-13.7805642,456.424,3.3007,3.095731815,0.499771048,82.05,7,1,5,TRUE,795460,0.562827774,1226061,1,0.111111111,1
CCn1c(CO)nn(-c2ccc3c(=O)n(-c4c(Cl)cccc4Cl)cc(C4(C)CC4)c3c2)c1=O,1225996,0.965,-8.131859606,-13.92709918,485.371,4.2086,3.112136227,0.459420158,82.05,7,1,5,TRUE,795460,0.602689741,1225996,1,0.15625,1
NCCO.O=C(O)c1[nH]c(=O)[nH]c(=O)c1CCc1ccc(-c2ccccc2)cc1,50555327,0.97,-9.446397246,-10.60856153,397.431,1.151,2.354101652,0.421131237,149.27,5,5,6,TRUE,50082665,0.527572884,50555327,1,0.08045977,1
CCCC(C)Oc1cc(-n2nc3n(c2=O)CCCC3)c(F)cc1C(=O)Nc1c(F)cccc1Cl,1020381,1,-9.800315814,-13.77064892,490.938,5.1216,3.273286592,0.498248046,78.15,6,1,7,TRUE,51111947,0.562724362,1020381,1,0.111111111,1
Cc1nc2c(C(=O)O)cc(-c3ccc(-n4c(C)ccc4C)cc3)cc2[nH]1,51390146,1,-6.962783805,-8.86647404,345.402,4.64406,2.423566265,0.567895104,70.91,3,2,3,FALSE,50082577,0.531320575,51390146,1,0.094117647,1
Cc1nc2c(C(=O)O)cc(-c3c(F)c(F)c(-c4ccc(CN5CCCC(F)(F)C5)cc4)c(F)c3F)cc2[nH]1,51390144,1,-7.992654074,-13.01081348,533.472,6.69102,3.090128934,0.221600441,69.22,3,2,5,TRUE,1132994,0.535275535,51390144,1,0.192307692,1
Cc1nc2c(C(=O)O)cc(-c3c(F)c(F)c(-c4ccccc4)c(F)c3F)cc2[nH]1,51390143,1,-8.941596477,-9.57381954,400.331,5.45992,2.656224729,0.354546367,65.98,2,2,3,TRUE,669143,0.533900041,51390143,1,0.115789474,1
Cc1nc2c(C(=O)O)cc(-c3ccc(-c4ccccc4CN4CCCC4)cc3)cc2[nH]1,51390142,1,-8.069077928,-9.267824383,411.505,5.49932,2.320379088,0.454980062,69.22,3,2,5,TRUE,488710,0.538148743,51390142,1,0.163043478,1
Cc1cccc(-c2ccc(-c3cc(C(=O)O)c4nc(C)[nH]c4c3)cc2)c1,51390141,1,-8.671034879,-8.441983511,342.398,5.21194,2.159903918,0.536807955,65.98,2,2,3,TRUE,CHEMBL3924809,0.526166902,51390141,1,0.168831169,1
CCCn1c(C(=O)O)nn(-c2cc(OC(C)C(F)(F)F)c(C(=O)Nc3c(F)cccc3Cl)cc2F)c1=O,972683,1,-9.518595427,-13.45316688,548.852,4.6557,3.471069246,0.39583952,115.45,7,2,8,TRUE,646385,0.520781344,972683,1,0.234234234,1
Cc1ccccc1NC(=O)c1cc(F)c(-n2nc3n(c2=O)CCCC3)cc1OC(C)C(F)(F)F,1020452,1,-10.08373718,-13.27425485,478.446,4.39972,3.20673179,0.551796571,78.15,6,1,5,TRUE,351299,0.568301739,1020452,1,0.142857143,1
Cc1ccccc1NC(=O)c1cc(F)c(-n2nc3n(c2=O)CCCC3)cc1OC(C)c1ccccc1,1020626,1,-9.436563152,-14.03605737,486.547,5.21012,3.028725005,0.405891346,78.15,6,1,6,TRUE,651513,0.560190267,1020626,1,0.1875,1
Cc1cc(Oc2ccccc2)c(C(C)C)cc1-c1cc(C(=O)O)c2cc(F)ccc2n1,51064004,1,-8.636976734,-6.633001909,415.464,6.96322,2.26522625,0.382567349,59.42,3,1,5,TRUE,558813,0.545538938,51064004,1,0.128712871,1
CCCC(C)Oc1cc(-n2nc(CC)n(C)c2=O)c(F)cc1C(=O)Nc1c(C)cccc1F,972464,1,-9.882671068,-12.62073292,458.509,4.53972,3.244502578,0.537674677,78.15,6,1,8,TRUE,644807,0.531633963,972464,1,0.216981132,1
COc1ccccc1-c1c(F)c(F)c(NC(=O)c2ccsc2C(=O)O)c(F)c1F,CHEMBL199361,1,-11.16789012,-9.913332886,425.359,4.9306,2.574023247,0.449043242,75.63,4,2,5,TRUE,50387987,0.592076967,CHEMBL199361,1,0.139534884,1
C=C(C)c1cn(-c2ccccc2C)c(=O)c2cc(F)c(-n3nc(CO)n(CC)c3=O)nc12,1226021,1.01,-7.945225955,-13.33353076,435.459,2.72592,3.099177127,0.520194803,94.94,8,1,5,TRUE,795460,0.562354682,1226021,1,0.151515152,1
CCn1c(CO)nn(-c2cc3c(C(C)C)cn(-c4nc(OC)ccc4Cl)c(=O)c3cc2F)c1=O,1226038,1.09,-6.165437671,-9.500176067,487.919,3.1698,3.16962278,0.447739786,104.17,9,1,6,TRUE,51107458,0.444636529,1226038,1,0.12037037,1
CCn1c(CO)nn(-c2nc3c(C(C)C)cn(-c4ccccc4C(F)F)c(=O)c3cc2F)c1=O,1226127,1.13,-9.137869072,-13.90665771,473.455,3.4454,3.245178115,0.463018276,94.94,8,1,6,TRUE,CHEMBL3906538,0.518584737,1226127,1,0.164948454,1
C=C(C)c1cn(-c2c(F)cccc2Cl)c(=O)c2cc(F)c(-n3nc(CO)n(CC)c3=O)nc12,1226024,1.15,-7.969204002,-14.36437302,473.867,3.21,3.296385661,0.480040071,94.94,8,1,5,TRUE,795443,0.587048722,1226024,1,0.184466019,1
CCn1c(CO)nn(-c2cc3c(C(C)C(F)(F)F)nn(-c4ccccc4C)c(=O)c3cc2F)c1=O,1226046,1.15,-8.597278311,-14.59499046,491.445,3.35862,3.585320615,0.432334833,94.94,8,1,5,TRUE,795460,0.544484702,1226046,1,0.166666667,1
C=C(C)c1cn(-c2cccc(F)c2C)c(=O)c2cc(F)c(-n3nc(CO)n(CC)c3=O)cc12,1226075,1.19,-8.421368379,-13.63911141,452.461,3.47002,3.104481045,0.502839447,82.05,7,1,5,TRUE,795460,0.559841535,1226075,1,0.166666667,1
COc1cc(-n2cc(C(C)C)c3cc(-c4nc(C(C)(C)O)n(C)n4)c(F)cc3c2=O)c(C)cn1,1121388,1.2,-4.618704661,-11.87090697,465.529,3.98812,3.224407347,0.478970867,95.06,8,1,5,TRUE,CHEMBL3924809,0.468483482,1121388,1,0.132653061,1
COc1cc(-n2cc(C(C)C)c3cc(-c4cn(C)c(C(C)(C)O)n4)c(F)cc3c2=O)c(C)cn1,1121387,1.2,-6.402551587,-11.32908812,464.541,4.59312,3.18957524,0.46708596,82.17,7,1,5,TRUE,CHEMBL3982626,0.504220219,1121387,1,0.161290323,1
Cc1ccccc1-n1cc(C(C)C)c2cc(-c3cn(C)c(CO)n3)c(F)cc2c1=O,1121370,1.2,-7.899533354,-12.1929769,405.473,4.45442,2.81795596,0.545541895,60.05,5,1,4,TRUE,50748315,0.509056244,1121370,1,0.175257732,1
CCCC(C)Oc1cc(-n2nc3ccccn3c2=O)c(F)cc1C(=O)Nc1cccc(C(F)(F)F)c1,1020610,1.2,-11.68560521,-13.4300045,502.468,5.4628,3.151558027,0.34054727,77.63,6,1,7,TRUE,648757,0.557034556,1020610,1,0.203703704,1
O=C(Nc1c(F)c(F)c(-c2ccccc2)c(F)c1F)c1c(O)nn2ccccc12,50990483,1.2,-11.10344772,-12.24743886,401.319,4.5156,2.705647828,0.392034684,66.63,4,2,3,TRUE,667074,0.56924325,50990483,1,0.160493827,1
Cc1ccccc1-n1ncc2c1CCCC2NC(=O)c1noc2c1CCCC2,51334975,1.2,-10.76230096,-11.08312021,376.46,3.85492,3.081357895,0.753404112,72.95,5,1,3,TRUE,558913,0.572184685,51334975,1,0.132653061,1
O=C1c2ccccc2C(=O)c2c1nnn2-c1cc(F)c(-c2cc(CO)ccc2F)c(F)c1,51338206,1.2,-10.3212505,-8.610809484,435.361,3.6193,2.744517127,0.468041925,85.08,6,1,3,FALSE,51399397,0.59567637,51338206,1,0.214285714,1
O=C1c2ccccc2C(=O)c2c1nnn2-c1cc(F)c(-c2cccc(CO)c2)c(F)c1,51338202,1.2,-9.64665011,-8.347890663,417.371,3.4802,2.634391641,0.485912552,85.08,6,1,3,FALSE,50082658,0.626323932,51338202,1,0.178571429,1
C=C(C)c1cn(-c2cc(OC)ccc2Cl)c(=O)c2cc(F)c(-n3nc(CO)n(CC)c3=O)cc12,1226036,1.21,-8.150459904,-13.16782969,484.915,3.6845,3.066142879,0.450517515,91.28,8,1,6,TRUE,795460,0.569056834,1226036,1,0.13592233,1
CCc1ccccc1-n1cc(C(C)C)c2cc(-n3nc(CO)n(CC)c3=O)c(F)cc2c1=O,1226078,1.21,-7.966898648,-13.62303023,450.514,3.6752,2.938754993,0.485960289,82.05,7,1,6,TRUE,795460,0.565060365,1226078,1,0.147368421,1
C=C(C)c1cn(-c2c(F)cccc2Cl)c(=O)c2ccc(-n3nc(CO)n(CC)c3=O)cc12,1225994,1.29,-7.697811231,-13.20054231,454.889,3.6759,3.042697407,0.498484473,82.05,7,1,5,TRUE,795460,0.599119888,1225994,1,0.20212766,1
CCn1c(CO)nn(-c2cc3c(C(C)C)cn(C4CCCC4C)c(=O)c3cc2F)c1=O,1226115,1.32,-10.70199591,-12.64531475,428.508,3.4847,3.774849332,0.674537851,82.05,7,1,5,TRUE,795466,0.552860363,1226115,1,0.132653061,1
CCn1c(CO)nn(-c2cc3c(C(C)C)cc(-c4ccccc4C)c(=O)n3cc2F)c1=O,1121399,1.33,-8.110096947,-13.52913082,436.487,3.39702,3.013574854,0.519991462,81.53,7,1,5,TRUE,795460,0.542232356,1121399,1,0.157894737,1
Cc1c(-c2ccc(-c3ccccc3F)cc2)nc2ccc(F)cc2c1C(=O)NO,51370197,1.4,-11.42874487,-9.146060639,390.389,5.27442,2.214581432,0.369818254,62.22,3,2,3,TRUE,766090,0.558839392,51370197,1,0.211111111,1
Cc1ccc(Cl)c(-n2cc(C(C)C)c3cc(-c4cn(C)c(C(C)(C)O)n4)c(F)cc3c2=O)n1,1121389,1.4,-3.750261305,-11.14344198,468.96,5.23792,3.146111054,0.444342565,72.94,6,1,4,TRUE,795460,0.541289934,1121389,1,0.170212766,1
C=C(C)c1cn(-c2ccccc2Cl)c(=O)c2cc(F)c(-n3nc(CO)n(CC)c3=O)cc12,1226034,1.41,-8.239808924,-13.35907317,454.889,3.6759,3.002293386,0.498484473,82.05,7,1,5,TRUE,795460,0.567885666,1226034,1,0.178947368,1
CCn1c(C(=O)O)nn(-c2cc(OC(C)C(F)(F)F)c(C(=O)Nc3c(Cl)cccc3Cl)cc2F)c1=O,972677,1.5,-9.379570948,-13.0244643,551.28,4.7799,3.417658257,0.408865893,115.45,7,2,7,TRUE,578589,0.510466712,972677,1,0.123966942,1
CCn1c(C(=O)O)nn(-c2cc(OC(C)C(F)(F)F)c(C(=O)Nc3c(F)cccc3Cl)cc2F)c1=O,972674,1.5,-9.197442945,-13.19271418,534.825,4.2656,3.453182296,0.437601649,115.45,7,2,7,TRUE,51379174,0.503251121,972674,1,0.253012048,1
O=C(Nc1c(F)c(F)c(-c2cccc(OC(F)(F)F)c2)c(F)c1F)c1ccsc1C(=O)O,51292545,1.5,-9.913812191,-10.7385875,479.329,5.8206,2.765707002,0.357327048,75.63,4,2,5,FALSE,667128,0.551250613,51292545,1,0.127659574,1
C=C(C)c1cn(-c2ccc(F)cc2C)c(=O)c2cc(F)c(-n3nc(CO)n(CC)c3=O)cc12,1226065,1.5,-8.473248761,-13.9825404,452.461,3.47002,3.053804122,0.502839447,82.05,7,1,5,TRUE,795443,0.556313646,1226065,1,0.144230769,1
CCCC(C)Oc1cc(-n2nc3n(c2=O)CCCC3)c(F)cc1C(=O)Nc1ccccc1NC,1020401,1.5,-8.459595567,-13.52871744,467.545,4.3708,3.235003875,0.513483126,90.18,7,2,8,TRUE,795443,0.542879545,1020401,1,0.133928571,1
COCc1cccc(-c2c(F)cc(-n3nnc4c3C(=O)c3ccccc3C4=O)cc2F)c1,51338203,1.6,-10.26525574,-6.248948723,431.398,4.1343,2.643842554,0.427783334,74.08,6,0,4,FALSE,558647,0.592608649,51338203,1,0.090909091,1
C=C(C)c1cn(-c2cccc(OCCO)c2Cl)c(=O)c2cc(F)c(-n3nc(CO)n(CC)c3=O)cc12,1226054,1.65,-8.761579526,-13.78481178,514.941,3.047,3.197980886,0.373689999,111.51,9,2,8,TRUE,596177,0.487446316,1226054,1,0.099173554,1
CCn1c(CO)nn(-c2ccc3c(=O)n(-c4c(F)cccc4Cl)cc(C4(C)CC4)c3c2)c1=O,1226013,1.65,-8.088655975,-13.75665467,468.916,3.6943,3.152171392,0.483991453,82.05,7,1,5,TRUE,795460,0.604643766,1226013,1,0.197916667,1
CCn1c(CO)nn(-c2cc3c(C(C)C)cn(C4CCCCC4C)c(=O)c3cc2F)c1=O,1226109,1.68,-10.56594472,-13.13731471,442.535,3.8748,3.753346067,0.650270977,82.05,7,1,5,TRUE,884111,0.523928743,1226109,1,0.130841121,1
C=C(C)c1cn(-c2cc(C)ccc2F)c(=O)c2cc(F)c(-n3nc(CO)n(CC)c3=O)cc12,1226031,1.69,-8.548818402,-13.80764082,452.461,3.47002,3.070410276,0.502839447,82.05,7,1,5,TRUE,795460,0.551028849,1226031,1,0.121212121,1
CCCC(C)Oc1cc(-n2nc3n(c2=O)CCCC3)c(F)cc1C(=O)Nc1ccc(N)cc1C,1020404,1.7,-9.644053576,-13.89587083,467.545,4.21972,3.232303435,0.506507853,104.17,7,2,7,TRUE,945596,0.481895766,1020404,1,0.163793103,1
CC(=O)c1nc(-c2cc3c(C(C)C)cn(-c4ccccc4C)c(=O)c3cc2F)nn1C,1121368,1.7,-8.343639352,-12.48916913,418.472,4.55972,2.88934859,0.455744099,69.78,6,0,4,TRUE,51107485,0.518584421,1121368,1,0.166666667,1
CN(N=Cc1ccc(F)cc1C(=O)O)c1nc(-c2ccccc2Cl)cs1,1001119,1.8,-8.428950925,-6.807783635,389.839,4.7711,2.582366476,0.503841761,65.79,5,1,5,FALSE,51253503,0.5499017,1001119,1,0.21686747,1
C=CCC(C)Oc1cc(-n2nc(CC)n(C)c2=O)c(F)cc1C(=O)NC(CC)CC,1098788,1.8,-10.83895821,-11.07068957,418.513,3.5343,3.447276249,0.598921773,78.15,6,1,10,TRUE,827025,0.557392019,1098788,1,0.119266055,1
CCn1c(CO)nn(-c2cc3c(C(C)C)cn(-c4ccccc4F)c(=O)c3cc2F)c1=O,1226066,1.86,-7.294577835,-13.72402578,440.45,3.2519,2.909908071,0.516606784,82.05,7,1,5,TRUE,CHEMBL3924809,0.543497079,1226066,1,0.153846154,1
C=C(c1cn(-c2c(F)cccc2Cl)c(=O)c2ccc(-n3nc(CO)n(CC)c3=O)cc12)C(F)(F)F,1225995,1.94,-8.076949294,-14.35205211,508.859,4.2183,3.220180783,0.409311002,82.05,7,1,5,TRUE,795460,0.573524916,1225995,1,0.221052632,1
CCn1c(CO)nn(-c2nc3c(C(C)C)nn(-c4ccccc4C)c(=O)c3cc2F)c1=O,1226023,1.97,-7.359473302,-13.25064849,438.463,2.21122,3.008870309,0.511927048,107.83,9,1,5,TRUE,795460,0.552140159,1226023,1,0.145833333,1
O=C(Nc1c(F)cc(-c2cccc(OC(F)(F)F)c2)cc1F)c1ccsc1C(=O)O,28080,2,-9.413470035,-9.553554672,443.349,5.5424,2.505868779,0.507859578,75.63,4,2,5,TRUE,667134,0.545119123,28080,1,0.186813187,1
O=C(O)c1cc(C2CC2)ccc1Nc1cnc(-c2ccccc2)c(C(F)(F)F)c1,220012,2,-9.774812519,-8.505926112,398.384,6.0866,2.334745263,0.546213416,62.22,3,2,5,TRUE,675485,0.560179062,220012,1,0.113636364,1
C=CCn1c(C(=O)O)nn(-c2cc(OC(C)C(F)(F)F)c(C(=O)Nc3c(F)cccc3Cl)cc2F)c1=O,1098841,2,-10.63765299,-13.50774238,546.836,4.4317,3.543579736,0.318960125,115.45,7,2,8,TRUE,CHEMBL3598056,0.576219237,1098841,1,0.25,1
CCCC(C)Oc1cc(-n2nc3n(c2=O)CCCC3)c(F)cc1C(=O)Nc1c(F)cccc1F,1020374,2,-9.754265638,-12.89653386,474.483,4.6073,3.242986835,0.54272428,78.15,6,1,7,TRUE,351212,0.579312553,1020374,1,0.188888889,1
Cc1ccnc(Cl)c1-n1cc(C(C)C)c2cc(-c3cn(C)c(C(C)(C)O)n3)c(F)cc2c1=O,1121380,2,-5.073746719,-11.84909432,468.96,5.23792,3.261735773,0.415664856,72.94,6,1,4,FALSE,669311,0.527591214,1121380,1,0.192307692,1
CCCC(C)Oc1cc(-n2nc3n(c2=O)CCCC3)c(F)cc1C(=O)Nc1c(C)cccc1F,1020407,2,-12.07451755,-13.01975445,470.52,4.77662,3.275446592,0.539325986,78.15,6,1,7,TRUE,667131,0.576134994,1020407,1,0.188679245,1
Cc1cccc(F)c1NC(=O)c1cc(F)c(-n2nc3n(c2=O)CCCC3)cc1OC(C)C1CCCCC1,1020540,2,-10.12791794,-13.24055611,510.585,5.55682,3.369931224,0.471267779,78.15,6,1,6,TRUE,651509,0.574825302,1020540,1,0.173913043,1
Cc1cc(N)cnc1NC(=O)c1cc(F)c(-n2nc3n(c2=O)CCCC3)cc1OC(C)C1CCCCC1,1020533,2,-7.549463896,-9.98137809,508.598,4.39492,3.494326389,0.509909538,117.06,8,2,6,TRUE,651531,0.541290831,1020533,1,0.126984127,1
Cc1cccc(F)c1NC(=O)c1cc(F)c(-n2nc3n(c2=O)CCCC3)cc1OC(C)C(F)(F)F,1020454,2,-9.339640944,-13.52990193,496.436,4.53882,3.384336845,0.52657876,78.15,6,1,5,TRUE,51379174,0.52330705,1020454,1,0.259259259,1
CCc1cccc(Cl)c1NC(=O)c1cc(F)c(-n2nc3n(c2=O)CCCC3)cc1OC(C)C(F)(F)F,1020442,2,-9.79795924,-13.68321343,526.918,5.3071,3.402581859,0.441745751,78.15,6,1,6,TRUE,646385,0.510190042,1020442,1,0.245454545,1
C=C(C)c1cn(-c2c(C)cnc(OC)c2C)c(=O)c2cc(F)c(-n3nc(CO)n(CC)c3=O)cc12,1226060,2.02,-5.519937357,-12.40108811,479.512,3.04294,3.388194387,0.455948374,104.17,9,1,6,TRUE,795460,0.56641881,1226060,1,0.101851852,1
CCn1c(CO)nn(-c2cc3c(C(C)C)cn(C4CCCCC4)c(=O)c3cc2F)c1=O,1226096,2.07,-9.49082272,-12.4642249,428.508,3.6288,2.96497526,0.672852544,82.05,7,1,5,TRUE,351354,0.525486655,1226096,1,0.112244898,1
CCn1c(CO)nn(-c2cc3c(C(C)C)cn(-c4cc(OC)ncc4C)c(=O)c3cc2F)c1=O,1226102,2.1,-5.359381371,-12.39001817,467.501,2.82482,3.165853053,0.467715888,104.17,9,1,6,TRUE,795460,0.523904382,1226102,1,0.115384615,1
Cc1n[nH]c(Cl)c1-c1cc(C(C)C)c2cc(-c3nc(C(C)(C)O)n(C)n3)c(F)cn2c1=O,1121401,2.1,-5.752436294,-12.40218572,458.925,3.93682,3.541481242,0.482085899,101.1,7,2,4,FALSE,795451,0.547714918,1121401,1,0.116504854,1
Cc1ccccc1-c1cc(C(C)C)c2cc(-c3cn(C)c(C(C)(C)O)n3)c(F)cn2c1=O,1121398,2.11,-9.367194218,-12.80935126,433.527,5.16532,3.040910284,0.483304484,59.53,5,1,4,TRUE,50382207,0.512875536,1121398,1,0.14953271,1
CCn1c(CO)nn(-c2cc3c(C(C)C)cn(-c4cc(F)ccc4F)c(=O)c3cc2F)c1=O,1226057,2.2,-7.147315517,-13.92402199,458.44,3.391,3.011201045,0.497196295,82.05,7,1,5,TRUE,795460,0.555845511,1226057,1,0.12371134,1
C=C(C)c1cn(-c2cc(OC)ccc2F)c(=O)c2cc(F)c(-n3nc(CO)n(CC)c3=O)cc12,1226033,2.22,-8.219135619,-13.77399516,468.46,3.1702,3.068801936,0.469504412,91.28,8,1,6,TRUE,795460,0.538570705,1226033,1,0.106796117,1
C=C(C)c1cn(-c2c(C)ccnc2OC)c(=O)c2cc(F)c(-n3nc(CO)n(CC)c3=O)cc12,1226048,2.23,-7.543242163,-12.50162483,465.485,2.73452,3.300990025,0.469658149,104.17,9,1,6,TRUE,795460,0.582607794,1226048,1,0.112149533,1
CCn1c(CO)nn(-c2cc3c(C(C)C)cn(-c4cccc(F)c4C)c(=O)c3cc2F)c1=O,1226063,2.24,-8.2814083,-13.54761225,454.477,3.56032,3.019950276,0.500033693,82.05,7,1,5,TRUE,50748338,0.50709151,1226063,1,0.14,1
C=C(C)c1cn(-c2ccccc2C(F)(F)F)c(=O)c2ccc(-n3nc(CO)n(CC)c3=O)cc12,1226001,2.29,-9.264992675,-13.69044431,470.451,3.9022,2.99032402,0.479766069,82.05,7,1,5,TRUE,50382207,0.488631414,1226001,1,0.140350877,1
O=C(NC1CCCc2c1cnn2-c1ccccc1F)c1ncn2c1CCCC2,51334976,2.3,-10.0040169,-6.889522773,379.439,3.3516,3.201768777,0.75900687,64.74,5,1,3,TRUE,558704,0.538627303,51334976,1,0.121212121,1
CCn1c(CO)nn(-c2cc3c(C(C)C)cn(-c4c(C)cnc(OC)c4C)c(=O)c3cc2F)c1=O,1226067,2.34,-4.725886243,-11.17646731,481.528,3.13324,3.308112605,0.453832126,104.17,9,1,6,TRUE,795460,0.560063962,1226067,1,0.113207547,1
Cc1c(N)cccc1NC(=O)c1cc(F)c(-n2nc3n(c2=O)CCCC3)cc1OC(C)C1CCCCC1,1020523,2.4,-8.333745263,-13.62338923,507.61,4.99992,3.352851664,0.457132382,104.17,7,2,6,TRUE,651543,0.550624382,1020523,1,0.135135135,1
Cc1cccc(C(=O)O)c1NC(=O)c1cc(F)c(-n2nc3n(c2=O)CCCC3)cc1OC(C)C1CCCCC1,1020534,2.5,-8.232473382,-10.09570228,536.604,5.11592,3.361382162,0.433362844,115.45,7,2,7,TRUE,1156292,0.537975779,1020534,1,0.142857143,1
Cc1ccnc(Cl)c1-n1cc(C(C)C)c2cc(-c3nc(C(C)(C)O)n(C)n3)c(F)cc2c1=O,1121381,2.5,-5.401246433,-12.39132923,469.948,4.63292,3.297741996,0.440155533,85.83,7,1,4,FALSE,795460,0.557911909,1121381,1,0.154639175,1
COc1nccc(C)c1NC(=O)c1cc(F)c(-n2nc3n(c2=O)CCCC3)cc1OC(C)C1CCCCC1,1020502,2.5,-8.9627226,-12.82253525,523.609,4.82132,3.500973653,0.476619923,100.27,8,1,7,TRUE,1156145,0.528040722,1020502,1,0.118644068,1
C=CCn1c(CO)nn(-c2cc(OC(C)C(F)(F)F)c(C(=O)Nc3c(F)cccc3Cl)cc2F)c1=O,1098800,2.5,-9.641650708,-12.56245339,532.853,4.2258,3.51626018,0.33422767,98.38,7,2,8,TRUE,596202,0.498956333,1098800,1,0.169491525,1
Cc1n[nH]c(C(F)(F)F)c1-c1cc(C(C)C)c2cc(-c3nc(C(C)(C)O)n(C)n3)c(F)cn2c1=O,1121403,2.51,-6.32035509,-13.09515813,492.477,4.30222,3.578636643,0.413890416,101.1,7,2,4,TRUE,795460,0.573209359,1121403,1,0.177083333,1
Cc1ccccc1-n1nc(C(C)C)c2cc(-c3cn(C)c(C(C)O)n3)c(F)cc2c1=O,1121377,2.6,-7.072137476,-12.21997389,420.488,4.41042,3.280819263,0.530785157,72.94,6,1,4,TRUE,795460,0.560106101,1121377,1,0.161290323,1
Cc1ccccc1-n1cc(C(C)C)c2cc(-c3cnc(C4CC4)cn3)c(F)cc2c1=O,1121363,2.6,-7.357787549,-12.46636449,413.496,5.89602,2.757313783,0.418694164,47.78,4,0,4,TRUE,795460,0.542404864,1121363,1,0.175824176,1
Cc1ccccc1-n1cc(C(C)C)c2cc(-c3nc(CO)n(C)n3)c(F)cc2c1=O,1121371,2.6,-7.081876594,-12.44524728,406.461,3.84942,2.835770789,0.558767148,72.94,6,1,4,TRUE,50748338,0.510758662,1121371,1,0.15625,1
Cc1n[nH]c(Cl)c1-c1cc(C(C)C)c2cc(-c3cn(C)c(C(C)(C)O)n3)c(F)cn2c1=O,1121400,2.69,-9.327237694,-10.88196254,457.937,4.54182,3.504218987,0.470520446,88.21,6,2,4,FALSE,50388312,0.532101936,1121400,1,0.15,1
CCCC(C)Oc1cc(-n2nc3n(c2=O)CCCC3)c(F)cc1C(=O)Nc1c(C)cccc1C(F)(F)F,1020391,2.7,-10.90011122,-14.14354175,520.527,5.65632,3.373021283,0.408282709,78.15,6,1,7,TRUE,644807,0.500685636,1020391,1,0.226086957,1
Cc1cccc(-n2ncc3c2CCCC3NC(=O)c2noc3c2CCCC3)c1C,51334959,2.7,-10.71362532,-10.68558638,390.487,4.16334,3.158385575,0.72866236,72.95,5,1,3,TRUE,675357,0.576682135,51334959,1,0.114942529,1
O=C1c2ccccc2C(=O)c2c1nnn2-c1cc(F)c(-c2cccc(F)c2)c(F)c1,51338200,2.7,-9.777327885,-8.481513631,405.335,4.127,2.576345345,0.443137064,64.85,5,0,2,FALSE,558811,0.603530752,51338200,1,0.072916667,1
CCn1c(CO)nn(-c2cc3c(C(C)C)cn(-c4c(C)ccnc4OC)c(=O)c3cc2F)c1=O,1226039,2.75,-7.003928667,-9.718126569,467.501,2.82482,3.219186055,0.467715888,104.17,9,1,6,TRUE,795460,0.573249717,1226039,1,0.123809524,1
CCn1c(CO)nn(-c2cc3c(C(C)C)cn(-c4cc(OC)ccc4F)c(=O)c3cc2F)c1=O,1226052,2.76,-8.197543977,-12.95167594,470.476,3.2605,2.986997966,0.467208369,91.28,8,1,6,TRUE,795460,0.557291667,1226052,1,0.118811881,1
CCCC(C)Oc1cc(-n2nc(CC)n(C)c2=O)c(F)cc1C(=O)Nc1ccccc1CC,1098649,2.8,-9.633389462,-14.21929451,454.546,4.6546,3.121689002,0.510343503,78.15,6,1,9,TRUE,795460,0.512741999,1098649,1,0.141414141,1
CCCn1c(CO)nn(-c2cc(OC(C)C(F)(F)F)c(C(=O)Nc3c(F)cccc3Cl)cc2F)c1=O,972644,2.8,-9.671581875,-12.76924766,534.869,4.4498,3.419808158,0.416170246,98.38,7,2,8,TRUE,50916521,0.522409436,972644,1,0.114035088,1
Cc1ccnnc1NC(=O)c1cc(F)c(-n2nc3n(c2=O)CCCC3)cc1OC(C)C1CCCCC1,1020519,2.9,-8.555296432,-11.02951177,494.571,4.20772,3.525823437,0.550667695,103.93,8,1,6,TRUE,651513,0.584801254,1020519,1,0.172413793,1
Cc1cc(F)cc(Cl)c1NC(=O)c1cc(F)c(-n2nc3n(c2=O)CCCOC3)cc1OC(C)C(F)(F)F,1020635,2.9,-10.27536282,-13.43661286,546.88,4.77622,3.606189277,0.465685317,87.38,7,1,5,TRUE,596117,0.511762244,1020635,1,0.139130435,1
CCn1c(CO)nn(-c2cc3c(C(C)C)cn(-c4cc(C)ccc4F)c(=O)c3cc2F)c1=O,1226030,2.98,-7.98914079,-13.63841712,454.477,3.56032,2.985879507,0.500033693,82.05,7,1,5,TRUE,795443,0.537643044,1226030,1,0.125,1
COc1cccc(-c2c(F)c(F)c(Nc3ncccc3C(=O)O)c(F)c2F)c1,CHEMBL2263625,2.999,-8.954146186,-6.975208751,392.308,4.7554,2.456814737,0.484166236,71.45,4,2,5,TRUE,708927,0.541021672,CHEMBL2263625,1,0.184782609,1
O=C(O)c1cc(C2CC2)ccc1Nc1cnc(-c2ccccc2Cl)nc1,220018,3,-8.807414053,-8.318147498,365.82,5.1162,2.251819926,0.656205922,75.11,4,2,5,TRUE,558766,0.571577969,220018,1,0.107526882,1
Cc1cc(C(=O)O)c2c(c1)nc(-c1c(F)c(F)c(-c3ccccc3)c(F)c1F)n2C,297825,3,-10.03141904,-7.98428509,414.358,5.47032,2.68585696,0.357307951,55.12,3,1,3,TRUE,669143,0.522963259,297825,1,0.111111111,1
CCn1c(C(N)=O)nn(-c2cc(OC(C)C(F)(F)F)c(C(=O)Nc3c(F)cccc3Cl)cc2F)c1=O,972690,3,-9.687360342,-13.14212387,533.841,3.6663,3.468914988,0.448950018,121.24,7,2,7,TRUE,708930,0.50307763,972690,1,0.174311927,1
CCCC(C)Oc1cc(-n2nc3n(c2=O)CCCC3)c(F)cc1C(=O)Nc1ccccc1C,1020383,3,-8.669070082,-13.53431397,452.53,4.63752,3.094823521,0.566647632,78.15,6,1,7,TRUE,945596,0.525294168,1020383,1,0.189189189,1
CCn1c(CO)nn(-c2cc(OC(C)C(F)(F)F)c(C(=O)Nc3c(Cl)cccc3Cl)cc2F)c1=O,972590,3,-9.716626891,-12.56779721,537.297,4.574,3.36252679,0.430662506,98.38,7,2,7,TRUE,1156253,0.522541711,972590,1,0.091666667,1
CCCC(C)Oc1cc(-n2nc(CC)n(C)c2=O)c(F)cc1C(=O)Nc1c(F)cccc1F,972466,3,-9.947974673,-12.32978523,462.472,4.3704,3.210239501,0.539357451,78.15,6,1,8,TRUE,644807,0.529049458,972466,1,0.211538462,1
CC(Oc1cc(-n2nc3n(c2=O)CCCOC3)c(F)cc1C(=O)Nc1c(F)cccc1Cl)C(F)(F)F,1020631,3,-10.08110742,-12.97217289,532.853,4.4678,3.558395845,0.490112264,87.38,7,1,5,TRUE,351226,0.606399686,1020631,1,0.179245283,1
CC(Oc1cc(-n2nc3n(c2=O)CCCOC3)c(F)cc1C(=O)Nc1c(Cl)cccc1Cl)C(F)(F)F,1020634,3,-10.2049503,-13.2614112,549.308,4.9821,3.523948292,0.454071491,87.38,7,1,5,TRUE,795460,0.544801103,1020634,1,0.202020202,1
CC(Oc1cc(-n2nc3n(c2=O)CCCC3)c(F)cc1C(=O)Nc1c(F)cccc1F)C(F)(F)F,1020409,3,-10.13197945,-12.89602602,500.399,4.3695,3.352215211,0.528258927,78.15,6,1,5,TRUE,667068,0.593833068,1020409,1,0.204301075,1
Cc1cc(F)cc(Cl)c1NC(=O)c1cc(F)c(-n2nc3n(c2=O)CCCC3)cc1OC(C)C(F)(F)F,1020443,3,-10.91396124,-14.10432776,530.881,5.19222,3.433217166,0.460461503,78.15,6,1,5,TRUE,351240,0.584129742,1020443,1,0.133928571,1
CC(Oc1cc(-n2nc3n(c2=O)CCCC3)c(F)cc1C(=O)Nc1c(F)cccc1F)C1CCCCC1,1020544,3,-9.854277335,-13.37588642,514.548,5.3875,3.340562873,0.478745622,78.15,6,1,6,TRUE,645021,0.562158776,1020544,1,0.20754717,1
CCOc1cccc(-c2cc(F)c(NC(=O)c3ccsc3C(=O)O)c(F)c2)c1,CHEMBL200699,3,-8.62857034,-11.0009455,403.406,5.0425,2.33039216,0.604465144,75.63,4,2,6,TRUE,651475,0.547807168,CHEMBL200699,1,0.183908046,1
CCn1c(CO)nn(-c2cc3c(C(C)C)cn(-c4nc(C)ccc4Cl)c(=O)c3cc2F)c1=O,1226097,3.07,-7.002200371,-10.53171247,471.92,3.46962,3.121730276,0.480625164,94.94,8,1,5,TRUE,795460,0.545002032,1226097,1,0.153061224,1
Nc1cccc(-c2ccc(-n3nnc4c3C(=O)c3ccccc3C4=O)cc2)c1,51338186,3.1,-8.172059185,-9.90818797,366.38,3.2919,2.340722075,0.484195948,90.87,6,1,2,FALSE,50082661,0.609889442,51338186,1,0.171052632,1
CCCC(C)Oc1cc(-n2nc(CO)n(C)c2=O)c(F)cc1C(=O)Nc1c(F)cccc1Cl,1098747,3.2,-10.54934156,-13.09037549,480.899,3.8146,3.270676424,0.510546815,98.38,7,2,8,TRUE,51379174,0.536064219,1098747,1,0.240963855,1
Cc1cccc(Cl)c1NC(=O)c1cc(F)c(-n2nc3n(c2=O)CCCOC3)cc1OC(C)C(F)(F)F,1020636,3.2,-9.423941723,-13.2697878,528.89,4.63712,3.508404236,0.487679793,87.38,7,1,5,TRUE,795442,0.577337576,1020636,1,0.193877551,1
CCn1c(CO)nn(-c2ccc3c(=O)n(-c4ccccc4Cl)nc(C(C)C)c3c2)c1=O,1226006,3.21,-6.25236786,-12.55962617,439.903,3.0221,2.772930716,0.515408322,94.94,8,1,5,TRUE,795443,0.563919129,1226006,1,0.2,1
COc1cc(C)c(NC(=O)c2cc(F)c(-n3nc4n(c3=O)CCCC4)cc2OC(C)C2CCCCC2)cn1,1020500,3.3,-6.482188931,-11.48672243,523.609,4.82132,3.466245448,0.476619923,100.27,8,1,7,TRUE,651562,0.547809458,1020500,1,0.157024793,1
CC(Oc1cc(-n2nc3n(c2=O)CCCC3)c(F)cc1C(=O)Nc1c(F)cc(O)cc1F)C(F)(F)F,1020696,3.4,-10.00466771,-12.5776459,516.398,4.0751,3.522454215,0.393686308,98.38,7,2,5,TRUE,478114,0.569216418,1020696,1,0.185840708,1
CCn1c(CO)nn(-c2ccc3c(=O)n(-c4c(F)cccc4Cl)cc(C(C)C)c3c2)c1=O,1225992,3.46,-6.464332348,-13.22723542,456.905,3.7662,2.956245484,0.49536341,82.05,7,1,5,TRUE,795460,0.571608568,1225992,1,0.206521739,1
CC(O)c1nn(-c2cc(OC(C)C(F)(F)F)c(C(=O)Nc3c(Cl)cccc3Cl)cc2F)c(=O)n1C,1098746,3.5,-10.58937467,-14.52169468,537.297,4.6521,3.691235304,0.446535916,98.38,7,2,6,TRUE,795442,0.594628357,1098746,1,0.188888889,1
CC(Oc1cc(-n2nc3n(c2=O)CCCC3)c(F)cc1C(=O)Nc1c(F)cccc1Cl)C(F)(F)F,1020431,3.5,-10.2991222,-12.56128212,516.854,4.8838,3.382199345,0.490172509,78.15,6,1,5,TRUE,351240,0.597387173,1020431,1,0.168224299,1
Cc1cc(C(=O)O)c2nc(-c3c(F)c(F)c(-c4ccccc4F)c(F)c3F)[nH]c2c1,297842,3.5,-9.032582191,-10.44448783,418.321,5.59902,2.729585477,0.336328389,65.98,2,2,3,TRUE,51253462,0.514461195,297842,1,0.230769231,1
CCn1c(CO)nn(-c2cc3c(C(C)C)cn(-c4c(C)ccnc4Cl)c(=O)c3cc2F)c1=O,1226012,3.57,-4.456779919,-12.96859462,471.92,3.46962,3.236070276,0.449605789,94.94,8,1,5,FALSE,795451,0.569580596,1226012,1,0.102803738,1
Cc1cnc(-c2cc3c(C(C)C)cn(-c4ccccc4C)c(=O)c3cc2F)cc1N,1121365,3.6,-5.573459306,-11.4015286,401.485,5.51424,2.682977647,0.492030989,60.91,4,1,3,TRUE,795460,0.537832094,1121365,1,0.181818182,1
CCn1c(CO)nn(-c2cc3c(C(C)C)cn(-c4cnsc4C)c(=O)c3cc2F)c1=O,1226121,3.72,-7.289527996,-12.79890746,443.504,2.87772,3.422138817,0.51184036,94.94,9,1,5,TRUE,CHEMBL3924809,0.547530998,1226121,1,0.113402062,1
CC(Oc1cc(-n2nc3ccccn3c2=O)c(F)cc1C(=O)Nc1ccccc1F)c1ccccc1,1020624,3.8,-9.030421644,-13.71393962,486.478,5.1557,2.972635983,0.359937288,77.63,6,1,6,TRUE,651509,0.525454381,1020624,1,0.142857143,1
CC(Oc1cc(-n2nc(C(C)(C)O)n(C)c2=O)ccc1C(=O)Nc1c(F)cccc1Cl)C(F)(F)F,1098792,3.9,-9.653120529,-12.99496135,516.879,4.1728,3.394216141,0.479157854,98.38,7,2,6,TRUE,1036953,0.511281588,1098792,1,0.136752137,1
O=C(O)c1cc(C2CC2)cnc1Nc1c(F)cc(-c2cccc(OC(F)(F)F)c2)cc1F,CHEMBL2263646,3.999,-9.120321045,-9.532957681,450.363,6.2446,2.633921183,0.434959942,71.45,4,2,6,TRUE,558833,0.555850802,CHEMBL2263646,1,0.163461538,1
Cc1c(-c2ccccc2Cl)cc(F)c(Nc2ncccc2C(=O)O)c1F,CHEMBL2263449,3.999,-9.3297849,-10.45291267,374.774,5.43042,2.410429489,0.638778444,62.22,3,2,4,TRUE,795466,0.599324161,CHEMBL2263449,1,0.298701299,1
O=C(O)c1cc(C2CC2)ccc1Nc1ccc(-c2ccccc2Cl)nc1,220015,4,-8.749355731,-7.293224602,364.832,5.7212,2.132357556,0.607247759,62.22,3,2,5,TRUE,669143,0.545302539,220015,1,0.138613861,1
O=C(O)C1=C(C(=O)Nc2c(F)c(F)c(-c3cccc(OC(F)(F)F)c3)c(F)c2F)CSC1,50319893,4,-5.79564517,-8.526298675,481.345,4.8751,3.051622029,0.470807005,75.63,4,2,5,FALSE,651475,0.579306488,50319893,1,0.172413793,1
Cc1n[nH]c(C(F)(F)F)c1-c1cc(C(C)C)c2cc(-c3cn(C)c(C(C)(C)O)n3)c(F)cn2c1=O,1121402,4.07,-6.37977336,-12.25242192,491.489,4.90722,3.544179075,0.397430344,88.21,6,2,4,TRUE,795460,0.570123808,1121402,1,0.168421053,1
NCCO.O=C(O)c1[nH]c(=O)[nH]c(=O)c1CCc1cc2ccccc2c2ccccc12,50555341,4.1,-10.59061257,-10.83881504,421.453,1.7904,2.564935725,0.310195236,149.27,5,5,5,TRUE,558649,0.54140343,50555341,1,0.12195122,1
CC(Oc1cc(-n2nc3n(c2=O)CCCOC3)c(F)cc1C(=O)Nc1c(Cl)cc(F)cc1Cl)C(F)(F)F,1020639,4.1,-10.44228306,-13.35614678,567.298,5.1212,3.618605575,0.432978141,87.38,7,1,5,TRUE,50748310,0.510716735,1020639,1,0.136752137,1
COc1cc(-n2nnc3c2C(=O)c2ccccc2C3=O)ccc1-c1ccccc1,51338192,4.1,-9.132824552,-8.868042984,381.391,3.7183,2.308849537,0.476195366,74.08,6,0,3,FALSE,CHEMBL3982626,0.549122233,51338192,1,0.151898734,1
CCn1c(CO)nn(-c2cc(OC(C)C(F)(F)F)c(C(=O)Nc3c(F)cccc3Cl)cc2F)c1=O,972579,4.17,-9.694825551,-13.38580496,520.842,4.0597,3.398806659,0.457908085,98.38,7,2,7,TRUE,1036953,0.540966968,972579,1,0.153846154,1
CCONC(=O)c1c(C)c(-c2ccc(-c3ccccc3F)cc2)nc2ccc(F)cc12,51370199,4.2,-10.36262541,-8.070957194,418.443,5.83672,2.332503004,0.414604918,51.22,3,1,5,TRUE,50529312,0.569804169,51370199,1,0.150537634,1
Cc1cc(F)cc(C)c1NC(=O)c1cc(F)c(-n2nc3n(c2=O)CCCC3)cc1OC(C)C(F)(F)F,1020445,4.3,-10.0768767,-14.19231623,510.463,4.84724,3.406284984,0.498324385,78.15,6,1,5,TRUE,51379174,0.524653488,1020445,1,0.204819277,1
CCn1c(CO)nn(-c2cc(OC(C)C(F)(F)F)c(C(=O)Nc3c(F)cc(O)cc3Cl)cc2F)c1=O,972654,4.3,-9.692652497,-12.57152251,536.841,3.7653,3.563452488,0.312469844,118.61,8,3,7,TRUE,478124,0.566037736,972654,1,0.153846154,1
Cc1cccc2c(C(=O)Nc3c(F)c(F)c(-c4ccccc4)c(F)c3F)c(O)nn12,50990484,4.3,-10.5911192,-10.85170519,415.346,4.82402,2.798376164,0.372355667,66.63,4,2,3,TRUE,51253462,0.542370959,50990484,1,0.185185185,1
CC(Oc1cc(-n2nc(CO)n(C)c2=O)c(F)cc1C(=O)Nc1c(Cl)cccc1Cl)C(F)(F)F,972589,4.33,-9.492752247,-11.95331043,523.27,4.0911,3.345824823,0.474844193,98.38,7,2,6,TRUE,CHEMBL3924809,0.522776129,972589,1,0.142857143,1
CN(N=Cc1cc(F)c(F)cc1C(=O)O)c1nc(-c2ccccc2Cl)cs1,1001130,4.4,-10.77462929,-9.030542012,407.829,4.9102,2.746062577,0.481760173,65.79,5,1,5,FALSE,50387987,0.555592804,1001130,1,0.3,1
CCCC(C)Oc1cc(-n2nc(C(C)(C)O)n(C)c2=O)c(F)cc1C(=O)Nc1c(C)cccc1F,1098755,4.5,-9.628960893,-14.24889423,488.535,4.20472,3.396526463,0.495196421,98.38,7,2,8,TRUE,644856,0.561232766,1098755,1,0.219298246,1
CCCC(C)Oc1cc(-n2nc(C(C)(C)O)n(C)c2=O)c(F)cc1C(=O)Nc1c(F)cccc1Cl,1098749,4.5,-10.31340343,-13.72956699,508.953,4.5497,3.394343484,0.464934593,98.38,7,2,8,TRUE,646385,0.510630972,1098749,1,0.194690265,1
CC(Oc1cc(-n2nc(C(C)(C)O)n(C)c2=O)c(F)cc1C(=O)Nc1c(Cl)cccc1Cl)C(F)(F)F,1098745,4.5,-9.709888588,-13.19149495,551.324,4.8262,3.467432812,0.428330804,98.38,7,2,6,TRUE,708930,0.53284806,1098745,1,0.182692308,1
CCn1c(CO)nn(-c2cc(OC(C)C(F)(F)F)c(C(=O)Nc3c(C)cccc3F)cc2F)c1=O,1098740,4.5,-9.837237826,-12.65009684,500.424,3.71472,3.400989638,0.482319933,98.38,7,2,7,TRUE,646385,0.524252904,1098740,1,0.178571429,1
CCCC(C)Oc1cc(-n2nc3n(c2=O)CCCC3)c(F)cc1C(=O)Nc1ccc(F)cc1C,1020384,4.5,-9.854896004,-14.06933412,470.52,4.77662,3.177147645,0.539325986,78.15,6,1,7,TRUE,CHEMBL3596636,0.577223239,1020384,1,0.17699115,1
O=C1c2ccccc2C(=O)c2c1nnn2-c1cc(F)c(-c2ccccc2F)c(F)c1,51338199,4.5,-9.699279647,-8.391975052,405.335,4.127,2.578518377,0.443137064,64.85,5,0,2,FALSE,51399397,0.572817655,51338199,1,0.189873418,1
O=C1c2ccccc2C(=O)c2c1nnn2-c1ccc(-c2ccccc2F)cc1,51338188,4.5,-9.477076552,-8.295196319,369.355,3.8488,2.264973357,0.474112683,64.85,5,0,2,FALSE,558923,0.541704036,51338188,1,0.079545455,1
COC(=O)Cc1cccc(-c2c(F)cc(-n3nnc4c3C(=O)c3ccccc3C4=O)cc2F)c1,51338204,4.6,-11.22820139,-8.917153852,459.408,3.7034,2.681619554,0.380829185,91.15,7,0,4,FALSE,558940,0.597665603,51338204,1,0.151515152,1
CCn1c(CO)nn(-c2cc3c(C(C)C)cn(-c4cnccc4C)c(=O)c3cc2F)c1=O,1226123,4.79,-6.361666555,-13.20138098,437.475,2.81622,3.078669085,0.518130423,94.94,8,1,5,TRUE,795443,0.50666534,1226123,1,0.132075472,1
CCn1c(CO)nn(-c2cc3c(C(C)C)cn(-c4ccnc(OC)c4Cl)c(=O)c3cc2F)c1=O,1226095,4.88,-7.060007397,-12.71392071,487.919,3.1698,3.230164715,0.447739786,104.17,9,1,6,TRUE,795460,0.532315978,1226095,1,0.125,1
CCn1c(CO)nn(-c2ccc3c(=O)n(-c4c(F)cccc4Cl)nc(C(C)C)c3c2)c1=O,1226008,4.96,-7.483561137,-12.61135952,457.893,3.1612,2.93227905,0.496420824,94.94,8,1,5,TRUE,795460,0.592893836,1226008,1,0.21978022,1
O=C(O)c1cc(C2CC2)cnc1Nc1c(F)cc(-c2ccccc2Cl)cc1F,51186835,5,-10.70829571,-8.489887445,400.812,5.9994,2.453518196,0.551046217,62.22,3,2,5,TRUE,50388243,0.553341902,51186835,1,0.233333333,1
Cc1c(-c2ccccc2)cc(F)c(Nc2ncccc2C(=O)O)c1F,51186836,5,-8.829221864,-10.12174081,340.329,4.77702,2.297570357,0.717568402,62.22,3,2,4,TRUE,558766,0.54751773,51186836,1,0.134831461,1
CCn1c(CO)nn(-c2cc(OC(C)C(F)(F)F)c(C(=O)Nc3c(Cl)ccc(O)c3F)cc2F)c1=O,1098806,5,-9.288387349,-12.13781732,536.841,3.7653,3.576394315,0.395718131,118.61,8,3,7,TRUE,795442,0.557492355,1098806,1,0.12745098,1
CCCC(C)Oc1cc(-n2nc(C(C)O)n(C)c2=O)c(F)cc1C(=O)Nc1c(F)cccc1Cl,1098748,5,-9.561113597,-12.69400699,494.926,4.3756,3.61758477,0.484130394,98.38,7,2,8,TRUE,651513,0.550243633,1098748,1,0.1875,1
CC(Oc1cc(-n2nc3n(c2=O)CCCC3)c(F)cc1C(=O)Nc1ccc(N)cc1C(F)(F)F)C1CCCCC1,1020524,5,-10.83819968,-13.78650242,561.58,5.7103,3.481732612,0.296445362,104.17,7,2,6,TRUE,1156159,0.52944748,1020524,1,0.096774194,1
Cc1cccc(F)c1NC(=O)c1cc(F)c(-n2nc3n(c2=O)CCCC3)cc1OC(C)c1ccccc1,1020669,5,-10.34749351,-14.6713049,504.537,5.34922,3.198834961,0.384113674,78.15,6,1,6,TRUE,651513,0.534906414,1020669,1,0.196428571,1
CC(Oc1cc(-n2nc3n(c2=O)CCCC3)c(F)cc1C(=O)Nc1c(F)cccc1F)c1ccccc1,1020667,5,-9.83913824,-13.05245841,508.5,5.1799,3.169466609,0.389448346,78.15,6,1,6,TRUE,644807,0.549754135,1020667,1,0.190909091,1
Cc1cccc(C(F)(F)F)c1NC(=O)c1cc(F)c(-n2nc3n(c2=O)CCCOC3)cc1OC(C)C(F)(F)F,1020638,5,-10.7541071,-13.23974162,562.442,5.00252,3.644535367,0.442603477,87.38,7,1,5,FALSE,795460,0.548101022,1020638,1,0.205882353,1
CCCC(C)Oc1cc(-n2nc3ccccn3c2=O)c(F)cc1C(=O)Nc1c(C)cccc1F,1020612,5,-12.02868103,-13.82256165,466.488,4.89152,3.18724805,0.420703474,77.63,6,1,7,TRUE,558913,0.579987647,1020612,1,0.152380952,1
Cc1cccc(F)c1NC(=O)c1cc(F)c(-n2nc(C(C)C)n(C)c2=O)cc1OC(C)C(F)(F)F,1098686,5,-9.414315342,-13.33186438,498.452,4.86292,3.421022593,0.492610111,78.15,6,1,6,TRUE,51379174,0.517095483,1098686,1,0.276315789,1
Cc1ccc(Nc2cnc(-c3ccccc3F)c(C)c2)c(C(=O)O)c1,220010,5,-9.170854294,-7.338430881,336.366,4.94634,2.120834093,0.707734929,62.22,3,2,4,TRUE,50082577,0.596703158,220010,1,0.139534884,1
Cc1cc(Nc2ccc(C3CC3)cc2C(=O)O)cnc1-c1cccc(OC(F)(F)F)c1,220006,5,-9.286061015,-8.408870599,428.41,6.27482,2.481483668,0.483863519,71.45,4,2,6,TRUE,50388206,0.545278762,220006,1,0.206185567,1
O=C(O)c1c(O)c(-c2ccc(-c3ccccc3)cc2)nc2ccc(F)cc12,50841889,5,-9.448666977,-7.714807425,359.356,5.1117,2.029774114,0.533082234,70.42,3,2,3,TRUE,CHEMBL3924809,0.534760616,50841889,1,0.208333333,1
C=C(C)c1nn(-c2c(F)cccc2Cl)c(=O)c2cc(-n3nc(CO)n(CC)c3=O)c(F)cc12,1226017,5.03,-10.53487028,-7.732583766,473.867,3.21,3.154862584,0.480040071,94.94,8,1,5,TRUE,51359937,0.574614423,1226017,1,0.13592233,1
CCCC(C)Oc1cc(-n2nc3n(c2=O)CCCC3)c(F)cc1C(=O)Nc1ccccc1C(F)F,1020392,5.1,-11.70869159,-14.62164424,488.51,5.2667,3.343735972,0.468875803,78.15,6,1,8,TRUE,558916,0.573286399,1020392,1,0.149122807,1
OC1c2ccccc2C(O)c2c1nnn2-c1cc(F)c(-c2ccccc2F)c(F)c1,51338216,5.1,-11.61253244,-9.260570815,409.367,3.8284,3.619170974,0.528038514,71.17,5,2,2,TRUE,669181,0.615711754,51338216,1,0.071428571,1
CCn1c(CO)nn(-c2cc(OC(C)C(F)(F)F)c(C(=O)Nc3c(F)ccc(OC)c3Cl)cc2F)c1=O,1098809,5.2,-9.494786891,-11.7965042,550.868,4.0683,3.521228687,0.409575006,107.61,8,2,8,TRUE,50916521,0.514037267,1098809,1,0.105263158,1
CCn1c(CO)nn(-c2cc(OC(C)C(F)(F)F)c(C(=O)Nc3c(F)ccc(O)c3Cl)cc2F)c1=O,1098810,5.2,-9.406462885,-12.32604247,536.841,3.7653,3.574582777,0.395718131,118.61,8,3,7,TRUE,646385,0.514569018,1098810,1,0.184210526,1
CC(Oc1cc(-n2nc3n(c2=O)CCOC3)c(F)cc1C(=O)Nc1c(Cl)cccc1Cl)C(F)(F)F,1020579,5.3,-12.05850297,-12.74725954,535.281,4.592,3.493722903,0.483448619,87.38,7,1,5,TRUE,667131,0.589852436,1020579,1,0.161904762,1
CCCC(C)Oc1cc(-n2nc(CC)n(C)c2=O)c(F)cc1C(=O)Nc1ccccc1C,1098615,5.33,-9.616503465,-13.22765737,440.519,4.40062,3.055639464,0.563172135,78.15,6,1,8,TRUE,51379174,0.506032564,1098615,1,0.207317073,1
CCn1c(CO)nn(-c2cc3c(C(C)C)cn(C4CCCC4)c(=O)c3cc2F)c1=O,1226098,5.37,-9.828632995,-12.00451531,414.481,3.2387,2.970839186,0.694929564,82.05,7,1,5,TRUE,809496,0.539943756,1226098,1,0.128440367,1
CCCC(C)Oc1cc(-n2nc(CC)n(C)c2=O)c(F)cc1C(=O)Nc1cccc(N)c1C,972478,5.4,-10.79995071,-13.09946081,455.534,3.98282,3.224576424,0.500117521,104.17,7,2,8,TRUE,826886,0.562237027,972478,1,0.153846154,1
C=C(C)c1cn(-c2ccccc2C#N)c(=O)c2ccc(-n3nc(CO)n(CC)c3=O)cc12,1226002,5.49,-7.901047716,-12.94868555,427.464,2.75508,2.985648,0.527185349,105.84,8,1,5,TRUE,795460,0.600950632,1226002,1,0.13,1
CCCC(C)Oc1cc(-n2nc(CC)n(C)c2=O)c(F)cc1C(=O)Nc1ccc(CC)cc1,1098655,5.5,-10.09429951,-13.58442245,454.546,4.6546,3.073069222,0.510343503,78.15,6,1,9,TRUE,351396,0.586528809,1098655,1,0.12244898,1
Cc1cccc(F)c1NC(=O)c1cc(F)c(-n2nc(C(C)(C)O)n(C)c2=O)cc1OC(C)C(F)(F)F,972587,5.5,-9.835907935,-14.06046192,514.451,3.96692,3.505490788,0.485548972,98.38,7,2,6,TRUE,1036953,0.520765619,972587,1,0.139130435,1
Cc1nc2c(C(=O)O)cc(-c3ccc(OCc4ccccc4)cc3)cc2[nH]1,1045610,5.5,-8.148831903,-10.14517259,358.397,4.81552,2.09273898,0.536455187,75.21,3,2,5,TRUE,51340260,0.56827267,1045610,1,0.099009901,1
Cc1nc2c(C(=O)O)cc(-c3c(F)c(F)c(-n4c(C)ccc4C)c(F)c3F)cc2[nH]1,1045609,5.5,-6.521392918,-8.200504995,417.362,5.20046,3.005547537,0.355579069,70.91,3,2,3,FALSE,669143,0.539652033,1045609,1,0.121212121,1
Cc1nc2c(C(=O)O)cc(-c3c(F)c(F)c(-c4ccc(CN5CCCCC5)cc4)c(F)c3F)cc2[nH]1,1045605,5.5,-8.619462314,-6.937148689,497.492,6.44582,2.77775254,0.24579221,69.22,3,2,5,TRUE,766122,0.569907669,1045605,1,0.202020202,1
Cc1nc2c(C(=O)O)cc(-c3c(F)c(F)c(-c4cccc(CNC5CC5)c4)c(F)c3F)cc2[nH]1,1045604,5.5,-7.38733026,-7.407415562,469.438,5.71192,2.858782074,0.24967726,78.01,3,3,6,TRUE,50082577,0.554700855,1045604,1,0.114583333,1
Cc1nc2c(C(=O)O)cc(-c3c(F)c(F)c(-c4ccc(CN5CCS(=O)(=O)CC5)cc4)c(F)c3F)cc2[nH]1,1045608,5.5,-7.000437031,-8.234697556,547.53,4.69032,3.043743,0.277694045,103.36,5,2,5,TRUE,1132994,0.534454364,1045608,1,0.161904762,1
Cc1nc2c(C(=O)O)cc(-c3c(F)c(F)c(-c4cccc(CO)c4)c(F)c3F)cc2[nH]1,1045602,5.5,-8.917377971,-10.79725824,430.357,4.95222,2.815405242,0.315859579,86.21,3,3,4,TRUE,50082665,0.542763874,1045602,1,0.152173913,1
Cc1nc2c(C(=O)O)cc(-c3c(F)c(F)c(-c4cccc(CN5CCCCC5)c4)c(F)c3F)cc2[nH]1,1045601,5.5,-8.049497427,-7.27707448,497.492,6.44582,2.817068762,0.24579221,69.22,3,2,5,TRUE,753571,0.533410756,1045601,1,0.097345133,1
Cc1nc2c(C(=O)O)cc(-c3c(F)c(F)c(-c4ccccc4CN4CCCCC4)c(F)c3F)cc2[nH]1,1045600,5.5,-7.671187704,-6.425949476,497.492,6.44582,2.856814078,0.24579221,69.22,3,2,5,TRUE,753571,0.570513993,1045600,1,0.10619469,1
Cc1nc2c(C(=O)O)cc(-c3ccc(-c4c(F)cccc4CN4CCCC4)cc3)cc2[nH]1,1045616,5.5,-7.368129661,-9.86315925,429.495,5.63842,2.476730806,0.430863888,69.22,3,2,5,TRUE,669291,0.545116097,1045616,1,0.104761905,1
Cc1nc2c(C(=O)O)cc(-c3ccc(-c4ccccc4CN4CCC(F)C4)cc3)cc2[nH]1,1045614,5.5,-7.55146253,-9.523681508,429.495,5.44732,2.962788894,0.44279735,69.22,3,2,5,TRUE,668735,0.572961796,1045614,1,0.1,1
Cc1cc(C(=O)O)c2[nH]c(-c3c(F)c(F)c(-n4c(C)ccc4C)c(F)c3F)nc2c1,297784,5.6,-7.630952043,-8.958643594,417.362,5.20046,3.030258648,0.355579069,70.91,3,2,3,FALSE,51253462,0.546990137,297784,1,0.2,1
Cc1ccc(CCc2c(C(=O)O)[nH]c(=O)[nH]c2=O)cc1.NCCO,CHEMBL3901542,5.77,-8.124793492,-7.386907577,335.36,-0.20758,2.425771506,0.510274708,149.27,5,5,5,TRUE,51139442,0.574742664,CHEMBL3901542,1,0.115942029,1
CCCC(C)Oc1cc(-n2nc3n(c2=O)CCCC3)c(F)cc1C(=O)Nc1c(C)ccnc1OC,1020387,5.8,-7.203722834,-12.67957213,483.544,4.04112,3.415922471,0.519087725,100.27,8,1,8,TRUE,646385,0.550875322,1020387,1,0.165289256,1
Cc1c(-c2cccc(OC(F)(F)F)c2)cc(F)c(Nc2ncccc2C(=O)O)c1F,CHEMBL2263448,5.998,-9.44433584,-8.721736843,424.325,5.67562,2.597347954,0.516263126,71.45,4,2,5,TRUE,667112,0.584955287,CHEMBL2263448,1,0.155339806,1
O=C(O)c1cc(C2CC2)cnc1Nc1c(F)cc(-c2cccc(OC3CC3)c2)cc1F,CHEMBL2263645,5.998,-9.321845435,-9.653078722,422.431,5.8872,2.592757815,0.496989908,71.45,4,2,7,TRUE,558907,0.573542921,CHEMBL2263645,1,0.093457944,1
CCn1c(CO)nn(-c2ccc(C(=O)Nc3c(F)cccc3Cl)c(OC(C)C(F)(F)F)c2)c1=O,1098794,6,-9.428918984,-12.51303778,502.852,3.9206,3.287478979,0.477202209,98.38,7,2,7,TRUE,651540,0.508423088,1098794,1,0.196261682,1
O=C(O)c1c(O)c(-c2ccc(-c3ccc(O)cc3)cc2)nc2ccccc12,50841896,6,-8.045068093,-8.49451048,357.365,4.6782,2.03344784,0.495231401,90.65,4,3,3,TRUE,CHEMBL3982626,0.576055854,50841896,1,0.191176471,1
O=C(O)c1c(O)c(-c2ccc(Oc3ccccc3)cc2)nc2ccc(F)cc12,50841924,6,-9.99309565,-6.974768007,375.355,5.237,2.085370622,0.510058967,79.65,4,2,4,TRUE,558811,0.542128231,50841924,1,0.085106383,1
Cc1cc(Nc2ccc(C3CC3)cc2C(=O)O)cnc1-c1ccccc1,220007,6,-9.216324251,-7.931823098,344.414,5.37622,2.163432816,0.652443642,62.22,3,2,5,TRUE,558766,0.573325568,220007,1,0.130434783,1
CCn1c(C(=O)O)nn(-c2ccc(C(=O)Nc3c(F)cccc3Cl)c(OC(C)C(F)(F)F)c2)c1=O,1098827,6,-9.533817463,-12.92403659,516.835,4.1265,3.343821225,0.456341144,115.45,7,2,7,TRUE,578519,0.50863041,1098827,1,0.138211382,1
COc1cccc(C)c1NC(=O)c1cc(F)c(-n2nc3n(c2=O)CCCC3)cc1OC(C)C(F)(F)F,1020450,6,-9.222665849,-13.6824013,508.472,4.40832,3.354807034,0.498850535,87.38,7,1,6,TRUE,50748344,0.523756804,1020450,1,0.160377358,1
CCCC(C)Oc1cc(-n2nc3ccccn3c2=O)c(F)cc1C(=O)Nc1ccccc1C,1020616,6,-12.03879112,-12.63788544,448.498,4.75242,3.004728235,0.442541541,77.63,6,1,7,TRUE,667131,0.591764949,1020616,1,0.173076923,1
CC(Oc1cc(-n2nc3n(c2=O)CCCC3)c(F)cc1C(=O)Nc1ccccc1C(F)(F)F)C1CCCCC1,1020548,6.05,-11.48738584,-14.02647495,546.565,6.1281,3.359242301,0.377670782,78.15,6,1,6,TRUE,1156159,0.54955595,1020548,1,0.117647059,1
CCn1c(C2CC2)nn(-c2cc(OC(C)C(F)(F)F)c(C(=O)Nc3c(C)cccc3F)cc2F)c1=O,972520,6.05,-10.08710324,-12.84073202,510.463,5.09982,3.386892853,0.44898099,78.15,6,1,7,TRUE,578519,0.511975277,972520,1,0.165289256,1
CCn1c(CO)nn(-c2cc3c(C(C)C)cn(-c4cc(OC)ncc4F)c(=O)c3cc2F)c1=O,1226080,6.05,-7.45495696,-11.91980633,471.464,2.6555,3.21083072,0.463777883,104.17,9,1,6,TRUE,CHEMBL3924809,0.516843515,1226080,1,0.099009901,1
CCn1c(CO)nn(-c2nc3c(C(C)C)cn(-c4cc(C)ccc4F)c(=O)c3cc2F)c1=O,1226088,6.1,-7.933771859,-13.57811487,455.465,2.95532,3.128884122,0.499377146,94.94,8,1,5,TRUE,596177,0.531280591,1226088,1,0.105263158,1
CCn1c(CO)nn(-c2cc3c(C(C)C)cn(-c4nc(OC)ccc4F)c(=O)c3cc2F)c1=O,1226085,6.14,-7.091592596,-10.22203828,471.464,2.6555,3.163804417,0.463777883,104.17,9,1,6,TRUE,795460,0.549780455,1226085,1,0.117647059,1
CC(Oc1cc(-n2nc(C(C)(C)O)n(C)c2=O)c(F)cc1C(=O)Nc1c(F)cccc1Cl)C(F)(F)F,972578,6.17,-10.63338674,-12.84548715,534.869,4.3119,3.503330788,0.459286881,98.38,7,2,6,TRUE,795460,0.517714065,972578,1,0.231578947,1
CCn1nc(-c2cc3c(C(C)C)cn(-c4ccccc4C)c(=O)c3cc2F)nc1C(C)=O,1121386,6.2,-9.559620975,-12.75398306,432.499,5.04262,2.924588141,0.414296377,69.78,6,0,5,TRUE,651472,0.575174637,1121386,1,0.247058824,1
CCn1c(CO)nn(-c2cc3c(C(C)C)cn(-c4cc(C)cnc4Cl)c(=O)c3cc2F)c1=O,1226087,6.29,-7.225216121,-10.72780151,471.92,3.46962,3.188607199,0.449605789,94.94,8,1,5,FALSE,CHEMBL3924809,0.517216495,1226087,1,0.147368421,1
O=C(NC1CCCc2c1cnn2-c1ccccc1F)c1ncc2ccccn12,51334966,6.3,-10.13798886,-10.50495977,375.407,3.4665,3.204470465,0.596383005,64.22,5,1,3,TRUE,675472,0.611024379,51334966,1,0.113636364,1
CC(Oc1cc(-n2nc(C(=O)O)n(C)c2=O)c(F)cc1C(=O)Nc1c(F)cccc1Cl)C(F)(F)F,1098834,6.5,-9.537660583,-12.82943327,520.798,3.7827,3.449987853,0.478010137,115.45,7,2,6,TRUE,51379174,0.502402196,1098834,1,0.259259259,1
C=C(C)c1cn(-c2cc(OC)ncc2F)c(=O)c2cc(F)c(-n3nc(CO)n(CC)c3=O)cc12,1226074,6.55,-7.081544911,-12.27642655,469.448,2.5652,3.29263469,0.4655924,104.17,9,1,6,TRUE,CHEMBL3924809,0.514076519,1226074,1,0.098039216,1
C=C(C)c1cn(-c2cc(C)cnc2Cl)c(=O)c2cc(F)c(-n3nc(CO)n(CC)c3=O)cc12,1226073,6.58,-7.377807766,-12.20182569,469.904,3.37932,3.273137968,0.452036486,94.94,8,1,5,FALSE,795443,0.561027404,1226073,1,0.130841121,1
Cc1cc(C(=O)O)c2nc(-c3c(F)c(F)c(-c4ccccc4)c(F)c3F)[nH]c2c1,297765,6.8,-8.396836167,-11.33977113,400.331,5.45992,2.626921075,0.354546367,65.98,2,2,3,TRUE,51253462,0.506293549,297765,1,0.223684211,1
Cc1ccc(F)cc1NC(=O)c1cc(F)c(-n2nc3n(c2=O)CCCC3)cc1OC(C)C1CCCCC1,1020551,6.85,-10.50652358,-13.39461293,510.585,5.55682,3.278326389,0.471267779,78.15,6,1,6,TRUE,644807,0.528075215,1020551,1,0.194690265,1
O=C1c2ccccc2C(=O)c2c1nnn2-c1cc(F)c(-c2ccc(F)cc2)c(F)c1,51338201,6.9,-9.459517415,-8.38757123,405.335,4.127,2.527701363,0.443137064,64.85,5,0,2,FALSE,558647,0.588910134,51338201,1,0.076923077,1
CCn1c(CO)nn(-c2cc3c(C(C)C)cn(-c4cc(C)ncc4C)c(=O)c3cc2F)c1=O,1226122,6.93,-4.983656979,-13.03993919,451.502,3.12464,3.125681045,0.50312215,94.94,8,1,5,TRUE,795460,0.540347293,1226122,1,0.12,1
CCCC(C)Oc1cc(-n2nc(C(C)O)n(C)c2=O)c(F)cc1C(=O)Nc1c(C)cccc1F,1098754,7,-9.861221608,-13.43550992,474.508,4.03062,3.619815204,0.513744692,98.38,7,2,8,TRUE,51111947,0.565280888,1098754,1,0.116504854,1
CC(Oc1cc(-n2nc(CO)n(C3CCC3)c2=O)c(F)cc1C(=O)Nc1c(F)cccc1Cl)C(F)(F)F,1098799,7,-9.512603365,-13.11681785,546.88,4.7648,3.514606785,0.41629433,98.38,7,2,7,TRUE,644781,0.502566225,1098799,1,0.191304348,1
CCn1c(C(=O)O)nn(-c2cc(OC(C)C(C)(F)F)c(C(=O)Nc3c(F)cccc3Cl)cc2F)c1=O,1098838,7,-9.588858385,-13.40560821,530.862,4.3585,3.525900565,0.418203231,115.45,7,2,8,TRUE,651509,0.51213419,1098838,1,0.25,1
Cc1cccc(Cl)c1NC(=O)c1cc(F)c(-n2nc3n(c2=O)CCOC3)cc1OC(C)C(F)(F)F,1020580,7,-11.85056285,-13.70660974,514.863,4.24702,3.477693095,0.514486389,87.38,7,1,5,TRUE,667131,0.595058967,1020580,1,0.155963303,1
CC(Oc1cc(-n2nc3n(c2=O)CCOC3)c(F)cc1C(=O)Nc1c(Cl)cc(F)cc1Cl)C(F)(F)F,1020590,7,-10.70811667,-12.46259026,553.271,4.7311,3.59006018,0.462201034,87.38,7,1,5,TRUE,795460,0.538514646,1020590,1,0.161616162,1
Cc1ccccc1-n1ncc2c1CCCC2NC(=O)c1onc2c1CCCC2,51334961,7,-10.08796326,-10.85555302,376.46,3.85492,3.201787351,0.753404112,72.95,5,1,3,TRUE,50415878,0.551712406,51334961,1,0.168539326,1
O=C(O)C1=C(C(=O)Nc2c(F)c(F)c(-c3cccc(OC(F)(F)F)c3)c(F)c2F)CCC1,50251730,7,-6.16674112,-9.260196137,463.305,5.3122,2.863447968,0.46559668,75.63,3,2,5,FALSE,669181,0.534726758,50251730,1,0.076923077,1
O=C(O)c1c(O)c(-c2ccc(Oc3ccccc3)cc2)nc2ccccc12,50841864,7,-9.494799155,-10.09039852,357.365,5.0979,1.959294009,0.531192543,79.65,4,2,4,TRUE,558918,0.53326713,50841864,1,0.088888889,1
O=C(O)c1c(O)c(-c2ccc(-c3ccc(O)cc3)cc2)nc2ccc(F)cc12,50841888,7,-8.652036738,-8.412830882,375.355,4.8173,2.158861099,0.477673224,90.65,4,3,3,TRUE,CHEMBL3924809,0.552752024,50841888,1,0.16,1
Cc1c(-c2ccc(-c3ccccc3)cc2)nc2ccc(F)cc2c1C(=O)O,50841892,7,-9.248668629,-8.755429589,357.384,5.71452,1.94943765,0.510458686,50.19,2,1,3,TRUE,50529312,0.558572711,50841892,1,0.189873418,1
COc1cccc(-c2ncc(Nc3ccc(C4CC4)cc3C(=O)O)cc2C(F)(F)F)c1,220013,7,-9.91452791,-8.181613705,428.41,6.0952,2.430446101,0.49677923,71.45,4,2,6,TRUE,50388206,0.589027486,220013,1,0.183673469,1
CC(Oc1cc(-n2nc3n(c2=O)CCCC3)c(F)cc1C(=O)Nc1ccccc1C(F)F)C(F)(F)F,1020414,7.25,-10.68272193,-14.1857962,514.426,5.0289,3.450123117,0.468525912,78.15,6,1,6,TRUE,1156159,0.512651265,1020414,1,0.120689655,1
Cc1cccc(F)c1NC(=O)c1cc(F)c(-n2nc(C3CC3)n(C)c2=O)cc1OC(C)C(F)(F)F,1098668,7.5,-11.28908915,-12.7060913,496.436,4.61692,3.3874808,0.505704492,78.15,6,1,6,TRUE,667131,0.571629637,1098668,1,0.171428571,1
CCn1c(C(=O)O)nn(-c2cc(OC(C)C(F)(F)F)c(C(=O)Nc3c(F)cccc3F)cc2F)c1=O,1098840,7.5,-9.542243894,-13.02852868,518.37,3.7513,3.423198161,0.460746815,115.45,7,2,7,TRUE,50916521,0.512942779,1098840,1,0.121495327,1
CCCC(C)Oc1cc(-n2nc(CO)n(C)c2=O)c(F)cc1C(=O)Nc1c(C)cccc1F,1098753,7.5,-9.458375972,-12.56437284,460.481,3.46962,3.272956424,0.536502803,98.38,7,2,8,TRUE,51379174,0.535241249,1098753,1,0.2625,1
Cc1cc(F)cc(C)c1NC(=O)c1cc(F)c(-n2nc3n(c2=O)CCCOC3)cc1OC(C)C(F)(F)F,1020640,7.5,-10.57082077,-13.32672151,526.462,4.43124,3.58005706,0.497427941,87.38,7,1,5,TRUE,51379174,0.533513574,1020640,1,0.2,1
Cc1c(-c2ccc(-c3ccccc3F)cc2)nc2ccc(F)cc2c1C(=O)N(C)O,51370200,7.7,-8.862051603,-7.451214409,404.416,5.61662,2.354332274,0.356346293,53.43,3,1,3,TRUE,50529312,0.573492936,51370200,1,0.172413793,1
CCc1nn(-c2cc(OC(C)C(F)(F)F)c(C(=O)Nc3c(C)cccc3F)cc2F)c(=O)n1C,972537,7.75,-11.46106669,-12.38119647,484.425,4.30192,3.35741451,0.529565602,78.15,6,1,6,TRUE,667131,0.592956001,972537,1,0.153846154,1
O=C(O)c1cc(Cl)cnc1Nc1c(F)cc(-c2ccccc2)cc1F,CHEMBL2259675,7.998,-8.103953828,-7.90346063,360.747,5.122,2.192224863,0.677346951,62.22,3,2,4,TRUE,558766,0.538083538,CHEMBL2259675,1,0.102272727,1
CCCC(C)Oc1cc(-n2nc(C)n(C(C)C)c2=O)c(F)cc1C(=O)Nc1c(C)cccc1F,1098606,8,-9.977285457,-13.29735522,472.536,5.32964,3.274311588,0.480738534,78.15,6,1,8,TRUE,708932,0.518680729,1098606,1,0.133928571,1
COc1ccccc1-c1c(F)c(F)c(NC(=O)C2=C(C(=O)O)CCC2)c(F)c1F,50251711,8,-6.136500399,-11.12137088,409.335,4.4222,2.680424805,0.566300351,75.63,3,2,5,TRUE,766215,0.545414942,50251711,1,0.115789474,1
O=C(O)c1cc(C2CC2)ccc1Nc1ccc(-c2ccccc2F)nc1,220027,8,-9.489463603,-3.525919185,348.377,5.2069,2.143917223,0.664544492,62.22,3,2,5,TRUE,558766,0.557893513,220027,1,0.094736842,1
Cc1ccc(C=NN(C)c2nc(-c3ccccc3Cl)cs2)c(C(=O)O)c1,CHEMBL3922925,8,-8.650547998,-10.32476361,385.876,4.94042,2.560358678,0.498627379,65.79,5,1,5,FALSE,50082658,0.5615239,CHEMBL3922925,1,0.117021277,1
CN(N=Cc1ccccc1C(=O)O)c1nc(-c2ccccc2Cl)cs1,CHEMBL3980486,8,-10.06847185,-10.40703974,371.849,4.632,2.458860554,0.524107896,65.79,5,1,5,FALSE,669181,0.535221156,CHEMBL3980486,1,0.139534884,1
Cc1c(-c2ccc(-c3ccccc3F)cc2)nc2ccc(F)cc2c1C(=O)[O-].[Na+],CHEMBL300058,8,-8.951897256,-8.859673408,397.356,1.52292,2.505505883,0.49293904,53.02,3,0,3,FALSE,50529312,0.558699512,CHEMBL300058,1,0.178571429,1
CCn1c(CO)nn(-c2cc3c(C(C)C)cn(-c4ccncc4C)c(=O)c3cc2F)c1=O,1226124,8.08,-5.431526043,-13.22593052,437.475,2.81622,3.077210519,0.518130423,94.94,8,1,5,TRUE,795460,0.558287987,1226124,1,0.141414141,1
Cc1c(-c2ccc(-c3ccccc3F)cc2)nc2ccc(F)cc2c1C(=O)[O-],1001134,8.45,-9.376699076,-8.833178849,374.366,4.51892,2.376450777,0.529834315,53.02,3,0,3,FALSE,CHEMBL3924809,0.539441677,1001134,1,0.220779221,1
CC(Oc1cc(-n2nc3n(c2=O)CCCC3)c(F)cc1C(=O)Nc1c(F)cc(F)cc1Cl)C(F)(F)F,1020444,8.5,-10.82228961,-12.73487728,534.844,5.0229,3.475839301,0.466236375,78.15,6,1,5,TRUE,766122,0.576454926,1020444,1,0.137931034,1
CCn1c(C(=O)O)nn(-c2cc(OC(C)C(F)(F)F)c(C(=O)Nc3c(C)cccc3F)cc2F)c1=O,1098830,8.5,-9.367462215,-13.01571401,514.407,3.92062,3.455319796,0.462175588,115.45,7,2,7,TRUE,51379174,0.506714818,1098830,1,0.275,1
CCCN(N=Cc1ccccc1C(=O)O)c1nc(-c2ccccc2Cl)cs1,1001112,8.6,-9.830762569,-10.82776482,399.903,5.4122,2.609526961,0.425642055,65.79,5,1,7,FALSE,651570,0.552457731,1001112,1,0.170731707,1
Cc1sc(N(C)N=Cc2ccccc2C(=O)O)nc1-c1ccccc1,1001121,8.8,-9.815414544,-10.5789906,351.431,4.28702,2.463343977,0.550064371,65.79,5,1,5,FALSE,669181,0.592041016,1001121,1,0.117647059,1
CCn1c(CO)nn(-c2cc3c(C4(C)CC4)cn(-c4c(F)cccc4Cl)c(=O)c3cc2F)c1=O,1226047,8.81,-8.584883144,-14.42687727,486.906,3.8334,3.276860497,0.464565392,82.05,7,1,5,TRUE,795460,0.580103093,1226047,1,0.195876289,1
Cc1cc(C(=O)O)c2[nH]c(-c3c(F)c(F)c(-c4cccc(F)c4)c(F)c3F)nc2c1,297828,8.86,-9.279831049,-10.81276915,418.321,5.59902,2.787398235,0.336328389,65.98,2,2,3,TRUE,50529312,0.511743546,297828,1,0.19047619,1
CCn1c(C(=O)O)nn(-c2ccc(C(=O)Nc3c(F)cccc3F)c(OC(C)C(F)(F)F)c2)c1=O,1098829,9,-8.685497065,-12.98330241,500.38,3.6122,3.31319913,0.479279209,115.45,7,2,7,TRUE,645168,0.533809438,1098829,1,0.169642857,1
Cc1ccccc1NC(=O)c1cc(F)c(-n2nc(C)n(C(C)C)c2=O)cc1OC(C)C(F)(F)F,1098586,9,-10.72158672,-12.52408134,480.462,4.95274,3.20331899,0.506583781,78.15,6,1,6,TRUE,795456,0.542586751,1098586,1,0.150537634,1
Cc1cc(F)cc(Cl)c1NC(=O)c1cc(F)c(-n2nc3n(c2=O)CCOC3)cc1OC(C)C(F)(F)F,1020581,9,-12.24603437,-13.6937175,532.853,4.38612,3.577263791,0.492713727,87.38,7,1,5,TRUE,667131,0.573273721,1020581,1,0.136363636,1
COc1cccc(C)c1NC(=O)c1cc(F)c(-n2nc3n(c2=O)CCCOC3)cc1OC(C)C(F)(F)F,1020645,9,-8.896030985,-12.87451293,524.471,3.99232,3.528704993,0.49022519,96.61,8,1,6,TRUE,646385,0.525494277,1020645,1,0.2,1
CCCC(C)Oc1cc(-n2nc3n(c2=O)CCCC3)c(F)cc1C(=O)Nc1c(C)cccc1N,1020402,9,-9.10802527,-13.80489209,467.545,4.21972,3.290030236,0.506507853,104.17,7,2,7,TRUE,945596,0.506135485,1020402,1,0.182608696,1
CC(Oc1cc(-n2nc3n(c2=O)CCCC3)c(F)cc1C(=O)Nc1c(Cl)ccc(F)c1F)C(F)(F)F,1020449,9,-10.14053528,-12.55768408,534.844,5.0229,3.475224702,0.368152976,78.15,6,1,5,TRUE,795460,0.5273353,1020449,1,0.18,1
COc1cccc(-c2c(F)cc(-n3nnc4c3C(=O)c3ccccc3C4=O)cc2F)c1,51338198,9,-7.892620366,-8.229136747,417.371,3.9965,2.554604753,0.443759079,74.08,6,0,3,FALSE,50082579,0.594835572,51338198,1,0.154761905,1
O=C(NC1CCCc2c1cnn2-c1ccccc1F)c1noc2c1CCCC2,51334955,9,-10.79616627,-11.27413952,380.423,3.6856,3.107778721,0.752209632,72.95,5,1,3,TRUE,558913,0.583494593,51334955,1,0.11,1
O=C(NC1CCCc2c1cnn2-c1ccccc1F)c1onc2c1CCCC2,993082,9,-11.27358255,-11.34911708,380.423,3.6856,3.228208177,0.752209632,72.95,5,1,3,TRUE,50415878,0.556892403,993082,1,0.220930233,1
Cc1cccc(-n2ncc3c2CCCC3NC(=O)c2noc3c2CCCC3)c1,993098,9,-10.77983724,-10.44871261,376.46,3.85492,3.096904424,0.753404112,72.95,5,1,3,TRUE,766085,0.614366516,993098,1,0.193877551,1
Cc1ccc(Nc2cnc(-c3cccc(C(=O)N4CCCC4)c3)c(C)c2)c(C(=O)O)c1,220020,9,-10.88545944,-7.952014769,415.493,5.04324,2.251108074,0.609776779,82.53,4,2,5,TRUE,820627,0.58072264,220020,1,0.211111111,1
O=C(O)c1cc(C2CC2)ccc1Nc1cnc(-c2ccccc2C(F)(F)F)nc1,220023,9,-10.03826369,-9.820362802,399.372,5.4816,2.425165776,0.594102749,75.11,4,2,5,TRUE,50082585,0.547337963,220023,1,0.137931034,1
CCOc1ccccc1-c1cc(F)c(NC(=O)c2ccsc2C(=O)O)c(F)c1,CHEMBL200856,9,-9.608896664,-9.263392938,403.406,5.0425,2.336058432,0.604465144,75.63,4,2,6,TRUE,50387983,0.628865979,CHEMBL200856,1,0.172413793,1
Cc1cccnc1NC(=O)c1cc(F)c(-n2nc3n(c2=O)CCCC3)cc1OC(C)C1CCCCC1,1020549,9.5,-8.723969153,-10.68051633,493.583,4.81272,3.359465259,0.532066757,91.04,7,1,6,TRUE,1156145,0.544626255,1020549,1,0.112068966,1
CC(Oc1cc(-n2nc3n(c2=O)CCCC3)c(F)cc1C(=O)Nc1ccccc1C(F)(F)F)C(F)(F)F,1020460,9.5,-10.62126809,-12.98192746,532.416,5.1101,3.362254319,0.463712005,78.15,6,1,5,FALSE,50748310,0.529495128,1020460,1,0.127118644,1
Cc1c(-c2ccc(-c3cccnc3Cl)cc2)nc2ccc(F)cc2c1C(=O)O,51126192,9.7,-8.08802503,-10.19248243,392.817,5.76292,2.257422929,0.449859556,63.08,3,1,3,FALSE,CHEMBL3982626,0.552836607,51126192,1,0.256410256,1
CCC(C)c1ccc(-c2nc3ccc(Br)cc3c(C(=O)O)c2C)cc1,CHEMBL3818031,9.7,-8.414093178,-9.908465571,398.3,6.18442,2.595332234,0.570626519,50.19,2,1,4,TRUE,51423082,0.533584038,CHEMBL3818031,1,0.136363636,1
CC(Oc1cc(-n2nc(CO)n(C)c2=O)c(F)cc1C(=O)Nc1c(F)cccc1Cl)C(F)(F)F,972577,9.75,-9.928502274,-12.34643871,506.815,3.5768,3.383300731,0.498094236,98.38,7,2,6,TRUE,51379171,0.516550117,972577,1,0.206896552,1
C=C(C)c1cn(-c2cccc(F)c2)c(=O)c2ccc(-n3nc(CO)n(CC)c3=O)cc12,1225990,9.89,-8.258069695,-12.56235158,420.444,3.0225,2.86594467,0.538153225,82.05,7,1,5,TRUE,795460,0.560458391,1225990,1,0.134020619,1
Cc1nc2c(C(=O)O)cc(-c3ccc(-c4ccccc4)cc3)cc2[nH]1,51390139,10,-8.271907359,-8.477499058,328.371,4.90352,2.061066621,0.561733988,65.98,2,2,3,TRUE,CHEMBL3924809,0.537472714,51390139,1,0.211267606,1
Cc1nc2c(C(=O)O)cc(-c3ccc(-c4ccc(O)cc4)cc3)cc2[nH]1,51390140,10,-7.918909434,-8.691520562,344.37,4.60912,2.193847577,0.506456699,86.21,3,3,3,TRUE,CHEMBL3924809,0.529362716,51390140,1,0.148648649,1
Cc1nc2c(C(=O)O)cc(-c3c(F)c(F)c(-c4ccc(CN5CCOCC5)cc4)c(F)c3F)cc2[nH]1,51390145,10,-8.81831357,-10.03326561,499.464,5.29212,2.822645609,0.288215403,78.45,4,2,5,TRUE,558788,0.558179671,51390145,1,0.156862745,1
CCn1c(CO)nn(-c2cc(OC(C)C(C)(F)F)c(C(=O)Nc3c(F)cccc3Cl)cc2F)c1=O,1098801,10,-9.779621322,-12.615374,516.879,4.1526,3.473072126,0.438276683,98.38,7,2,8,TRUE,795460,0.50931677,1098801,1,0.214285714,1
Cc1cccc(F)c1NC(=O)c1cc(F)c(-n2nc3n(c2=O)CCCOC3)cc1OC(C)C(F)(F)F,1020630,10,-9.215196255,-12.96999306,512.435,4.12282,3.560468572,0.520079325,87.38,7,1,5,TRUE,646385,0.516535433,1020630,1,0.196428571,1
O=C(O)c1c(O)c(-c2ccc(-c3ccccc3)cc2)nc2ccccc12,50841938,10,-9.277361066,-9.052419557,341.366,4.9726,1.899445489,0.551638126,70.42,3,2,3,TRUE,50529312,0.544087723,50841938,1,0.162162162,1
O=C(O)c1cc(C2CC2)ccc1Nc1cnc(-c2ccccc2)c(-c2ccccc2)c1,219984,10,-10.51918092,-10.7185285,406.485,6.7348,2.173705242,0.372366654,62.22,3,2,6,TRUE,51343050,0.562176166,219984,1,0.168421053,1
Cc1ccc(Nc2cnc(-c3cccc(Cl)c3)c(C)c2)c(C(=O)O)c1,220009,10,-9.426644603,-7.151964389,352.821,5.46064,2.114925742,0.653996406,62.22,3,2,4,TRUE,50082585,0.508608491,220009,1,0.127906977,1
O=C(O)c1cc(C2CC2)ccc1Nc1cnc(-c2ccccc2F)nc1,220022,10,-9.309159624,-3.529537095,349.365,4.6019,2.265029905,0.70387077,75.11,4,2,5,TRUE,558811,0.553971721,220022,1,0.103092784,1
CCOc1ccccc1-c1cc(F)c(NC(=O)c2cscc2C(=O)O)c(F)c1,CHEMBL383165,10,-10.22053553,-10.3083322,403.406,5.0425,2.44043003,0.604465144,75.63,4,2,6,TRUE,795466,0.593200605,CHEMBL383165,1,0.204819277,1
O=C(O)c1cscc1C(=O)Nc1c(F)cc(-c2ccccc2OC(F)(F)F)cc1F,CHEMBL199347,10,-4.896777408,-10.21618989,443.349,5.5424,2.621720562,0.507859578,75.63,4,2,5,TRUE,50382180,0.581545758,CHEMBL199347,1,0.195652174,1
CCn1c(CO)nn(-c2cc3c(C(C)C)cn(C4CCC(OC)C4)c(=O)c3cc2F)c1=O,1226108,10.1,-10.85877915,-12.23507995,444.507,2.8636,3.820317396,0.631374686,91.28,8,1,6,TRUE,50252834,0.528444004,1226108,1,0.13592233,1
CCn1c(CO)nn(-c2cc3c(C(C)C)cn(-c4nccc(OC)c4Cl)c(=O)c3cc2F)c1=O,1226099,10.4,-7.362380944,-9.641047842,487.919,3.1698,3.182888288,0.447739786,104.17,9,1,6,TRUE,795451,0.511699271,1226099,1,0.1,1
CCn1c(CO)nn(-c2cc3c(C(C)C)cn(-c4ccnc(O)c4C)c(=O)c3cc2F)c1=O,1226128,10.5,-6.138739849,-12.79089159,453.474,2.52182,3.283628738,0.479898923,115.17,9,2,5,TRUE,1036880,0.506320431,1226128,1,0.147058824,1
CN(N=Cc1ccccc1C(=O)O)c1nc(-c2cccc(Cl)c2)cs1,1001128,10.6,-9.998602504,-11.87176261,371.849,4.632,2.459954595,0.524107896,65.79,5,1,5,FALSE,50082594,0.600220264,1001128,1,0.142857143,1
Cc1ccccc1-c1cc(F)c(Nc2ncccc2C(=O)O)c(F)c1,CHEMBL2263626,10.99,-8.989458613,-4.837393199,340.329,4.77702,2.172333874,0.717568402,62.22,3,2,4,TRUE,488736,0.522148131,CHEMBL2263626,1,0.289473684,1
CCCC(C)Oc1cc(-n2nc(C)n(C(C)C)c2=O)c(F)cc1C(=O)Nc1ccccc1C,1098610,11,-9.760470179,-13.26891265,454.546,5.19054,3.088694886,0.508054144,78.15,6,1,8,TRUE,651543,0.526589327,1098610,1,0.125,1
CCCC(C)Oc1cc(-n2nc3n(c2=O)CCOC3)c(F)cc1C(=O)Nc1c(F)cccc1Cl,1020605,11,-9.484112877,-13.35980579,492.91,4.3155,3.421882058,0.53063418,87.38,7,1,7,TRUE,651509,0.546494328,1020605,1,0.201754386,1
Cc1cc(F)ccc1NC(=O)c1cc(F)c(-n2nc3n(c2=O)CCCC3)cc1OC(C)C(F)(F)F,1020458,11,-11.00217768,-12.33600852,496.436,4.53882,3.287061845,0.52657876,78.15,6,1,5,TRUE,351229,0.580747497,1020458,1,0.138888889,1
CC(C)OC(=O)c1cccc(-n2ncc3c2CCCC3NC(=O)c2noc3c2CCCC3)c1,993120,11,-10.7423188,-10.44613346,448.523,4.1117,3.215469299,0.589884147,99.25,7,1,5,TRUE,558662,0.582041282,993120,1,0.128205128,1
Cc1ccc(F)c(-n2ncc3c2CCCC3NC(=O)c2onc3c2CCCC3)c1,51334964,11,-10.9085799,-10.95754179,394.45,3.99402,3.298909201,0.728935549,72.95,5,1,3,TRUE,558900,0.561506641,51334964,1,0.116504854,1
O=C(O)C1=C(C(=O)Nc2ccc(OCc3c(F)cccc3Cl)c(Cl)c2)CCC1,50319875,11,-10.25484979,-9.08444922,424.255,5.2151,2.361970267,0.667373664,75.63,3,2,6,TRUE,51267465,0.55910476,50319875,1,0.244444444,1
COc1cccc(-c2cc(F)c(NC(=O)C3=C(C(=O)O)CCC3)c(F)c2)c1,50319885,11,-6.415813867,-9.164846585,373.355,4.144,2.401537039,0.825833013,75.63,3,2,5,TRUE,50082594,0.550386689,50319885,1,0.114942529,1
NCCO.O=C(O)c1[nH]c(=O)[nH]c(=O)c1CCc1cc(C(F)(F)F)cc(C(F)(F)F)c1,50555275,11,-9.730775874,-9.564315969,457.327,1.5216,2.826116973,0.430061812,149.27,5,5,5,TRUE,50489155,0.509363296,50555275,1,0.113924051,1
Cc1ccc(Nc2cnc(-c3cccc(OC(C)C)c3)c(C)c2)c(C(=O)O)c1,219999,11,-9.016542539,-7.014491044,376.456,5.59444,2.239621746,0.586269871,71.45,4,2,6,TRUE,50388206,0.544639894,219999,1,0.172043011,1
CCn1c(CO)nn(-c2ccc3c(=O)n(-c4c(F)cccc4Cl)cc(C4CC4)c3c2)c1=O,1225998,11.5,-7.771737985,-13.44343193,454.889,3.5202,2.968690351,0.499945302,82.05,7,1,5,TRUE,795460,0.594908153,1225998,1,0.212765957,1
Cc1c(-c2ccc(-c3ccccc3F)cc2)nc2cnc(C(F)(F)F)cc2c1C(=O)O,CHEMBL4227747,11.8,-9.303268631,-5.470562883,426.369,6.12832,2.449545743,0.400577831,63.08,3,1,3,TRUE,CHEMBL3924809,0.542793792,CHEMBL4227747,1,0.192771084,1
CCc1cnc(Nc2c(F)cc(-c3cccc(OC)c3)cc2F)c(C(=O)O)c1,CHEMBL2263640,11.99,-8.204882617,-8.908026338,384.382,5.0396,2.337018787,0.623017274,71.45,4,2,6,TRUE,558588,0.543770873,CHEMBL2263640,1,0.114285714,1
COc1cccc(-c2cc(F)c(Nc3ncc(C)cc3C(=O)O)c(F)c2)c1,CHEMBL2263638,11.99,-8.014893211,-9.102462991,370.355,4.78562,2.284658885,0.675923981,71.45,4,2,5,TRUE,558918,0.507891892,CHEMBL2263638,1,0.157894737,1
CC(Oc1cc(-n2nc3n(c2=O)CCOC3)c(F)cc1C(=O)Nc1c(F)cccc1Cl)C(F)(F)F,1020573,12,-11.78428526,-12.3074071,518.826,4.0777,3.529246941,0.514455466,87.38,7,1,5,TRUE,667131,0.5973347,1020573,1,0.158878505,1
CCCC(C)Oc1cc(-n2nc3n(c2=O)CCCC3)c(F)cc1C(=O)Nc1cnc(OC)cc1C,1020390,12,-11.33479748,-11.15377172,483.544,4.04112,3.377650572,0.519087725,100.27,8,1,8,TRUE,351396,0.566443734,1020390,1,0.118181818,1
Nc1c(-c2ccc(-c3ccccc3)cc2)nc2ccc(F)cc2c1C(=O)O,50841885,12,-8.794680883,-7.363631813,358.372,4.9883,2.093466421,0.540943746,76.21,3,2,3,TRUE,CHEMBL3924809,0.544242567,50841885,1,0.205479452,1
COc1cccc(-c2ncc(Nc3ccc(C)cc3C(=O)O)cc2C(F)(F)F)c1,220003,12,-10.34458671,-7.36268751,402.372,5.52622,2.280888383,0.587498161,71.45,4,2,5,TRUE,50388206,0.586454183,220003,1,0.178947368,1
Cc1ccc(Nc2cnc(-c3cccc(C(=O)NC4CC4)c3)c(C)c2)c(C(=O)O)c1,220021,12,-10.2945421,-9.389933544,401.466,4.69944,2.240271285,0.55688678,91.32,4,3,6,TRUE,728498,0.53511739,220021,1,0.235294118,1
Cc1ccccc1-c1ncc(Nc2ccc(C3CC3)cc2C(=O)O)cn1,220024,12,-8.717293282,-3.001863392,345.402,4.77122,2.239173149,0.696424012,75.11,4,2,5,TRUE,558766,0.571345234,220024,1,0.144444444,1
COc1ccccc1-c1ccc(NC(=O)c2ccsc2C(=O)O)cc1Cl,CHEMBL200858,12,-7.496322963,-9.438427806,387.844,5.0276,2.106840238,0.643526413,75.63,4,2,5,TRUE,51253503,0.572050859,CHEMBL200858,1,0.215189873,1
CCn1c(C2CC2)nn(-c2cc(OC(C)C(F)(F)F)c(C(=O)Nc3c(F)cccc3F)cc2F)c1=O,1098673,12.5,-9.554511453,-12.99650103,514.426,4.9305,3.355102369,0.453921483,78.15,6,1,7,TRUE,478124,0.549115544,1098673,1,0.242990654,1
Cc1c(Cc2ccccc2F)c(OC(C)C)nn1-c1ncc(C2CC2)cn1,CHEMBL3409286,12.59,-9.922401104,-11.11689637,366.44,4.36522,2.664716448,0.65017074,52.83,5,0,6,TRUE,51085916,0.559307169,CHEMBL3409286,1,0.086419753,1
Cc1ccnc(Cl)c1-c1cc(C(C)C)c2cc(-c3cn(C)c(C(C)(C)O)n3)c(F)cn2c1=O,1121404,13,-7.819368916,-12.36258697,468.96,5.21372,3.35160509,0.416964611,72.42,6,1,4,FALSE,50748338,0.515879089,1121404,1,0.18556701,1
Cc1ccnc(Cl)c1-c1cc(C(C)C)c2cc(-c3nc(C(C)(C)O)n(C)n3)c(F)cn2c1=O,1121405,13,-7.044474975,-12.57132318,469.948,4.60872,3.387611313,0.441046779,85.31,7,1,4,FALSE,795460,0.566697332,1121405,1,0.177083333,1
CCn1c(CO)nn(-c2nc3c(C(C)C)cn(-c4scnc4C)c(=O)c3cc2F)c1=O,1226028,13,-5.971528379,-12.31989692,444.492,2.27272,3.485449948,0.506000245,107.83,10,1,5,TRUE,795460,0.565003213,1226028,1,0.096153846,1
CCCC(C)Oc1cc(-n2nc(C(C)(C)O)n(C)c2=O)c(F)cc1C(=O)NC(CC)CC,1098757,13,-7.418149093,-11.47592141,450.555,3.4233,3.435997845,0.577957984,98.38,7,2,10,TRUE,644807,0.546304006,1098757,1,0.198113208,1
CC(Oc1cc(-n2nc(C(=O)O)n(C3CCC3)c2=O)c(F)cc1C(=O)Nc1c(F)cccc1Cl)C(F)(F)F,1098842,13,-9.189128467,-13.84074912,560.863,4.9707,3.542924106,0.394312773,115.45,7,2,7,TRUE,701429,0.496247205,1098842,1,0.198412698,1
CC(C)c1nn(-c2cc(OC(C)C(F)(F)F)c(C(=O)Nc3c(F)cccc3F)cc2F)c(=O)n1C,1098685,13,-9.471243434,-13.32440507,502.415,4.6936,3.387864776,0.496372103,78.15,6,1,6,TRUE,558913,0.588595127,1098685,1,0.153061224,1
CCc1nn(-c2cc(OC(C)c3ccccc3)c(C(=O)Nc3c(C)cccc3F)cc2F)c(=O)n1C,1098688,13,-10.4899594,-13.22482091,492.526,5.11232,3.158593257,0.388877802,78.15,6,1,7,TRUE,651513,0.575543528,1098688,1,0.150442478,1
COc1ccc2ccc(CCc3c(C(=O)O)[nH]c(=O)[nH]c3=O)cc2c1.NCCO,50555343,13,-9.087566178,-9.165160359,401.419,0.6458,2.551303286,0.405336592,158.5,6,5,6,TRUE,558649,0.487067027,50555343,1,0.11627907,1
CC(=O)Nc1ccc(COc2ccc(-c3ccc(-c4nc5c(C(=O)O)cc(C)cc5[nH]4)cc3)cc2)cc1,50358208,13,-9.19384216,-10.17019491,491.547,6.44092,2.298549049,0.242981455,104.31,4,3,7,TRUE,1132994,0.499442682,50358208,1,0.18627451,1
CCc1cc(=O)n2[nH]c(SCc3cc(Cl)ccc3Cl)nc2n1,50970243,13,-7.147062071,-10.63569177,355.25,3.5791,2.71035363,0.726939298,63.05,5,1,4,TRUE,667127,0.572723838,50970243,1,0.141176471,1
CCc1cc(O)n2nc(SCc3cc(Cl)ccc3Cl)nc2n1,CHEMBL2177861,13,-7.147062071,-9.402540502,355.25,3.9914,2.679449908,0.717206152,63.31,6,1,4,TRUE,667127,0.572723838,CHEMBL2177861,1,0.141176471,1
CC(Oc1cc(-n2nc(C(C)(C)O)n(C)c2=O)c(F)cc1C(=O)Nc1c(F)cccc1F)C(F)(F)F,1098718,13.1,-9.53388476,-12.48380734,518.414,3.7976,3.473031031,0.484228475,98.38,7,2,6,TRUE,1036953,0.516844774,1098718,1,0.132743363,1
CCC(CC)n1cc(C(C)C)c2cc(-n3nc(CO)n(CC)c3=O)c(F)cc2c1=O,1226111,13.4,-8.994996341,-12.0561555,416.497,3.4847,3.122299674,0.639266743,82.05,7,1,7,TRUE,50489172,0.546489178,1226111,1,0.123595506,1
Cc1cc(C(=O)O)c2[nH]c(-c3c(F)c(F)c(-c4cccc(O)c4)c(F)c3F)nc2c1,297806,13.5,-8.429158632,-11.57868434,416.33,5.16552,2.840339511,0.317910804,86.21,3,3,3,TRUE,669143,0.527442702,297806,1,0.108910891,1
Cc1cc(C(=O)O)c2[nH]c(-c3c(F)c(F)c(-c4cccc(OCc5ccccc5)c4)c(F)c3F)nc2c1,297807,13.6,-11.56990892,-9.925278375,506.455,7.03892,2.743521353,0.191394038,75.21,3,2,6,TRUE,766139,0.559562545,297807,1,0.213592233,1
Cc1ccc(C=NN(C)c2nc(-c3ccccc3)c(C)s2)c(C(=O)O)c1,1001120,13.6,-8.604840723,-10.67604557,365.458,4.59544,2.564719268,0.53017597,65.79,5,1,5,FALSE,51044512,0.577492944,1001120,1,0.134146341,1
CC(Oc1cc(-n2nc(C(=O)O)n(C3CC3)c2=O)c(F)cc1C(=O)Nc1c(F)cccc1Cl)C(F)(F)F,1098839,14,-9.856211606,-13.55727342,546.836,4.5806,3.530042673,0.419228001,115.45,7,2,7,TRUE,795460,0.498576039,1098839,1,0.270833333,1
Cc1nn(-c2cc(OC(C)C(F)(F)F)c(C(=O)Nc3c(F)cccc3F)cc2F)c(=O)n1C(C)C,1098588,14,-9.423443367,-12.22624483,502.415,4.92252,3.352543685,0.48565633,78.15,6,1,6,TRUE,51253462,0.538668321,1098588,1,0.213483146,1
Cc1cccc(F)c1NC(=O)c1cc(F)c(-n2nc(C3CCC3)n(C)c2=O)cc1OC(C)C(F)(F)F,1098671,14,-10.6642638,-13.58010272,510.463,5.00702,3.404545985,0.473437742,78.15,6,1,6,TRUE,351240,0.565350416,1098671,1,0.2,1
CCc1ccccc1NC(=O)c1cc(F)c(-n2nc3n(c2=O)CCCC3)cc1OC(C)C(F)(F)F,1020441,14,-9.984145145,-14.07331774,492.473,4.6537,3.268331487,0.508336267,78.15,6,1,6,TRUE,646385,0.545282338,1020441,1,0.196428571,1
COc1cccc(-c2ccc(Nc3cnccc3C(=O)[O-])c(OC(F)(F)F)c2)c1.[Li+],51186842,14,-10.8778614,-9.835509124,410.277,0.7669,2.759395233,0.604844933,83.51,6,1,6,FALSE,488718,0.564981737,51186842,1,0.168539326,1
Cc1ccnc(C(=O)NC2CCCc3c2cnn3-c2ccccc2C)c1,993093,14,-10.50753648,-10.38769712,346.434,3.69154,2.79704456,0.786668932,59.81,4,1,3,TRUE,50990882,0.514082812,993093,1,0.139534884,1
Cc1ccc(Nc2cnc(-c3ccccc3Cl)c(C)c2)c(C(=O)O)c1,220000,14,-8.809563266,-7.155931177,352.821,5.46064,2.107039368,0.653996406,62.22,3,2,4,TRUE,558918,0.554524887,220000,1,0.173913043,1
[Li]OC(=O)c1ccncc1Nc1ccc(-c2cccc(OC)c2)cc1OC(F)(F)F,246907,14,,,410.277,4.6397,2.785513044,0.597484445,69.68,6,1,6,FALSE,,,,,,
CCn1c(CO)nn(-c2cc(OC(C)C(F)(F)F)c(C(=O)Nc3c(F)cccc3F)cc2F)c1=O,1098719,14.3,-9.454002531,-12.11931786,504.387,3.5454,3.368184564,0.480046159,98.38,7,2,7,TRUE,1036953,0.499681963,1098719,1,0.150442478,1
CCc1nn(-c2cc(OC(C)C(F)(F)F)c(C(=O)Nc3c(F)cccc3F)cc2F)c(=O)n1C,972552,14.3,-11.23646472,-11.84039761,488.388,4.1326,3.32352795,0.529684645,78.15,6,1,6,TRUE,667131,0.58583869,972552,1,0.158415842,1
Cc1cccc(CN)c1NC(=O)c1cc(F)c(-n2nc3n(c2=O)CCCC3)cc1OC(C)C1CCCCC1,1020528,14.3,-7.958312869,-12.16124868,521.637,4.87642,3.436073653,0.461389523,104.17,7,2,7,TRUE,651509,0.554042179,1020528,1,0.183333333,1
CCn1c(CO)nn(-c2cc3c(C(C)C)cn(-c4ncccc4C)c(=O)c3cc2F)c1=O,1226107,14.8,-6.98759278,-10.74369076,437.475,2.81622,3.048339714,0.518130423,94.94,8,1,5,TRUE,1036985,0.488512696,1226107,1,0.181818182,1
CCn1c(CO)nn(-c2cc3c(C(C)C)cn(-c4cc(C)ncc4Cl)c(=O)c3cc2F)c1=O,1226081,14.8,-5.575680386,-12.74239485,471.92,3.46962,3.160464122,0.480625164,94.94,8,1,5,TRUE,795443,0.534586838,1226081,1,0.132075472,1
CCCC(C)Oc1cc(-n2nc(CO)n(C)c2=O)c(F)cc1C(=O)Nc1c(C)ccnc1OC,1098750,15,-8.699432642,-11.5935,473.505,2.73412,3.418129821,0.490221148,120.5,9,2,9,TRUE,1156292,0.515291769,1098750,1,0.107438017,1
CCCC(C)Oc1cc(-n2nc(C(C)(C)O)n(C)c2=O)c(F)cc1C(=O)Nc1c(C)ccnc1OC,1098752,15,-8.484735536,-12.79816474,501.559,3.46922,3.535563432,0.46059026,120.5,9,2,9,TRUE,644807,0.580406321,1098752,1,0.198275862,1
CC(Oc1cc(-n2nc3n(c2=O)CCCC3)c(F)cc1C(=O)Nc1c(F)ccc(O)c1F)C(F)(F)F,1020697,15,-8.955721119,-12.00712572,516.398,4.0751,3.550136633,0.498572304,98.38,7,2,5,TRUE,351226,0.568930341,1020697,1,0.174757282,1
Cc1cccc(F)c1NC(=O)c1cc(F)c(-n2nc(C(F)(F)F)n(C)c2=O)cc1OC(C)C(F)(F)F,1098680,15,-9.85157507,-12.6983931,524.368,4.75832,3.445570464,0.488810077,78.15,6,1,5,FALSE,51379174,0.529827406,1098680,1,0.276315789,1
CCc1nn(-c2cc(OC(C)c3ccccc3)c(C(=O)Nc3c(F)cccc3F)cc2F)c(=O)n1C,1098689,15,-10.09278225,-13.03343205,496.489,4.943,3.127756488,0.393141284,78.15,6,1,7,TRUE,651543,0.553841891,1098689,1,0.138613861,1
CCCn1c(C)nn(-c2cc(OC(C)C(F)(F)F)c(C(=O)Nc3c(F)cccc3F)cc2F)c1=O,1098717,15,-11.82338452,-12.52573513,502.415,4.75162,3.282099785,0.473333344,78.15,6,1,7,TRUE,667149,0.567164179,1098717,1,0.19,1
CC(O)c1nn(-c2cc(OC(C)C(F)(F)F)c(C(=O)Nc3c(F)cccc3Cl)cc2F)c(=O)n1C,1098734,15,-10.77633348,-13.02592422,520.842,4.1378,3.727905279,0.476161273,98.38,7,2,6,TRUE,795442,0.562061132,1098734,1,0.184782609,1
CC(Oc1cc(-n2nc3n(c2=O)CCCOC3)c(F)cc1C(=O)Nc1c(F)cc(F)cc1Cl)C(F)(F)F,1020637,15,-10.30709846,-12.99891763,550.843,4.6069,3.647545408,0.46909727,87.38,7,1,5,TRUE,646385,0.528672427,1020637,1,0.194690265,1
CC(Oc1cc(-n2nc3n(c2=O)CCCCC3)c(F)cc1C(=O)Nc1c(F)cccc1F)C(F)(F)F,1020651,15,-10.43757796,-13.13275966,514.426,4.7596,3.358078362,0.498496738,78.15,6,1,5,TRUE,351299,0.599530241,1020651,1,0.145631068,1
Cc1ccnc(Cl)c1NC(=O)c1cc(F)c(-n2nc3n(c2=O)CCCC3)cc1OC(C)C(F)(F)F,1020446,15,-10.66698952,-11.48399598,513.879,4.44812,3.482348864,0.401989623,91.04,7,1,5,FALSE,351240,0.590917988,1020446,1,0.151785714,1
Cc1ccc(F)cc1NC(=O)c1cc(F)c(-n2nc3n(c2=O)CCCC3)cc1OC(C)C(F)(F)F,1020464,15,-9.856061287,-12.51750974,496.436,4.53882,3.284144057,0.52657876,78.15,6,1,5,TRUE,667068,0.591847483,1020464,1,0.16,1
O=C(NC1CCCc2c1cnn2-c1ccccc1F)c1cc(C(F)(F)F)ccn1,51334944,15,-9.682676139,-11.20625851,404.367,4.2326,2.971904578,0.664890986,59.81,4,1,3,TRUE,766250,0.603989536,51334944,1,0.178217822,1
COc1cccc(-c2cc(F)c(Nc3ncccc3C(=O)O)c(F)c2)c1,51186828,15,-8.005632979,-8.86538044,356.328,4.4772,2.170083019,0.705359808,71.45,4,2,5,TRUE,667112,0.523001388,51186828,1,0.170212766,1
O=C(O)C1=C(C(=O)Nc2c(F)cc(-c3cccc(OC(F)(F)F)c3)cc2F)CSC1,50319884,15,-4.149772039,-9.787923702,445.365,4.5969,2.805730881,0.658563484,75.63,4,2,5,TRUE,50387987,0.570188928,50319884,1,0.147727273,1
CCCC(C)N(N=Cc1ccccc1C(=O)O)c1nc(-c2ccccc2Cl)c(C)s1,CHEMBL3893343,15,-9.549185585,-12.01841884,441.984,6.49922,3.238951829,0.319776778,65.79,5,1,8,FALSE,1156220,0.57987487,CHEMBL3893343,1,0.101851852,1
CCCC(C)Oc1cc(-n2nc(CC)n(C)c2=O)c(F)cc1C(=O)Nc1c(C)cc(N)cc1C,1098663,15.3,-11.77067732,-14.81824374,469.561,4.29124,3.319892525,0.479083441,104.17,7,2,8,TRUE,558967,0.578152929,1098663,1,0.121495327,1
Cc1c(C(O)c2ccccc2)c(OC(C)C)nn1-c1ncc(C2CC2)cn1,CHEMBL3409299,15.85,-9.28380547,-10.97437686,364.449,3.71702,3.178942191,0.721611467,73.06,6,1,6,TRUE,51253402,0.609561753,CHEMBL3409299,1,0.079545455,1
Cc1ccccc1NC(=O)c1cc(F)c(-n2nc3n(c2=O)CCCC3)cc1OC(C)CN(C)C,1020682,16,-8.593414516,-11.34932365,467.545,3.39902,3.18005971,0.576123003,81.39,7,1,7,TRUE,708932,0.535662432,1020682,1,0.165217391,1
CC(Oc1cc(-n2nc3n(c2=O)CCCC3O)c(F)cc1C(=O)Nc1c(F)cccc1F)C(F)(F)F,1020686,16,-9.773397389,-13.10972642,516.398,3.8604,3.79507712,0.502340192,98.38,7,2,5,TRUE,351226,0.591480173,1020686,1,0.196078431,1
CCCC(C)Oc1cc(-n2nc(CC)n(C)c2=O)c(F)cc1C(=O)Nc1ccccc1NC,1098643,16,-9.402799375,-12.74673453,455.534,4.1339,3.201830845,0.506310752,90.18,7,2,9,TRUE,826886,0.55849716,1098643,1,0.139130435,1
CCc1nn(-c2cc(OC(C)C(F)(F)F)c(C(=O)Nc3c(F)cccc3F)cc2F)c(=O)n1CC,1098721,16,-9.561439828,-12.31632027,502.415,4.6155,3.302760014,0.478853091,78.15,6,1,7,TRUE,558913,0.580990629,1098721,1,0.147058824,1
Cc1cnccc1NC(=O)c1cc(F)c(-n2nc3n(c2=O)CCCC3)cc1OC(C)C1CCCCC1,1020561,16,-5.995849405,-11.21659909,493.583,4.81272,3.370918582,0.532066757,91.04,7,1,6,TRUE,596202,0.540501364,1020561,1,0.181034483,1
Cc1cn(C)nc1NC(=O)c1cc(F)c(-n2nc3n(c2=O)CCCC3)cc1OC(C)C1CCCCC1,1020568,16,-7.584083698,-11.34894393,496.587,4.15122,3.554054751,0.553145555,95.97,8,1,6,TRUE,651531,0.519102699,1020568,1,0.112903226,1
Cc1cccc(C(F)(F)F)c1NC(=O)c1cc(F)c(-n2nc3n(c2=O)CCOC3)cc1OC(C)C(F)(F)F,1020585,16,-10.4786728,-13.94129897,548.415,4.61242,3.614299829,0.470968982,87.38,7,1,5,FALSE,646385,0.508474576,1020585,1,0.23853211,1
CC(Oc1cc(-n2nc3n(c2=O)CCCC3)ccc1C(=O)Nc1c(F)cccc1F)C(F)(F)F,1020660,16,-10.33144513,-11.87997284,482.409,4.2304,3.241588746,0.552536232,78.15,6,1,5,TRUE,667068,0.612686,1020660,1,0.204301075,1
CCCC(C)Oc1cc(-n2nc3n(c2=O)CCCC3)c(F)cc1C(=O)Nc1cc(F)ccc1C,1020385,16,-9.99377523,-13.91884577,470.52,4.77662,3.174199143,0.539325986,78.15,6,1,7,TRUE,651562,0.501428571,1020385,1,0.151260504,1
Cc1cc(-c2cc(C(=O)O)c3cc(F)ccc3n2)cc(C)c1Oc1ccccc1,51064005,16,-8.661479467,-7.769971029,387.41,6.14824,2.131862482,0.456304134,59.42,3,1,4,TRUE,1137219,0.523631453,51064005,1,0.104651163,1
Cc1cc(C(=O)O)c2[nH]c(-c3c(F)c(F)c(-c4ccc(O)cc4)c(F)c3F)nc2c1,297798,16,-9.239643003,-11.56233211,416.33,5.16552,2.792798235,0.317910804,86.21,3,3,3,TRUE,795442,0.518629077,297798,1,0.155844156,1
CCOc1cccc(-c2cc(F)c(NC(=O)c3cocc3C(=O)O)c(F)c2)c1,CHEMBL200895,16,-9.893899604,-11.20446556,387.338,4.574,2.493327663,0.646615731,88.77,4,2,6,TRUE,50388311,0.534007749,CHEMBL200895,1,0.181818182,1
NCCO.O=C(O)c1[nH]c(=O)[nH]c(=O)c1CCc1ccc(Oc2ccccc2)cc1,CHEMBL3943890,16.6,-10.33396891,-8.247948445,413.43,1.2763,2.399743727,0.390024011,158.5,6,5,7,TRUE,50082581,0.580213904,CHEMBL3943890,1,0.231884058,1
CC(C)(C)c1ccc(CCc2c(C(=O)O)[nH]c(=O)[nH]c2=O)cc1.NCCO,CHEMBL3892598,16.8,-9.170607163,-8.468936109,377.441,0.7815,2.538138096,0.519678304,149.27,5,5,5,TRUE,558766,0.52621567,CHEMBL3892598,1,0.12195122,1
CC(Oc1cc(-n2nc(CO)n(C3CC3)c2=O)c(F)cc1C(=O)Nc1c(F)cccc1Cl)C(F)(F)F,1098797,17,-9.695216277,-12.67488351,532.853,4.3747,3.502444003,0.440300329,98.38,7,2,7,TRUE,646385,0.50444157,1098797,1,0.245454545,1
Cc1cccc(F)c1NC(=O)c1cc(F)c(-n2nc(C)n(C(C)C)c2=O)cc1OC(C)c1ccccc1,1098598,17,-10.48651054,-15.09756143,506.553,5.90224,3.192736215,0.338467029,78.15,6,1,7,TRUE,651546,0.549476345,1098598,1,0.12962963,1
CCCC(C)Oc1cc(-n2nc(C)n(C(C)C)c2=O)c(F)cc1C(=O)Nc1c(F)cccc1F,1098608,17,-9.926116532,-12.91299511,476.499,5.16032,3.240793361,0.487216899,78.15,6,1,8,TRUE,51111946,0.531401906,1098608,1,0.147368421,1
CC(Oc1cc(-n2nc(C3CC3)n(C)c2=O)c(F)cc1C(=O)Nc1c(F)cccc1F)C(F)(F)F,1098667,17,-10.4889194,-11.96313964,500.399,4.4476,3.354675726,0.507840419,78.15,6,1,6,TRUE,351229,0.550053507,1098667,1,0.19,1
CC(Oc1cc(-n2nc3n(c2=O)CCCC3)c(F)cc1C(=O)Nc1ccccc1Cl)C(F)(F)F,1020462,17,-9.929106923,-12.56472068,498.864,4.7447,3.229934409,0.515207219,78.15,6,1,5,TRUE,351299,0.598119743,1020462,1,0.142857143,1
Cc1c(F)cccc1NC(=O)c1cc(F)c(-n2nc3n(c2=O)CCCC3)cc1OC(C)C1CCCCC1,1020547,17,-9.608609917,-13.53527962,510.585,5.55682,3.319220016,0.471267779,78.15,6,1,6,TRUE,1156145,0.534928143,1020547,1,0.114035088,1
CCCC(C)Oc1cc(-n2nc3n(c2=O)CCCC3)c(F)cc1C(=O)Nc1cnccc1C,1020386,17,-10.20611676,-12.62729104,453.518,4.03252,3.280999203,0.583237447,91.04,7,1,7,TRUE,351212,0.590741143,1020386,1,0.153061224,1
O=C(O)c1cccnc1Nc1c(F)cc(-c2cccc(OC3CC3)c2)cc1F,51186837,17,-8.60136062,-7.26455994,382.366,5.0098,2.353389044,0.627076389,71.45,4,2,6,TRUE,667112,0.565125384,51186837,1,0.175257732,1
CCOc1cccc(-c2cc(F)c(NC(=O)C3=C(C(=O)O)CCC3)c(F)c2)c1,50251719,17,-8.847930623,-9.066014575,387.382,4.5341,2.438157841,0.76341327,75.63,3,2,6,TRUE,50082594,0.551803354,50251719,1,0.134831461,1
C=C(C)c1cn(-c2ccccc2C)c(=O)c2cc(C)c(-n3nc(CO)n(CC)c3=O)cc12,1226068,17.1,-7.604434224,-12.96340152,430.508,3.50024,2.960603875,0.525419278,82.05,7,1,5,TRUE,795460,0.560929648,1226068,1,0.125,1
COc1nccc(C)c1NC(=O)c1cc(F)c(-n2nc3n(c2=O)CCCC3)cc1OC(C)C(F)(F)F,1020437,17.8,-9.823984887,-11.56640869,509.46,3.80332,3.52158046,0.507728775,100.27,8,1,6,TRUE,50387841,0.602204603,1020437,1,0.173913043,1
Cc1ccccc1NC(=O)c1cc(F)c(-n2nc3n(c2=O)CCCOC3)cc1OC(C)C(F)(F)F,1020629,18,-9.930741688,-12.0228693,494.445,3.98372,3.390143383,0.542521327,87.38,7,1,5,TRUE,351216,0.570903897,1020629,1,0.132653061,1
CC(Oc1cc(-n2nc3n(c2=O)CCCOC3)c(F)cc1C(=O)Nc1c(Cl)ccc(F)c1F)C(F)(F)F,1020646,18,-9.56178038,-12.08227283,550.843,4.6069,3.646949064,0.370412017,87.38,7,1,5,TRUE,50916521,0.515333835,1020646,1,0.135135135,1
Cc1cccc(F)c1NC(=O)c1cc(F)c(-n2nc3n(c2=O)CCCC3)cc1OC(C)CN1CCCC1,1020673,18,-8.503079607,-9.50946504,511.573,4.07232,3.352577378,0.517318537,81.39,7,1,7,TRUE,945596,0.50355412,1020673,1,0.185840708,1
Cc1cncnc1NC(=O)c1cc(F)c(-n2nc3n(c2=O)CCCC3)cc1OC(C)C1CCCCC1,1020518,18,-7.893589439,-11.57583764,494.571,4.20772,3.469360703,0.550667695,103.93,8,1,6,TRUE,1156145,0.550921163,1020518,1,0.102564103,1
O=C(NC1CCCc2c1cnn2-c1ccccc1F)c1noc2ccccc12,993096,18,-11.36988148,-11.39592884,376.391,3.96,2.920592229,0.58739502,72.95,5,1,3,TRUE,558913,0.576518958,993096,1,0.108910891,1
O=C(O)c1cccc2[nH]c(-c3c(F)c(F)c(-c4ccccc4F)c(F)c3F)nc12,297833,18,-10.18125435,-10.04167638,404.294,5.2906,2.620683383,0.36023166,65.98,2,2,3,TRUE,795466,0.603468757,297833,1,0.24,1
O=C(O)C1=C(C(=O)Nc2c(F)cc(-c3ccccc3Cl)cc2F)CCC1,50251727,18,-5.951442651,-9.986055699,377.774,4.7888,2.430227566,0.804704698,66.4,2,2,4,TRUE,50387987,0.579787854,50251727,1,0.25,1
CCOC(=O)c1sc(Nc2ccc3c(c2)CCCC3)nc1-c1ccccc1,50312489,18,-9.340238948,-8.576483344,378.497,5.6092,2.172491882,0.586440446,51.22,5,1,5,TRUE,CHEMBL3105804,0.607772698,50312489,1,0.32,1
O=C(O)c1c(O)c(-c2ccc(Sc3ccccc3)cc2)nc2ccc(F)cc12,50841909,18,-10.61661589,-9.377595989,391.423,5.5959,2.247436391,0.474092039,70.42,4,2,4,TRUE,51267465,0.534227763,50841909,1,0.105263158,1
Cc1ccc(Nc2cnc(-c3ccccc3)c(F)c2)c(C(=O)O)c1,219980,18,-9.63389897,-8.614998204,322.339,4.63792,2.02405475,0.734455064,62.22,3,2,4,TRUE,826965,0.540573185,219980,1,0.114942529,1
Cc1cccc(F)c1NC(=O)c1cc(F)c(-n2nc3n(c2=O)CCCC3)cc1OC(C)CN(C)C,1020671,18.3,-8.592598034,-11.48880482,485.535,3.53812,3.356711345,0.553820775,81.39,7,1,7,TRUE,644807,0.514798127,1020671,1,0.225225225,1
CCn1nc(-c2cc3c(C(C)C)cn(-c4ccccc4C)c(=O)c3cc2F)nc1C(C)O,1121390,19,-7.466177364,-13.28736061,434.515,4.89332,3.340467436,0.485240063,72.94,6,1,5,TRUE,50748338,0.489831159,1121390,1,0.151515152,1
CCn1c(CO)nn(-c2cc3c(C(C)C)cn(C45CCC(CC4)C5)c(=O)c3cc2F)c1=O,1226117,19,-11.00315517,-12.12752238,440.519,3.4128,4.165123929,0.659233419,82.05,7,1,5,TRUE,51085870,0.578241274,1226117,1,0.091836735,1
Cc1cccc(F)c1NC(=O)c1cc(F)c(-n2nc(C)n(C(C)C)c2=O)cc1OC(C)C(F)(F)F,1098594,19,-9.335649628,-13.76429809,498.452,5.09184,3.385701501,0.480490412,78.15,6,1,6,TRUE,51379174,0.518840912,1098594,1,0.293333333,1
CCn1c(CO)nn(-c2cc(OC(C)C(F)(F)F)c(C(=O)Nc3c(C)ccnc3OC)cc2F)c1=O,1098736,19,-8.738738336,-12.29350754,513.448,2.97922,3.539888571,0.444557403,120.5,9,2,8,TRUE,646385,0.505586834,1098736,1,0.159663866,1
O=C1c2ccccc2C(=O)c2c1nnn2-c1ccc(-c2ccccc2)cc1,51338179,19,-8.973717867,-8.388961822,351.365,3.7097,2.162016127,0.486263964,64.85,5,0,2,FALSE,CHEMBL3924809,0.582471089,51338179,1,0.138888889,1
O=C(NC1CCCc2c1cnn2-c1ccccc1)c1noc2c1CCCC2,51334962,19,-9.837282731,-10.58381074,362.433,3.5465,3.013293456,0.773305154,72.95,5,1,3,TRUE,558925,0.569397806,51334962,1,0.121212121,1
CCOc1cccc(-c2cc(F)c(Nc3ncccc3C(=O)O)c(F)c2)c1,51186843,19,-11.01064158,-6.559585583,370.355,4.8673,2.214567055,0.647878754,71.45,4,2,6,TRUE,667143,0.539339539,51186843,1,0.153846154,1
CCOc1cccc(-c2ccc(Nc3cnccc3C(=O)[O-])c(F)c2)c1.[Li+],51186846,19,-9.265639301,-9.827343923,358.298,0.3975,2.593655193,0.645909735,74.28,5,1,6,FALSE,651472,0.576044035,51186846,1,0.246753247,1
CC(C)(C)c1ccc(Oc2ccc(-c3cc(C(=O)O)c4cc(F)ccc4n3)cc2)cc1,51064006,19,-9.896188393,-4.479016744,415.464,6.8289,2.073095746,0.39684063,59.42,3,1,4,TRUE,51099405,0.62718858,51064006,1,0.141176471,1
CCOc1ccc(F)c(-c2ccc(Nc3ccc(C)cc3C(=O)O)cn2)c1,219995,19,-9.022783993,-1.355541128,366.392,5.03662,2.126911792,0.639653655,71.45,4,2,6,TRUE,50082585,0.559475566,219995,1,0.146067416,1
Cc1ccc(Nc2ccc(-c3c(F)cccc3F)nc2)c(C(=O)O)c1,220017,19,-8.729517018,-6.952649225,340.329,4.77702,2.135663324,0.717568402,62.22,3,2,4,TRUE,558766,0.57199424,220017,1,0.113636364,1
[Li]OC(=O)c1ccncc1Nc1ccc(-c2cccc(OCC)c2)cc1F,246906,19,,,358.298,4.2703,2.624081606,0.667029736,60.45,5,1,6,FALSE,,,,,,
CCCC(C)N(N=Cc1ccccc1C(=O)O)c1nc(-c2ccccc2Cl)cs1,CHEMBL3927131,19,-9.42639859,-11.63159047,427.957,6.1908,3.14893272,0.343461301,65.79,5,1,8,FALSE,50415880,0.532633788,CHEMBL3927131,1,0.102040816,1
Cc1cccc(F)c1NC(=O)c1cc(F)c(-n2nc(CO)n(C)c2=O)cc1OC(C)C(F)(F)F,972585,19.5,-9.792475488,-13.03371643,486.397,3.23182,3.385555676,0.521760743,98.38,7,2,6,TRUE,1036953,0.518211458,972585,1,0.159292035,1
Cc1cccc(F)c1NC(=O)c1cc(F)c(-n2nc3ccccn3c2=O)cc1OC(C)C(F)(F)F,1020606,19.5,-11.74123958,-13.15588618,492.404,4.65372,3.297057038,0.411645764,77.63,6,1,5,TRUE,667131,0.598036176,1020606,1,0.152380952,1
Cc1cccc(F)c1NC(=O)c1cc(F)c(-n2nc(C(C)O)n(C)c2=O)cc1OC(C)C(F)(F)F,1098742,20,-10.01610645,-13.68798407,500.424,3.79282,3.730111731,0.502235921,98.38,7,2,6,TRUE,645168,0.523818004,1098742,1,0.19266055,1
CCn1c(CO)nn(-c2cc(OC(C)C(F)(F)F)c(C(=O)Nc3c(Cl)ccc(OC)c3F)cc2F)c1=O,1098805,20,-9.803426635,-12.04897877,550.868,4.0683,3.50565526,0.409575006,107.61,8,2,8,TRUE,795442,0.545634332,1098805,1,0.126213592,1
CCn1c(C(N)=O)nn(-c2cc(OC(C)C(F)(F)F)c(C(=O)Nc3c(F)cccc3F)cc2F)c1=O,1098847,20,-9.308359962,-13.21439342,517.386,3.152,3.438930853,0.466777823,121.24,7,2,7,TRUE,51379174,0.499208145,1098847,1,0.207317073,1
CCCC(C)Oc1cc(-n2nc(CC)n(C)c2=O)c(F)cc1C(=O)Nc1ccccc1C(C)C,1098650,20,-10.61833429,-12.80041664,468.573,5.2156,3.168148679,0.467301828,78.15,6,1,9,TRUE,651509,0.536942675,1098650,1,0.140350877,1
Cc1ccc(C(F)(F)F)cc1NC(=O)c1cc(F)c(-n2nc3n(c2=O)CCCC3)cc1OC(C)C1CCCCC1,1020560,20,-11.75351184,-14.41144055,560.592,6.43652,3.387596074,0.352365325,78.15,6,1,6,TRUE,596147,0.526282255,1020560,1,0.163793103,1
Cc1cc(C(F)(F)F)ccc1NC(=O)c1cc(F)c(-n2nc3n(c2=O)CCCC3)cc1OC(C)C1CCCCC1,1020564,20,-10.4633591,-13.16209245,560.592,6.43652,3.393065305,0.352365325,78.15,6,1,6,TRUE,651540,0.575432373,1020564,1,0.137931034,1
Cc1c(F)cccc1NC(=O)c1cc(F)c(-n2nc3n(c2=O)CCCC3)cc1OC(C)C(F)(F)F,1020424,20,-9.687428253,-12.49020636,496.436,4.53882,3.328871461,0.52657876,78.15,6,1,5,TRUE,651513,0.529481999,1020424,1,0.220183486,1
COc1ccc(NC(=O)c2cc(F)c(-n3nc4n(c3=O)CCCC4)cc2OC(C)C2CCCCC2)c(C)n1,1020501,20,-8.015933433,-8.203831247,523.609,4.82132,3.457551858,0.476619923,100.27,8,1,7,TRUE,651543,0.560128274,1020501,1,0.114035088,1
CC(Oc1cc(-n2nc3n(c2=O)CCCC3)c(F)cc1C(=O)Nc1c(F)cc(F)cc1F)C1CCCCC1,1020546,20,-10.39416323,-12.95946083,532.538,5.5266,3.426827392,0.423977756,78.15,6,1,6,TRUE,651509,0.595393227,1020546,1,0.159292035,1
Nc1ccccc1-c1ccc(-n2nnc3c2C(=O)c2ccccc2C3=O)cc1,51338187,20,-8.201758941,-6.712778543,366.38,3.2919,2.340346006,0.484195948,90.87,6,1,2,FALSE,50082661,0.606306853,51338187,1,0.164383562,1
COc1ccc2c(CCc3c(C(=O)O)[nH]c(=O)[nH]c3=O)cccc2c1.NCCO,50555285,20,-8.158676765,-8.23372823,401.419,0.6458,2.552375924,0.405336592,158.5,6,5,6,TRUE,50082577,0.556158304,50555285,1,0.137931034,1
O=C(O)c1cccc2[nH]c(-c3c(F)c(F)c(-c4cc(F)cc(F)c4)c(F)c3F)nc12,297831,20,-10.08849098,-10.48610448,422.284,5.4297,2.753728442,0.341901543,65.98,2,2,3,TRUE,667127,0.556120092,297831,1,0.151898734,1
O=C(O)C1=C(C(=O)Nc2ccc(-c3cccc(OC(F)(F)F)c3)c(Cl)c2)CCC1,50251729,20,-8.660729573,-9.850837024,425.79,5.4092,2.450604152,0.67131484,75.63,3,2,5,TRUE,351413,0.554356207,50251729,1,0.107526882,1
Cc1ccc(Nc2cnc(-c3ccccc3C(F)(F)F)c(C)c2)c(C(=O)O)c1,220008,20,-10.07521288,-8.367415688,386.373,5.82604,2.300916036,0.592542586,62.22,3,2,4,TRUE,488721,0.556523787,220008,1,0.204819277,1
COc1cccc2cc(CCc3c(C(=O)O)[nH]c(=O)[nH]c3=O)ccc12.NCCO,CHEMBL3914213,20.6,-9.031821707,-9.490315474,401.419,0.6458,2.556775145,0.405336592,158.5,6,5,6,TRUE,50082577,0.587487412,CHEMBL3914213,1,0.137931034,1
CCn1c(CO)nn(-c2cc3c(C(C)C)cn(-c4cccnc4OC)c(=O)c3cc2F)c1=O,1226079,20.7,-6.719049803,-12.39735343,453.474,2.5164,3.114057952,0.481171833,104.17,9,1,6,TRUE,795443,0.523615392,1226079,1,0.138888889,1
CC(Oc1cc(-n2nc(C(C)(C)O)n(C)c2=O)ccc1C(=O)Nc1c(F)cccc1Cl)C(F)F,1098795,21,-9.262928959,-13.4118337,498.889,3.8756,3.488440207,0.515012117,98.38,7,2,7,TRUE,51379174,0.501935778,1098795,1,0.243902439,1
Cc1ccccc1NC(=O)c1cc(F)c(-n2nc(C)n(C(C)C)c2=O)cc1OC(C)c1ccccc1,1098604,21,-11.69826782,-13.58421097,488.563,5.76314,3.018366334,0.358619316,78.15,6,1,7,TRUE,644799,0.544714687,1098604,1,0.194174757,1
O=C1c2ccccc2C(=O)c2c1nnn2-c1ccc(-c2cccc(O)c2)cc1,51338184,21,-7.317513745,-8.176243709,367.364,3.4153,2.328869083,0.516736942,85.08,6,1,2,FALSE,50388206,0.592941176,51338184,1,0.166666667,1
Cc1cnc(C(=O)NC2CCCc3c2cnn3-c2ccccc2F)cc1C,51334948,21,-10.48983209,-9.883499189,364.424,3.83064,2.925224837,0.768315451,59.81,4,1,3,TRUE,675363,0.569871722,51334948,1,0.113636364,1
Cc1c(-c2ccc(-c3ccccc3)cc2)nc2cnc(C(F)(F)F)cc2c1C(=O)O,51126195,21,-8.80637452,-3.177088423,408.379,5.98922,2.352392165,0.452342455,63.08,3,1,3,TRUE,CHEMBL3924809,0.528927459,51126195,1,0.233766234,1
Cc1cc(C(=O)O)c2nc(-c3c(F)c(F)c(-c4cc(F)cc(F)c4)c(F)c3F)[nH]c2c1,297848,21,-8.83527463,-10.39755912,436.311,5.73812,2.858566341,0.318126716,65.98,2,2,3,TRUE,669143,0.521149084,297848,1,0.103092784,1
COc1cccc(-c2ncc(Nc3ccc(C)cc3C(=O)O)cc2C)c1,219994,21,-8.590422594,-6.969062547,348.402,4.81584,2.103304727,0.691796958,71.45,4,2,5,TRUE,558649,0.541958042,219994,1,0.097826087,1
O=C(O)c1cc(C2CC2)ccc1Nc1cnc(-c2cc(C(F)(F)F)ccc2F)nc1,220026,21,-10.52036913,-7.694917511,417.362,5.6207,2.500400261,0.527218754,75.11,4,2,5,TRUE,50082585,0.559940175,220026,1,0.108695652,1
C=CCC(C)Oc1cc(-n2nc(CC)n(C)c2=O)c(F)cc1C(=O)Nc1ccc(N)cc1C,1098700,21.2,-11.33411895,-13.39403567,453.518,3.75882,3.347661039,0.399241157,104.17,7,2,8,TRUE,667131,0.569855541,1098700,1,0.145454545,1
CN(N=Cc1cc(O)c(F)cc1C(=O)O)c1nc(-c2ccccc2Cl)cs1,1001131,21.4,-10.11169171,-11.08244926,405.838,4.4767,2.820017654,0.482601503,86.02,6,2,5,FALSE,50387987,0.538639621,1001131,1,0.285714286,1
CC(=O)C(C#N)C(=O)Nc1ccc(-c2ccccc2Cl)c(Cl)c1,52794,22,-8.428385614,-9.08479684,347.201,4.32768,2.61159669,0.83725581,69.96,3,1,4,TRUE,51253468,0.583239805,52794,1,0.208333333,1
CCc1nn(-c2ccc(C(=O)Nc3c(F)cccc3F)c(OC(C)C(F)(F)F)c2)c(=O)n1C,1098758,22,-9.426603151,-11.84805849,470.398,3.9935,3.208749648,0.552984593,78.15,6,1,6,TRUE,51111946,0.50679669,1098758,1,0.135416667,1
Cc1ncccc1-c1ccc(-c2cc(C(=O)O)c3ccccc3n2)cc1,51126184,22,-9.219920377,-7.452728178,340.382,4.97042,1.960359336,0.57173847,63.08,3,1,3,TRUE,50082577,0.535688709,51126184,1,0.175,1
CC(O)=C(C#N)C(=O)Nc1ccc(-c2ccccc2Cl)c(Cl)c1,CHEMBL484780,22,-10.49621851,-13.36413014,347.201,4.95448,2.243563949,0.468457826,73.12,3,2,3,FALSE,50082594,0.568173375,CHEMBL484780,1,0.1625,1
COc1cccc2ccc(CCc3c(C(=O)O)[nH]c(=O)[nH]c3=O)cc12.NCCO,CHEMBL3964957,22.5,-9.427447159,-9.74294805,401.419,0.6458,2.572289848,0.405336592,158.5,6,5,6,TRUE,351291,0.512056895,CHEMBL3964957,1,0.135802469,1
CCCC(C)Oc1cc(-n2nc(C(C)O)n(C)c2=O)c(F)cc1C(=O)Nc1c(C)ccnc1OC,1098751,23,-9.503621412,-12.17309638,487.532,3.29512,3.760548351,0.475106588,120.5,9,2,9,TRUE,644781,0.511043669,1098751,1,0.163793103,1
CC(Oc1cc(-n2nc3n(c2=O)CCCC3)c(F)cc1C(=O)Nc1ccnn1C)C1CCCCC1,1020555,23,-6.797740935,-11.3032667,482.56,3.8428,3.469898057,0.575945667,95.97,8,1,6,TRUE,651509,0.532574032,1020555,1,0.162393162,1
CC(Oc1cc(-n2nc3n(c2=O)CCCOC3)c(F)cc1C(=O)Nc1ccccc1C(F)F)C(F)(F)F,1020632,23,-11.66540514,-13.18218993,530.425,4.6129,3.621217663,0.470674043,87.38,7,1,6,TRUE,795442,0.560235461,1020632,1,0.105769231,1
Cc1cc(C)c(NC(=O)c2cc(F)c(-n3nc4n(c3=O)CCCOC4)cc2OC(C)C(F)(F)F)c(Cl)n1,1020643,23,-9.176163102,-12.07051392,543.905,4.34054,3.701448073,0.379497481,100.27,8,1,5,FALSE,795460,0.520504732,1020643,1,0.14953271,1
Cc1ccnc(C(=O)NC2CCCc3c2cnn3-c2cc(C)ccc2F)c1,51334953,23,-10.27578031,-10.93277338,364.424,3.83064,2.908666995,0.768315451,59.81,4,1,3,TRUE,675357,0.594357977,51334953,1,0.117647059,1
CCOc1cccc(-c2cc(F)c(Nc3ncc(C4CC4)cc3C(=O)O)cc2F)c1,51186827,23,-9.404194375,-9.255748928,410.42,5.7447,2.455574033,0.519344278,71.45,4,2,7,TRUE,558600,0.544371405,51186827,1,0.132075472,1
Cc1c(NC(=O)c2cc(F)c(-n3nc4n(c3=O)CCCC4)cc2OC(C)C2CCCCC2)cccc1C(F)(F)F,1020563,23.5,-11.60361166,-14.40371117,560.592,6.43652,3.455029316,0.352365325,78.15,6,1,6,TRUE,651502,0.552369401,1020563,1,0.212389381,1
COC(=O)c1cccc2cc(CCCCc3c(C(=O)O)[nH]c(=O)[nH]c3=O)ccc12.NCCO,CHEMBL3955099,23.9,-10.50427601,-10.65596766,457.483,1.204,2.632354892,0.247525753,175.57,7,5,8,TRUE,50082585,0.551402944,CHEMBL3955099,1,0.16091954,1
CCn1c(CO)nn(-c2cc(OC(C)C(F)(F)F)c(C(=O)Nc3c(F)cc(OC(=O)C(C)(C)C)cc3Cl)cc2F)c1=O,1098807,24,-8.92859358,-12.31838096,620.959,5.0112,3.704243436,0.206051784,124.68,9,2,8,TRUE,544264,0.536878474,1098807,1,0.154471545,1
CCC(C)N(N=Cc1ccccc1C(=O)O)c1nc(-c2ccccc2Cl)cs1,CHEMBL3928205,24,-8.863285249,-11.54376206,413.93,5.8007,3.10652639,0.392282307,65.79,5,1,7,FALSE,708914,0.554225959,CHEMBL3928205,1,0.168421053,1
CN(N=Cc1ccccc1C(=O)O)c1nc(-c2ccccc2)cs1,1001127,24.4,-8.025386862,-9.921455189,337.404,3.9786,2.350246851,0.564813344,65.79,5,1,5,FALSE,50396851,0.495953494,1001127,1,0.108433735,1
CCc1nn(-c2cc(OC(C)C3CCC3)c(C(=O)NC(CC)CC)cc2F)c(=O)n1C,1098789,25,-7.646867579,-10.57992842,432.54,3.7583,3.358752379,0.654506256,78.15,6,1,9,TRUE,644641,0.55901414,1098789,1,0.148148148,1
CCn1c(CO)nn(-c2ccc(C(=O)Nc3c(F)cccc3F)c(OC(C)C(F)(F)F)c2)c1=O,1098793,25,-9.668794777,-12.17720138,486.397,3.4063,3.256191187,0.499198875,98.38,7,2,7,TRUE,651548,0.529715036,1098793,1,0.163461538,1
Cc1cccc(F)c1NC(=O)c1cc(F)c(-n2nc(C(=O)O)n(C)c2=O)cc1OC(C)C(F)(F)F,1098835,25,-9.887758786,-13.36449099,500.38,3.43772,3.452194305,0.501463119,115.45,7,2,6,TRUE,578519,0.51069425,1098835,1,0.105691057,1
Cc1ccccc1NC(=O)c1cc(F)c(-n2nc(C(C)O)n(C)c2=O)cc1OC(C)C(F)(F)F,1098850,25,-9.741405148,-13.14637265,482.434,3.65372,3.549940023,0.522983753,98.38,7,2,6,TRUE,708930,0.507797642,1098850,1,0.12962963,1
COc1nccc(C)c1NC(=O)c1cc(F)c(-n2nc(C(C)(C)O)n(C)c2=O)cc1OC(C)C(F)(F)F,1098737,25,-8.788109729,-13.2089727,527.475,3.23142,3.641275526,0.452886968,120.5,9,2,7,TRUE,646387,0.512421053,1098737,1,0.159663866,1
CC(Oc1cc(-n2nc3n(c2=O)CCCC3)c(F)cc1C(=O)Nc1ccc(F)cc1C#N)C1CCCCC1,1020557,25,-10.60769155,-13.54549552,521.568,5.12008,3.416319807,0.485199457,101.94,7,1,6,TRUE,1156159,0.531008784,1020557,1,0.144067797,1
COc1cccc(C)c1NC(=O)c1cc(F)c(-n2nc3n(c2=O)CCOC3)cc1OC(C)C(F)(F)F,1020602,25,-9.131964192,-13.23299795,510.444,3.60222,3.497398642,0.509458077,96.61,8,1,6,TRUE,50748310,0.526231833,1020602,1,0.144067797,1
Cc1ccnc(Cl)c1NC(=O)c1cc(F)c(-n2nc3n(c2=O)CCCOC3)cc1OC(C)C(F)(F)F,1020642,25,-8.820891358,-11.89647646,529.878,4.03212,3.65551053,0.395555999,100.27,8,1,5,FALSE,646385,0.538522848,1020642,1,0.188034188,1
CC(CN(C)C)Oc1cc(-n2nc3n(c2=O)CCCC3)c(F)cc1C(=O)Nc1ccccc1C(F)F,1020674,25,-9.40586991,-12.32019099,503.525,4.0282,3.422988334,0.502211361,81.39,7,1,8,TRUE,644807,0.502091321,1020674,1,0.181034483,1
Cc1ccc(F)cc1NC(=O)c1cc(F)c(-n2nc3n(c2=O)CCCC3)cc1OC(C)CN(C)C,1020676,25,-8.027960435,-12.51221812,485.535,3.53812,3.257551472,0.553820775,81.39,7,1,7,TRUE,651543,0.547509225,1020676,1,0.116071429,1
CC(Oc1cc(-n2nc3n(c2=O)CCCC3)c(F)cc1C(=O)NC1CCN(S(C)(=O)=O)CC1)C1CCCCC1,1020504,25,-8.501896968,-6.465571539,563.696,3.0108,3.477008875,0.553925872,115.53,8,1,7,TRUE,644942,0.566878462,1020504,1,0.159663866,1
Nc1ccc(-c2ccc(-n3nnc4c3C(=O)c3ccccc3C4=O)cc2)cc1,51338185,25,-8.103532001,-7.409234863,366.38,3.2919,2.304587032,0.484195948,90.87,6,1,2,FALSE,50082661,0.569636729,51338185,1,0.166666667,1
Cc1c(Oc2c(F)cccc2F)c(OC(C)C)nn1-c1ncc(C2CC2)cc1F,50355110,25,-8.376139345,-11.47244608,403.404,5.44992,2.930198575,0.549188607,49.17,5,0,6,TRUE,CHEMBL4093539,0.532829047,50355110,1,0.144329897,1
CCCC(C)Oc1cc(-n2nc3ccccn3c2=O)c(F)cc1C(=O)Nc1c(F)cccc1F,1020618,26,-11.88894146,-12.72386683,470.451,4.7222,3.154788293,0.424030543,77.63,6,1,7,TRUE,558913,0.568401563,1020618,1,0.145631068,1
O=C(NC1CCCc2c1cnn2-c1ccccc1F)c1cc(Cl)ccn1,51334945,26,-10.42997379,-9.415904521,370.815,3.8672,2.839002099,0.761004095,59.81,4,1,3,TRUE,675357,0.568209353,51334945,1,0.103448276,1
O=C(NC1CCCc2c1cnn2-c1ccccc1F)c1cc(Br)ccn1,51334946,26,-10.72589375,-9.399872269,415.266,3.9763,2.922520253,0.704380226,59.81,4,1,3,TRUE,766085,0.586654521,51334946,1,0.223404255,1
Cc1ccc(-c2ccc(-c3nc4ccc(F)cc4c(C(=O)O)c3C)cc2)c(Cl)n1,51126204,26,-8.131570495,-9.411226237,406.844,6.07134,2.3386974,0.419145765,63.08,3,1,3,FALSE,CHEMBL3982626,0.556603774,51126204,1,0.230769231,1
CCOC(=O)c1sc(Nc2ccc3c(c2)CCC3)nc1-c1ccccc1,50312258,26,-9.937195606,-8.167789989,364.47,5.2191,2.149657222,0.630787438,51.22,5,1,5,TRUE,351213,0.586126899,50312258,1,0.127906977,1
CCC(=O)C(C#N)C(=O)Nc1ccc(-c2cccc(OC)c2)c(C(=O)OC)c1,50707385,26,-7.170531356,-10.77530921,380.4,3.20618,2.750312014,0.584001641,105.49,6,1,7,TRUE,795452,0.600235156,50707385,1,0.125,1
O=C(O)c1cccc2nc(-c3c(F)c(F)c(-c4cccc(OCc5ccccc5)c4)c(F)c3F)[nH]c12,297809,26,-11.96723623,-9.897860738,492.428,6.7305,2.651732675,0.20361204,75.21,3,2,6,TRUE,766139,0.570261741,297809,1,0.234693878,1
CCC(O)=C(C#N)C(=O)Nc1ccc(-c2cccc(OC)c2)c(C(=O)OC)c1,CHEMBL1929450,26,-9.163236222,-11.74366917,380.4,3.83298,2.443871281,0.341134667,108.65,6,2,6,FALSE,50388230,0.572443655,CHEMBL1929450,1,0.163043478,1
CCc1nn(-c2cc(OC(C)C(F)(F)F)c(C(=O)Nc3ccc(F)cc3C)cc2F)c(=O)n1C,972538,26.5,-11.5183091,-12.10724371,484.425,4.30192,3.25479473,0.529565602,78.15,6,1,6,TRUE,667131,0.582539195,972538,1,0.141509434,1
CCn1nc(-c2cc3c(C(C)C)cn(-c4ccccc4C)c(=O)c3cc2F)nc1C(C)(C)O,1121382,27,-7.525770607,-13.51172782,448.542,5.06742,2.989548738,0.462789619,72.94,6,1,5,TRUE,50265664,0.508291276,1121382,1,0.128440367,1
CCC(=O)C(C#N)C(=O)Nc1ccc(-c2cccc(OC(F)(F)F)c2)c(C(=O)OC)c1,50707374,27,-9.446102879,-11.53515452,434.37,4.09618,2.963317764,0.519721772,105.49,6,1,7,TRUE,1137209,0.547254725,50707374,1,0.170212766,1
CCC(O)=C(C#N)C(=O)Nc1ccc(-c2cccc(OC(F)(F)F)c2)c(C(=O)OC)c1,CHEMBL1929439,27,-9.446102879,-11.53515452,434.37,4.72298,2.647679528,0.294699659,108.65,6,2,6,FALSE,1137209,0.547254725,50707374,1,0.170212766,1
CCc1nn(-c2cc(OC(C)C3CCCCC3)c(C(=O)Nc3nn(C)cc3C)cc2F)c(=O)n1C,1098811,28,-9.070911463,-11.43393781,484.576,3.91432,3.533729426,0.548531193,95.97,8,1,7,TRUE,51107485,0.541041979,1098811,1,0.090909091,1
CCCC(C)Oc1cc(-n2nc(CC)n(C)c2=O)c(F)cc1C(=O)NC1CCCCCC1,1098636,28,-8.566950991,-12.03594927,446.567,4.2925,3.179557467,0.61374307,78.15,6,1,8,TRUE,645026,0.533874382,1098636,1,0.18018018,1
Cc1c(-c2ccc(-c3ccccc3)cc2)nc2cnccc2c1C(=O)O,51126211,28,-10.41250041,-8.911081505,340.382,4.97042,2.060249182,0.57173847,63.08,3,1,3,TRUE,766156,0.565530876,51126211,1,0.108695652,1
CC(=O)Nc1cccc(COc2ccc(-c3ccc(-c4nc5c(C(=O)O)cc(C)cc5[nH]4)cc3)cc2)c1,50358207,28,-8.736574607,-9.225756099,491.547,6.44092,2.335587511,0.242981455,104.31,4,3,7,TRUE,51267452,0.516812285,50358207,1,0.19047619,1
O=C(O)c1cc(C2CC2)ccc1Nc1cnc(C2CC2)c(-c2ccccc2)c1,219986,28,-10.0930728,-9.875411845,370.452,5.9452,2.333829468,0.563095192,62.22,3,2,6,TRUE,840273,0.54719901,219986,1,0.074468085,1
Cc1ccc(Nc2ccc(-c3cc(OC(C)C)ccc3F)nc2)c(C(=O)O)c1,219998,28,-9.303910615,-8.498801622,380.419,5.42512,2.216711687,0.596965462,71.45,4,2,6,TRUE,50082577,0.567511039,219998,1,0.107526882,1
CN(N=Cc1ccccc1C(=O)O)c1nc(-c2cc(Cl)ccc2Cl)cs1,CHEMBL3941922,28,-9.278084601,-9.133684276,406.294,5.2854,2.557103884,0.462245882,65.79,5,1,5,FALSE,558739,0.505122633,CHEMBL3941922,1,0.125,1
O=C(O)c1cccc2nc(-c3c(F)c(F)c(-c4cccc(F)c4)c(F)c3F)[nH]c12,297827,28.2,-10.16784331,-10.22905502,404.294,5.2906,2.68734396,0.36023166,65.98,2,2,3,TRUE,667127,0.550403934,297827,1,0.15,1
CCCc1ccccc1NC(=O)c1cc(F)c(-n2nc(CC)n(C)c2=O)cc1OC(C)CCC,1098652,29,-9.944265189,-14.23171857,468.573,5.0447,3.165919515,0.45194662,78.15,6,1,10,TRUE,651548,0.539306305,1098652,1,0.128440367,1
Cc1cccc(F)c1NC(=O)c1cc(F)c(-n2nc3ccccn3c2=O)cc1OC(C)c1ccccc1,1020620,29,-10.38579245,-10.72792211,500.505,5.46412,3.119036279,0.33575999,77.63,6,1,6,TRUE,644807,0.520469887,1020620,1,0.19266055,1
CC(Oc1cc(-n2nc3n(c2=O)CCCC3)c(F)cc1C(=O)Nc1ccccc1F)C1CCCCC1,1020538,29,-9.709258582,-12.41966866,496.558,5.2484,3.228402675,0.505815634,78.15,6,1,6,TRUE,651509,0.576105049,1020538,1,0.166666667,1
CCOC(=O)c1sc(Nc2ccc3ccccc3c2)nc1-c1ccccc1,50312490,29,-8.989420196,-8.835329088,374.465,5.8836,2.014533557,0.443002779,51.22,5,1,5,TRUE,1156293,0.598117544,50312490,1,0.101010101,1
O=C(O)c1ccccc1C=NNc1nc(-c2ccccc2Cl)cs1,CHEMBL3896992,29,-9.308364134,-8.426505892,357.822,4.6077,2.17107762,0.516281314,74.58,5,2,5,FALSE,669181,0.547099264,CHEMBL3896992,1,0.117647059,1
CCn1c(CO)nn(-c2cc3c(C(C)C)cn(-c4ccnc(OC)c4C)c(=O)c3cc2F)c1=O,1226118,29.2,-4.657793154,-10.41835404,467.501,2.82482,3.178770174,0.467715888,104.17,9,1,6,TRUE,795443,0.491089298,1226118,1,0.117117117,1
CCCC(C)Oc1cc(-n2nc(CC)n(C)c2=O)c(F)cc1C(=O)Nc1ccccc1C(F)(F)F,1098629,30,-11.03762729,-13.02478666,494.489,5.111,3.220188794,0.441681515,78.15,6,1,8,TRUE,644807,0.535662824,1098629,1,0.222222222,1
CC(Oc1cc(-n2nc3n(c2=O)CCCC3)c(F)cc1C(=O)Nc1ccc(F)cc1Cl)C1CCCCC1,1020572,30,-11.125557,-13.81685131,531.003,5.9018,3.304407268,0.430084295,78.15,6,1,6,TRUE,651509,0.568908093,1020572,1,0.191304348,1
COc1nccc(C)c1NC(=O)c1cc(F)c(-n2nc3n(c2=O)CCCOC3)cc1OC(C)C(F)(F)F,1020633,30,-6.392367399,-12.3530652,525.459,3.38732,3.690573319,0.491667562,109.5,9,1,6,TRUE,795460,0.510522288,1020633,1,0.146788991,1
Cc1cc(F)ccc1NC(=O)c1cc(F)c(-n2nc3n(c2=O)CCCC3)cc1OC(C)CN(C)C,1020675,30,-8.317981569,-11.27063843,485.535,3.53812,3.26043918,0.553820775,81.39,7,1,7,TRUE,596202,0.520523498,1020675,1,0.170940171,1
CCCC(C)Oc1cc(-n2nc3n(c2=O)CCCC3)c(F)cc1C(=O)Nc1ccccc1F,1020376,30,-9.700491795,-12.30267475,456.493,4.4682,3.122798707,0.569181748,78.15,6,1,7,TRUE,648733,0.586950355,1020376,1,0.153153153,1
CCOC(=O)c1cccc(-n2ncc3c2CCCC3NC(=O)c2noc3c2CCCC3)c1,51334967,30,-10.3013364,-10.52375127,434.496,3.7232,3.139232555,0.614620082,99.25,7,1,5,TRUE,50305070,0.570137451,51334967,1,0.171428571,1
CCOc1cccc(-c2ncc(Nc3ccc(C)cc3C(=O)O)cc2C)c1,219991,30,-9.354417594,-7.054321918,362.429,5.20594,2.150424747,0.630018581,71.45,4,2,6,TRUE,50388206,0.535490372,219991,1,0.172043011,1
Cc1cc(C(=O)OC(C)(C)C)ccc1NC(=O)c1ccc(-n2nc3n(c2=O)CCCC3)cc1OC(C)C1CCCCC1,1020536,30.1,-8.238181372,-10.90997674,574.722,6.23392,3.343461347,0.335424986,104.45,8,1,7,TRUE,51088934,0.540107394,1020536,1,0.166666667,1
CCC(COC)n1cc(C(C)C)c2cc(-n3nc(CO)n(CC)c3=O)c(F)cc2c1=O,1226105,30.7,-9.090839322,-11.44031558,432.496,2.7211,3.589045236,0.591047272,91.28,8,1,8,TRUE,667127,0.533539842,1226105,1,0.173913043,1
CC(Oc1cc(-n2nc3n(c2=O)CCCOC3)c(F)cc1C(=O)Nc1c(F)cccc1F)C(F)(F)F,1020650,30.8,-9.837846371,-11.99581897,516.398,3.9535,3.52932032,0.519371147,87.38,7,1,5,TRUE,795442,0.575166806,1020650,1,0.12244898,1
CCc1nn(-c2cc(OC(C)CN(C)C)c(C(=O)Nc3c(C)cccc3F)cc2F)c(=O)n1C,1098824,31,-7.826148283,-10.48454811,473.524,3.30122,3.328234832,0.543071138,81.39,7,1,8,TRUE,644871,0.578932151,1098824,1,0.205357143,1
O=C(NC1CCCc2c1cnn2-c1ccccc1F)c1cc(F)ccn1,51334947,31,-10.08985461,-9.608894232,354.36,3.3529,2.902847637,0.784640854,59.81,4,1,3,TRUE,667127,0.558375635,51334947,1,0.211764706,1
CCC(=O)C(C#N)C(=O)Nc1ccc(-c2cccc(Cl)c2)c(C(=O)OC)c1,50707372,31,-9.058568538,-12.42651667,384.819,3.85098,2.766064999,0.602307235,96.26,5,1,6,TRUE,651475,0.613856647,50707372,1,0.166666667,1
CCC(=O)C(C#N)C(=O)Nc1ccc(-c2ccc(F)cc2F)c(C(=O)OC)c1,50707376,31,-7.418490359,-14.07415725,386.354,3.47578,2.866228834,0.605688512,96.26,5,1,6,TRUE,795452,0.580460442,50707376,1,0.11627907,1
CCC(=O)C(C#N)C(=O)Nc1ccc(-c2cccc(OC3CCC3)c2)c(C(=O)OC)c1,50707388,31,-9.678089431,-9.560618577,420.465,4.12888,2.936637007,0.508456393,105.49,6,1,8,TRUE,651472,0.560915342,50707388,1,0.177777778,1
CCC(O)=C(C#N)C(=O)Nc1ccc(-c2cccc(Cl)c2)c(C(=O)OC)c1,CHEMBL1929437,31,-7.556584052,-12.39290957,384.819,4.47778,2.464098727,0.342470169,99.42,5,2,5,FALSE,795452,0.596804734,CHEMBL1929437,1,0.164705882,1
CCC(O)=C(C#N)C(=O)Nc1ccc(-c2ccc(F)cc2F)c(C(=O)OC)c1,CHEMBL1929441,31,-7.476445296,-14.07415725,386.354,4.10258,2.561240338,0.348774753,99.42,5,2,5,FALSE,795452,0.579666161,50707376,1,0.11627907,1
CCC(O)=C(C#N)C(=O)Nc1ccc(-c2cccc(OC3CCC3)c2)c(C(=O)OC)c1,CHEMBL1929453,31,-9.584951385,-13.03736362,420.465,4.75568,2.618645922,0.289408428,108.65,6,2,7,FALSE,728498,0.586144213,CHEMBL1929453,1,0.171171171,1
CCc1nn(-c2ccccc2C)c(=O)c2ccc(-n3nc(CO)n(CC)c3=O)cc12,1226010,31.2,-7.375839756,-12.35558226,405.458,2.11612,2.679133373,0.548785603,94.94,8,1,5,TRUE,795460,0.574898785,1226010,1,0.144444444,1
COCOc1ccc2ccc(CCc3c(C(=O)O)[nH]c(=O)[nH]c3=O)cc2c1.NCCO,CHEMBL3936361,31.5,-9.161449053,-8.006407496,431.445,0.6199,2.716778274,0.323466877,167.73,7,5,8,FALSE,50396851,0.525250253,CHEMBL3936361,1,0.156626506,1
CN(N=Cc1cc(N)c(F)cc1C(=O)O)c1nc(-c2ccccc2Cl)cs1,1001132,31.6,-9.261379078,-10.35593222,404.854,4.3533,2.837053962,0.374371013,91.81,6,2,5,FALSE,558647,0.495831552,1001132,1,0.15,1
Cc1c(-c2ccc(-c3ccccc3F)cc2)nc2ccc(F)cc2c1C(=O)NS(C)(=O)=O,51370196,32,-8.949727417,-10.07177785,452.482,4.84482,2.313672373,0.480578518,76.13,4,1,4,TRUE,50529312,0.553353189,51370196,1,0.130434783,1
CC(Oc1cc(-n2nc3n(c2=O)CCOC3)c(F)cc1C(=O)Nc1c(F)ccc(F)c1Cl)C(F)(F)F,1020587,32,-12.23347401,-12.1546292,536.816,4.2168,3.690773995,0.3897834,87.38,7,1,5,TRUE,795438,0.581376436,1020587,1,0.123809524,1
Cc1cc(F)cc(C)c1NC(=O)c1cc(F)c(-n2nc3n(c2=O)CCOC3)cc1OC(C)C(F)(F)F,1020594,32,-10.16648461,-13.93812584,512.435,4.04114,3.550331609,0.52184069,87.38,7,1,5,TRUE,51379174,0.544490549,1020594,1,0.207317073,1
Cc1cc(C(=O)O)c2nc(-c3c(F)c(F)c(-c4cccnc4)c(F)c3F)[nH]c2c1,297843,32,-8.21432052,-9.688614726,401.319,4.85492,2.794835114,0.379832008,78.87,3,2,3,TRUE,50529312,0.539798819,297843,1,0.159090909,1
Cc1ccc(Nc2ccc(-c3ccccc3Cl)nc2)c(C(=O)O)c1,220005,32,-8.806780471,-7.875741193,338.794,5.15222,1.956972171,0.69000013,62.22,3,2,4,TRUE,558766,0.539757333,220005,1,0.122222222,1
O=C(O)c1cc(-c2ccc(-c3cccnc3Cl)cc2)nc2ccccc12,CHEMBL4224965,32.7,-8.96881397,-6.783459681,360.8,5.3154,1.994212259,0.502368117,63.08,3,1,3,FALSE,50082577,0.534572579,CHEMBL4224965,1,0.146341463,1
COc1cccc(-c2ccc(Nc3ncc(C4CC4)cc3C(=O)O)c(F)c2)c1,CHEMBL2263637,32.96,-8.44718816,-8.851914031,378.403,5.2155,2.248426435,0.615618352,71.45,4,2,6,TRUE,50388230,0.544656572,CHEMBL2263637,1,0.197802198,1
CCCC(C)Oc1cc(-n2nc3n(c2=O)CCCC3)c(F)cc1C(=O)Nc1cccc(C(F)(F)F)c1,1020378,33,-11.13570525,-14.14132591,506.5,5.3479,3.235346642,0.438630679,78.15,6,1,7,TRUE,644807,0.501526385,1020378,1,0.230088496,1
O=C(O)C1=C(C(=O)Nc2c(F)cc(-c3cccc(OC(F)(F)F)c3)cc2F)CCC1,50251720,33,-6.085116449,-8.503997235,427.325,5.034,2.608377597,0.656423567,75.63,3,2,5,TRUE,50082594,0.53031654,50251720,1,0.098901099,1
Cc1ccc(Nc2cnc(-c3cccc(C(=O)N(C)C)c3)c(C)c2)c(C(=O)O)c1,220004,33,-9.2770376,-7.714304066,389.455,4.50904,2.259324729,0.670887483,82.53,4,2,5,TRUE,50388206,0.586253218,220004,1,0.184782609,1
CCn1c(CO)nn(-c2cc3c(C(C)C)cn(-c4csnc4C)c(=O)c3cc2F)c1=O,1226120,33.7,-6.687233045,-12.48226345,443.504,2.87772,3.39034479,0.51184036,94.94,9,1,5,TRUE,795443,0.554185661,1226120,1,0.112149533,1
Cc1ccnc(C(=O)NC2CCCc3c2cnn3-c2ccccc2F)c1,51334943,34,-10.3212341,-9.347286111,350.397,3.52222,2.82593133,0.786140247,59.81,4,1,3,TRUE,766085,0.585180055,51334943,1,0.25,1
CCC(=O)C(C#N)C(=O)Nc1ccc(-c2cccc(OC(F)F)c2)c(C(=O)OC)c1,50707387,34,-9.191345776,-9.87112075,416.38,3.79898,2.943604121,0.518373387,105.49,6,1,8,TRUE,667143,0.546115737,50707387,1,0.107843137,1
CCC(O)=C(C#N)C(=O)Nc1ccc(-c2cccc(OC(F)F)c2)c(C(=O)OC)c1,CHEMBL1929452,34,-8.939734458,-10.71418597,416.38,4.42578,2.630433507,0.299240423,108.65,6,2,7,FALSE,651475,0.577375566,CHEMBL1929452,1,0.172043011,1
CCn1c(Cl)nn(-c2cc(OC(C)C(F)(F)F)c(C(=O)Nc3c(F)cccc3F)cc2F)c1=O,1098723,35,-11.13221591,-12.37626163,508.806,4.7065,3.382934037,0.489409334,78.15,6,1,6,FALSE,667131,0.566954753,1098723,1,0.155339806,1
CCCC(C)Oc1cc(-n2nc3n(c2=O)CCCC3)c(F)cc1C(=O)Nc1ncccc1Cl,1020394,35,-9.045450186,-10.05902674,473.936,4.3775,3.292426002,0.549603704,91.04,7,1,7,TRUE,CHEMBL3596636,0.578424691,1020394,1,0.216216216,1
Cc1ccc(C(F)(F)F)cc1NC(=O)c1cc(F)c(-n2nc3n(c2=O)CCCC3)cc1OC(C)C(F)(F)F,1020470,35,-11.39420907,-12.93907856,546.443,5.41852,3.388537619,0.434028876,78.15,6,1,5,FALSE,51360043,0.536131325,1020470,1,0.119047619,1
Cc1ccn2nc(O)c(C(=O)Nc3c(F)c(F)c(-c4ccccc4)c(F)c3F)c2c1,50990485,35,-9.909216879,-8.038128547,415.346,4.82402,2.79136634,0.372355667,66.63,4,2,3,TRUE,558800,0.553249294,50990485,1,0.144329897,1
CCOC(=O)c1sc(Nc2ccc(C)c(Cl)c2)nc1-c1ccccc1,50312269,35,-8.67270713,-8.184568765,372.877,5.69222,2.043865971,0.584095517,51.22,5,1,5,TRUE,51085916,0.562984605,50312269,1,0.12987013,1
CCn1c(CO)nn(-c2cc3c(C(C)C)cn(C(COC)COC)c(=O)c3cc2F)c1=O,1226101,35.3,-8.292494032,-11.21150383,448.495,1.9575,3.227613732,0.537179777,100.51,9,1,9,TRUE,50748320,0.5256917,1226101,1,0.121212121,1
CCn1c(CO)nn(-c2cc3c(C(C)C)cn(-c4cc(O)ncc4C)c(=O)c3cc2F)c1=O,1226126,35.4,-7.408802437,-12.66835822,453.474,2.52182,3.318787199,0.479898923,115.17,9,2,5,TRUE,50382207,0.489432899,1226126,1,0.14159292,1
Cc1sc(N(C)N=Cc2ccccc2C(=O)O)nc1-c1ccccc1Cl,1001122,35.5,-10.08308335,-10.81414136,385.876,4.94042,2.577554463,0.498627379,65.79,5,1,5,FALSE,50082594,0.585864555,1001122,1,0.133333333,1
CC(Oc1cc(-n2nc3n(c2=O)CCCC3)c(F)cc1C(=O)Nc1c(F)cccc1C(F)(F)F)C1CCCCC1,1020554,36,-11.30026163,-13.58326709,564.555,6.2672,3.496440442,0.358407676,78.15,6,1,6,TRUE,1156159,0.540398741,1020554,1,0.116666667,1
Cc1c(-c2ccc(-c3cccnc3Cl)cc2)nc2ccc(Cl)cc2c1C(=O)O,51126193,36,-8.667332475,-10.17571632,409.272,6.27722,2.247152238,0.404864335,63.08,3,1,3,FALSE,CHEMBL3924809,0.565877213,51126193,1,0.227848101,1
O=C(O)c1cc(-c2ccc(Oc3ccccc3)cc2)nc2ccc(F)cc12,51064007,36,-8.9910248,-3.633695708,359.356,5.5314,1.864039571,0.520265681,59.42,3,1,4,TRUE,558647,0.516451756,51064007,1,0.1,1
Cc1ccc(Nc2cnc(-c3ccncc3F)c(C)c2)c(C(=O)O)c1,220011,37,-8.700993568,-7.876489256,337.354,4.34134,2.349434093,0.740494627,75.11,4,2,4,TRUE,558766,0.52627296,220011,1,0.11827957,1
O=C(O)c1cc(C2CC2)ccc1Nc1cnc(-c2cc(F)ccc2F)nc1,220025,38,-9.215929673,-4.072915977,367.355,4.741,2.375985881,0.681173813,75.11,4,2,5,TRUE,50082658,0.571775565,220025,1,0.123595506,1
O=C(O)c1cccc2[nH]c(-c3c(F)c(F)c(-c4ccccc4)c(F)c3F)nc12,297755,38,-9.668080388,-11.60588526,386.304,5.1515,2.514411095,0.377979627,65.98,2,2,3,TRUE,558766,0.53518075,297755,1,0.093023256,1
CC(Oc1cc(-n2nc3n(c2=O)CCCC3)c(F)cc1C(=O)Nc1cccc(F)c1Cl)C(F)(F)F,1020416,39,-10.22042114,-12.74981544,516.854,4.8838,3.384498384,0.490172509,78.15,6,1,5,TRUE,CHEMBL3596636,0.572376647,1020416,1,0.224299065,1
CC(Oc1cc(-n2nc3n(c2=O)CCCC3)c(F)cc1C(=O)NC1CCC(F)(F)CC1)C1CCCCC1,1020498,39,-10.10446115,-3.03196527,520.596,5.1647,3.579391884,0.570570078,78.15,6,1,6,TRUE,651540,0.562278228,1020498,1,0.116071429,1
COc1cc2ccccc2cc1CCc1c(C(=O)O)[nH]c(=O)[nH]c1=O.NCCO,CHEMBL3935254,39.8,-9.354848052,-9.024699541,401.419,0.6458,2.577206109,0.405336592,158.5,6,5,6,TRUE,51379173,0.606458272,CHEMBL3935254,1,0.231884058,1
CC(Oc1cc(-n2nc(C(=O)O)n(C)c2=O)c(F)cc1C(=O)Nc1c(F)cccc1F)C(F)(F)F,1098836,40,-9.377849194,-12.33671215,504.343,3.2684,3.419036489,0.498362722,115.45,7,2,6,TRUE,51379174,0.51396844,1098836,1,0.227848101,1
CC(Oc1cc(-n2nc3n(c2=O)CCCC3)c(Cl)cc1C(=O)Nc1c(F)cccc1Cl)C(F)(F)F,1020688,40,-10.13857898,-13.10479233,533.309,5.3981,3.388156076,0.446132636,78.15,6,1,5,TRUE,351240,0.589207584,1020688,1,0.168224299,1
CC(Oc1cc(-n2nc3n(c2=O)CCCC3)c(F)cc1C(=O)Nc1cc(F)ccc1Cl)C1CCCCC1,1020558,40,-10.44287589,-13.57526474,531.003,5.9018,3.295529906,0.430084295,78.15,6,1,6,TRUE,651562,0.550457103,1020558,1,0.201754386,1
CC(Oc1cc(-n2nc3n(c2=O)CCOC3)c(F)cc1C(=O)Nc1c(F)cc(F)cc1Cl)C(F)(F)F,1020582,40,-12.1737699,-12.03368723,536.816,4.2168,3.619885926,0.493629582,87.38,7,1,5,TRUE,667131,0.5777332,1020582,1,0.138888889,1
CC(Oc1cc(-n2nc3n(c2=O)CCCC3)c(F)cc1C(=O)Nc1ccc(F)cc1Cl)C(F)(F)F,1020417,40,-10.16367936,-11.74613543,516.854,4.8838,3.312670018,0.490172509,78.15,6,1,5,TRUE,351212,0.571984436,1020417,1,0.147368421,1
Cc1ccc(F)c(-n2ncc3c2CCCC3NC(=O)c2cc(C(F)(F)F)ccn2)c1,51334954,40,-11.44023671,-11.41162623,418.394,4.54102,3.049676554,0.635614955,59.81,4,1,3,TRUE,1027882,0.57780857,51334954,1,0.164948454,1
CN(C)C(=O)c1cccc2cc(CCc3c(C(=O)O)[nH]c(=O)[nH]c3=O)ccc12.NCCO,50555396,40,-7.566379338,-10.13629026,442.472,0.339,2.682412726,0.36634909,169.58,6,5,6,TRUE,558626,0.53498823,50555396,1,0.170454545,1
CCC(=O)C(C#N)C(=O)Nc1ccc(-c2cccnc2)c(C(=O)OC)c1,50707377,40,-8.360351249,-7.656928679,351.362,2.59258,2.835117176,0.632684329,109.15,6,1,6,TRUE,795442,0.544392523,50707377,1,0.125,1
CCC(O)=C(C#N)C(=O)Nc1ccc(-c2cccnc2)c(C(=O)OC)c1,CHEMBL1929442,40,-8.372750028,-10.46909179,351.362,3.21938,2.536341028,0.370079429,112.31,6,2,5,FALSE,50388230,0.564049587,CHEMBL1929442,1,0.138297872,1
Cc1oncc1NC(=O)c1cc(F)c(-n2nc3n(c2=O)CCCC3)cc1OC(C)C1CCCCC1,1020571,41,-10.12140222,-8.755319896,483.544,4.40572,3.543850364,0.557143055,104.18,8,1,6,TRUE,709128,0.530476444,1020571,1,0.14516129,1
O=C(O)C1=C(C(=O)Nc2ccc(OCc3c(F)cccc3Cl)c(Cl)c2)COC1,50319874,41,-9.756237313,-10.14121638,426.227,4.0614,2.553293935,0.728059639,84.86,4,2,6,TRUE,795466,0.534116083,50319874,1,0.243902439,1
Cc1ccc(Nc2cnc(N3CCCCC3)c(C)c2)c(C(=O)O)c1,219987,41,-6.399615763,-3.851744238,325.412,4.13054,2.151675564,0.884569027,65.46,4,2,4,TRUE,558884,0.594796908,219987,1,0.19047619,1
CCc1nn(-c2cc(OC(C)C3CC3)c(C(=O)NC(CC)CC)cc2F)c(=O)n1C,972628,41.5,-9.63656186,-10.3373682,418.513,3.3682,3.352149753,0.677306787,78.15,6,1,9,TRUE,667068,0.540133602,972628,1,0.177777778,1
CCn1c(CO)nn(-c2ccc(C(=O)Nc3c(F)cccc3Cl)c(OC(C)C(F)F)c2)c1=O,1098796,42,-9.172253153,-12.13789377,484.862,3.6234,3.381645655,0.508627251,98.38,7,2,8,TRUE,651540,0.511011571,1098796,1,0.165137615,1
COc1ccccc1-c1cc(F)c(NC(=O)C2=C(C(=O)O)CCC2)c(F)c1,50251717,42,-8.251723666,-8.901497463,373.355,4.144,2.405000423,0.825833013,75.63,3,2,5,TRUE,50387987,0.593775498,50251717,1,0.180722892,1
CC(Oc1cc(-n2nc3n(c2=O)CCCC3)c(F)cc1C(=O)Nc1c(F)cc(F)cc1F)C(F)(F)F,1020459,43,-10.39546135,-12.13290177,518.389,4.5086,3.441493775,0.504744972,78.15,6,1,5,FALSE,558913,0.582110986,1020459,1,0.125,1
Cc1cc(Oc2ccccc2)c(C)cc1NC(=O)c1c(O)nn2ccccc12,50990486,43,-10.11056289,-10.64502777,373.412,4.70134,2.393646583,0.543548024,75.86,5,2,4,TRUE,51379171,0.571986006,50990486,1,0.202702703,1
CCn1c(CO)nn(-c2cc3c(C(C)C)cn(-c4ncncc4C)c(=O)c3cc2F)c1=O,1226093,43.5,-6.103099864,-12.73464866,438.463,2.21122,3.189996882,0.511927048,107.83,9,1,5,TRUE,708930,0.489795918,1226093,1,0.118181818,1
Cc1cccc(F)c1NC(=O)c1cc(F)c(-n2nc(C)n(C3CC3)c2=O)cc1OC(C)C(F)(F)F,1098677,44,-9.194246333,-13.49692668,496.436,4.84584,3.392693729,0.495495796,78.15,6,1,6,TRUE,51379174,0.508267761,1098677,1,0.2625,1
COC(=O)c1cccc2cc(CCc3c(C(=O)O)[nH]c(=O)[nH]c3=O)ccc12.NCCO,50555219,44,-10.01023079,-9.899424341,429.429,0.4238,2.61243777,0.350276498,175.57,7,5,6,TRUE,50082585,0.517660819,50555219,1,0.164705882,1
COCOc1cc2ccccc2cc1CCc1c(C(=O)O)[nH]c(=O)[nH]c1=O.NCCO,50555279,44,-5.882626185,-10.20821249,431.445,0.6199,2.745135197,0.323466877,167.73,7,5,8,FALSE,50529303,0.515056752,50555279,1,0.175,1
COc1cccc(-c2ccc(NC(=O)c3ccsc3C(=O)O)c(F)c2)c1,28079,44,-9.214405396,-10.49317119,371.389,4.5133,2.103247825,0.691716405,75.63,4,2,5,TRUE,50388230,0.512715613,28079,1,0.186046512,1
Cc1cc(S(N)(=O)=O)ccc1NC(=O)c1cc(F)c(-n2nc3n(c2=O)CCCC3)cc1OC(C)C1CCCCC1,1020526,44.7,-9.051602776,-14.11529841,571.675,4.06512,3.400145387,0.43857589,138.31,8,2,7,TRUE,708941,0.574643661,1020526,1,0.178861789,1
O=C(O)C1=C(C(=O)Nc2c(F)cc(-c3ccccc3F)cc2F)CCC1,50251722,45,-6.030628082,-10.66505517,361.319,4.2745,2.426831413,0.85446843,66.4,2,2,4,TRUE,50082594,0.575694529,50251722,1,0.12195122,1
CCC(=O)C(C#N)C(=O)Nc1ccc(-c2ccc(Cl)cc2)c(C(=O)OC)c1,50707373,45,-9.243272204,-11.42974298,384.819,3.85098,2.715223419,0.602307235,96.26,5,1,6,TRUE,50492371,0.553280896,50707373,1,0.206896552,1
Cn1nc(O)c(C(=O)Nc2c(F)c(F)c(-c3ccccc3)c(F)c2F)n1,50990479,45,-10.12840289,-12.13169007,366.274,2.9964,2.811585719,0.551713374,80.04,5,2,3,TRUE,50387987,0.569930903,50990479,1,0.13253012,1
CC(Oc1c(C(=O)Nc2c(F)cccc2Cl)ccc(-n2nc(C(C)(C)O)n(C)c2=O)c1F)C(F)(F)F,972650,45,-9.555754296,-13.75251758,534.869,4.3119,3.598691435,0.459286881,98.38,7,2,6,TRUE,596177,0.5060991,972650,1,0.150442478,1
CCc1nn(-c2cc(OC(C)C3CCCCC3)c(C(=O)NC3(c4ccc(F)cc4)CC3)cc2F)c(=O)n1C,972658,45,-11.11899268,-12.83757987,524.612,5.1783,3.480029168,0.440671155,78.15,6,1,8,TRUE,644806,0.534775641,972658,1,0.243243243,1
CCc1nn(-c2cc(OC(C)c3ccccc3)c(C(=O)Nc3cnccc3C)cc2F)c(=O)n1C,972664,45,-9.328090088,-10.61020406,475.524,4.36822,3.158155124,0.42871719,91.04,7,1,7,TRUE,651513,0.589548738,972664,1,0.136752137,1
Cc1cc2[nH]ncc2cc1NC(=O)c1cc(F)c(-n2nc3n(c2=O)CCCC3)cc1OC(C)C(F)(F)F,1020489,45,-9.617610313,-12.79305748,518.471,4.27602,3.536636983,0.383920718,106.83,7,2,5,TRUE,51111946,0.539159503,1020489,1,0.133333333,1
Cc1ccccc1NC(=O)c1cc(F)c(-n2nc3n(c2=O)CCOC3)cc1OC(C)C(F)(F)F,1020578,45,-9.490649835,-13.29098346,480.418,3.59362,3.356908059,0.564365258,87.38,7,1,5,TRUE,578519,0.527030674,1020578,1,0.113821138,1
CCC(O)=C(C#N)C(=O)Nc1ccc(-c2ccc(Cl)cc2)c(C(=O)OC)c1,CHEMBL1929438,45,-7.451421437,-11.39714568,384.819,4.47778,2.413257147,0.342470169,99.42,5,2,5,FALSE,558913,0.523830298,CHEMBL1929438,1,0.115789474,1
COc1ccc(F)cc1-c1ncc(Nc2ccc(C)cc2C(=O)O)cc1C,220029,46,-8.771601209,-7.469511568,366.392,4.95494,2.211916731,0.668076494,71.45,4,2,5,TRUE,50388206,0.550966709,220029,1,0.163043478,1
NCCO.O=C(O)c1[nH]c(=O)[nH]c(=O)c1CCc1ccc2ccccc2c1,50555388,46,-8.906249591,-9.410157656,371.393,0.6372,2.461830951,0.444113415,149.27,5,5,5,TRUE,558766,0.517516308,50555388,1,0.119047619,1
COc1ccc2cc(CCc3c(C(=O)O)[nH]c(=O)[nH]c3=O)ccc2c1.NCCO,50555414,46,-8.728609858,-9.556162192,401.419,0.6458,2.527365214,0.405336592,158.5,6,5,6,TRUE,558649,0.550046773,50555414,1,0.119047619,1
CC(Oc1cc(-n2nc3n(c2=O)CCOC3)c(F)cc1C(=O)Nc1c(Cl)ccc(F)c1F)C(F)(F)F,1020603,46,-11.87198443,-13.17881964,536.816,4.2168,3.619271326,0.3897834,87.38,7,1,5,TRUE,667131,0.592375367,1020603,1,0.14953271,1
CCn1c(CO)nn(-c2ccc3c(=O)n(-c4ccccc4C)cc(N(C)C)c3c2)c1=O,1226015,46.5,-7.731127914,-12.94011206,419.485,2.22472,2.831274544,0.536225761,85.29,8,1,5,TRUE,795460,0.570129453,1226015,1,0.14893617,1
Cc1c(-c2ccc(-c3ccccc3F)cc2)nc2ccc(F)cc2c1C(N)=O,51370193,47,-10.90677859,-9.087200728,374.39,5.25432,2.103530816,0.532123943,55.98,2,1,3,TRUE,CHEMBL3598040,0.582733813,51370193,1,0.224719101,1
COc1ccc2cc(CCc3c(C(=O)O)[nH]c(=O)[nH]c3=O)c(OC)cc2c1.NCCO,CHEMBL3945267,47.8,-8.679012731,-9.003123386,431.445,0.6544,2.662676231,0.363340742,167.73,7,5,7,TRUE,558649,0.528197158,CHEMBL3945267,1,0.113636364,1
Cc1cc(C(=O)O)c2nc(-c3c(F)c(F)c(-c4ccc(OCc5ccccc5)cc4)c(F)c3F)[nH]c2c1,297829,48,-8.490302943,-10.45430231,506.455,7.03892,2.661766471,0.191394038,75.21,3,2,6,TRUE,51359962,0.536427415,297829,1,0.114285714,1
COc1ncc(Nc2ccc(C3CC3)cc2C(=O)O)cc1-c1ccccc1,219979,49,-8.556100673,-5.425747531,360.413,5.0764,2.21189779,0.641554722,71.45,4,2,6,TRUE,668647,0.563156718,219979,1,0.265060241,1
CCC(=O)C(C#N)C(=O)Nc1ccc(-c2ccc(F)cc2C)c(C(=O)OC)c1,50707378,49,-9.234127043,-10.91610322,382.391,3.6451,2.853242599,0.607667463,96.26,5,1,6,TRUE,51236261,0.575975976,50707378,1,0.068181818,1
CCOC(=O)c1sc(Nc2ccc(C)c(F)c2)nc1-c1ccccc1,50312270,49,-7.965341783,-6.324549109,356.422,5.17792,2.054104324,0.640244673,51.22,5,1,5,TRUE,CHEMBL3982626,0.544125977,50312270,1,0.243589744,1
Cc1ncnc(C)c1NC(=O)c1cc(F)c(-n2nc3n(c2=O)CCCC3)cc1OC(C)C1CCCCC1,1020522,49,-8.215708162,-12.58121291,508.598,4.51614,3.548958038,0.52525251,103.93,8,1,6,TRUE,1156145,0.537852593,1020522,1,0.10619469,1
CCC(O)=C(C#N)C(=O)Nc1ccc(-c2ccc(F)cc2C)c(C(=O)OC)c1,CHEMBL1929443,49,-9.587328917,-14.2470314,382.391,4.2719,2.548254103,0.3481139,99.42,5,2,5,FALSE,51273776,0.595986858,CHEMBL1929443,1,0.125,1
CC(Oc1cc(-n2nc(CO)n(C)c2=O)c(F)cc1C(=O)Nc1c(F)cccc1F)C(F)(F)F,1098708,49.8,-9.7123937,-11.6536946,490.36,3.0625,3.351669117,0.518041742,98.38,7,2,6,TRUE,51379174,0.523945675,1098708,1,0.2125,1
CC(Oc1cc(-n2nc(C3CCC3)n(C)c2=O)c(F)cc1C(=O)Nc1c(F)cccc1F)C(F)(F)F,972516,50,-10.79655298,-12.16829156,514.426,4.8377,3.372755502,0.478063568,78.15,6,1,6,TRUE,675643,0.550473613,972516,1,0.155339806,1
CN(C)c1ccc(-c2ccc(NC(=O)C3=C(C(=O)O)CCC3)cc2Cl)cc1,50251726,50,-9.479188581,-10.32982422,384.863,4.5766,2.318716731,0.791352505,69.64,3,2,5,TRUE,50990880,0.580433195,50251726,1,0.210526316,1
Cc1cc(C(=O)O)c2nc(-c3c(F)c(F)c(-c4ccsc4)c(F)c3F)[nH]c2c1,297841,50,-8.017580912,-9.717486958,406.36,5.52142,2.925143808,0.347735021,65.98,3,2,3,TRUE,50082577,0.531344323,297841,1,0.08988764,1
COc1cncc(NC(=O)c2cc(F)c(-n3nc4n(c3=O)CCCC4)cc2OC(C)C2CCCCC2)c1C,1020505,50,-8.466726063,-9.950004316,523.609,4.82132,3.526565961,0.476619923,100.27,8,1,7,TRUE,645168,0.572884013,1020505,1,0.129032258,1
Cc1c(NC(=O)c2cc(F)c(-n3nc4n(c3=O)CCCC4)cc2OC(C)C(F)(F)F)cccc1C(F)(F)F,1020418,50,-11.89981348,-12.80624788,546.443,5.41852,3.461863086,0.434028876,78.15,6,1,5,FALSE,51111946,0.504008847,1020418,1,0.123809524,1
CCn1c(C(=O)O)nn(-c2ccc(C(=O)Nc3c(F)cccc3Cl)c(OC(C)C(F)F)c2)c1=O,972679,50,-9.388533719,-13.39629605,498.845,3.8293,3.43558015,0.487519623,115.45,7,2,8,TRUE,578519,0.525901697,972679,1,0.139344262,1
CCn1c(CO)nn(-c2cc3c(C(C)C)cn(CC4CC4)c(=O)c3cc2F)c1=O,1226104,50.9,-9.22521951,-12.44984656,400.454,2.5336,2.986901533,0.689417077,82.05,7,1,6,TRUE,809496,0.554584222,1226104,1,0.127272727,1
O=C(O)c1cc(-c2ccc(-c3ccccc3)cc2)nc2ccccc12,51126177,51,-9.470970299,-6.282257993,325.367,5.267,1.66597347,0.558243737,50.19,2,1,3,TRUE,50082577,0.532299115,51126177,1,0.121621622,1
Cc1cc(=O)n2[nH]c(SCc3cc(Cl)ccc3Cl)nc2n1,50970246,51,-7.715246787,-10.4708323,341.223,3.32512,2.652081169,0.742538718,63.05,5,1,3,TRUE,675357,0.507130348,50970246,1,0.064102564,1
Cc1cc(O)n2nc(SCc3cc(Cl)ccc3Cl)nc2n1,CHEMBL2177858,51,-8.219172284,-10.4708323,341.223,3.73742,2.639654833,0.735542493,63.31,6,1,3,TRUE,51085918,0.529419355,50970246,1,0.095890411,1
COC(=O)c1ccc2cc(CCCCc3c(C(=O)O)[nH]c(=O)[nH]c3=O)ccc2c1.NCCO,50555381,52,-10.64495795,-10.6007278,457.483,1.204,2.605734892,0.247525753,175.57,7,5,8,TRUE,667065,0.511788105,50555381,1,0.1,1
CCC(=O)C(C#N)C(=O)Nc1ccc(-c2ccccc2Cl)c(C(=O)OC)c1,50707371,52,-8.467437651,-9.077984598,384.819,3.85098,2.765441923,0.602307235,96.26,5,1,6,TRUE,51236261,0.58220926,50707371,1,0.134146341,1
Cc1nn(-c2cc(OC(C)c3ccccc3)c(C(=O)Nc3c(F)cccc3F)cc2F)c(=O)n1C(C)C,972446,52,-10.35016925,-13.76644859,510.516,5.73292,3.162504088,0.34437842,78.15,6,1,7,TRUE,651546,0.550418639,972446,1,0.132075472,1
CCC(O)=C(C#N)C(=O)Nc1ccc(-c2ccccc2Cl)c(C(=O)OC)c1,CHEMBL1929436,52,-8.312164103,-14.0521819,384.819,4.47778,2.46347565,0.342470169,99.42,5,2,5,FALSE,795437,0.600405451,CHEMBL1929436,1,0.182795699,1
COc1cccc(-c2cc(F)c(Nc3ncccc3C(=O)O)c(F)c2)c1F,CHEMBL2263642,52.97,-8.767528275,-8.340834921,374.318,4.6163,2.335638577,0.682103466,71.45,4,2,5,TRUE,669109,0.511807643,CHEMBL2263642,1,0.15625,1
N#CC(C(=O)Nc1ccc(-c2ccccc2)cc1)C(=O)C1CC1,52786,53,-8.028564684,-10.80979887,304.349,3.41098,2.488282607,0.86049865,69.96,3,1,5,TRUE,1071444,0.545261581,52786,1,0.21875,1
Cc1ccc(Nc2cnc(-c3ccccc3)c(C)c2)c(C(=O)O)c1,219997,53,-7.940233005,-7.588277847,318.376,4.80724,1.990789365,0.724584618,62.22,3,2,4,TRUE,558766,0.526809809,219997,1,0.126436782,1
N#CC(C(=O)Nc1ccc(-c2ccccc2)cc1)=C(O)C1CC1,CHEMBL142996,53,-7.887510109,-11.20919558,304.349,4.03778,2.141194684,0.508448101,73.12,3,2,4,FALSE,50529312,0.530103645,CHEMBL142996,1,0.12345679,1
Cc1ccc2nc(-c3ccc(-c4cccnc4Cl)cc3)c(C)c(C(=O)O)c2c1,51126191,54,-8.990427223,-10.48896264,388.854,5.93224,2.235689726,0.441456186,63.08,3,1,3,FALSE,CHEMBL3924809,0.581595807,51126191,1,0.227848101,1
Cc1c(-c2ccc(-c3cccnc3Cl)cc2)nc2ccccc2c1C(=O)O,51126214,54,-8.621884514,-8.942813145,374.827,5.62382,2.134569718,0.472273223,63.08,3,1,3,FALSE,50529312,0.550375608,51126214,1,0.192771084,1
CC(O)c1nn(-c2cc(OC(C)C(F)(F)F)c(C(=O)Nc3c(F)cccc3F)cc2F)c(=O)n1C,972553,54.3,-11.17751754,-13.51258041,504.387,3.6235,3.696953914,0.500122517,98.38,7,2,6,TRUE,667131,0.5771696,972553,1,0.148514851,1
COc1cc(C)c(NC(=O)c2cc(F)c(-n3nc4n(c3=O)CCCC4)cc2OC(C)C(F)(F)F)cn1,1020436,54.3,-9.146992321,-10.10082118,509.46,3.80332,3.483695145,0.507728775,100.27,8,1,6,TRUE,478124,0.584344834,1020436,1,0.221238938,1
Cc1ccc(C(=O)NC2CCCc3c2cnn3-c2ccccc2F)nc1,51334942,55,-10.93046851,-10.614272,350.397,3.52222,2.806655637,0.786140247,59.81,4,1,3,TRUE,CHEMBL4463098,0.533840948,51334942,1,0.094117647,1
CC(Oc1cc(-n2nc3ccccn3c2=O)c(F)cc1C(=O)Nc1c(F)cccc1F)c1ccccc1,1020622,55,-9.602912231,-14.1644593,504.468,5.2948,3.089667928,0.340785116,77.63,6,1,6,TRUE,651509,0.551796462,1020622,1,0.153153153,1
CC(Oc1cc(-n2nc3n(c2=O)CCCC3)c(F)cc1C(=O)NC1(c2ccc(F)cc2)CC1)C(F)(F)F,1020493,55,-10.19652814,-13.43259314,522.474,4.3972,3.524169699,0.487326624,78.15,6,1,6,TRUE,CHEMBL3596636,0.572500469,1020493,1,0.181818182,1
CCc1nn(-c2cc(OC(C)c3ccccc3)c(C(=O)Nc3cccc(C(=O)NC4CC4)c3)cc2F)c(=O)n1C,972666,55,-10.80751602,-14.3115372,543.599,4.557,3.128443052,0.322014471,107.25,7,2,9,TRUE,578603,0.548373679,972666,1,0.169354839,1
CC(C)CC(C)Oc1cc(-n2nc(C(C)C)n(C)c2=O)c(F)cc1C(=O)NC1CCNCC1,972637,55,-6.882020375,-13.36283465,461.582,3.1287,3.423341039,0.630472009,90.18,7,2,8,TRUE,701136,0.540340489,972637,1,0.166666667,1
Cc1nc2c(C(=O)O)cc(-c3ccc(-c4ccccc4F)cc3)cc2[nH]1,1045584,55,-8.423171398,-8.857933484,346.361,5.04262,2.171493523,0.545862818,65.98,2,2,3,TRUE,CHEMBL3924809,0.546349664,1045584,1,0.179487179,1
COc1cccc(-c2ccc(-c3cc(C(=O)O)c4nc(C)[nH]c4c3)cc2)c1,1045585,55,-8.268490983,-11.12422985,358.397,4.91212,2.163125163,0.543296158,75.21,3,2,4,TRUE,50748343,0.524443978,1045585,1,0.136363636,1
Cc1nc2c(C(=O)O)cc(-c3ccc(-c4cccc(OCc5ccccc5)c4)cc3)cc2[nH]1,1045586,55,-11.47271595,-9.920185514,434.495,6.48252,2.221289603,0.320576663,75.21,3,2,6,TRUE,50092325,0.58256513,1045586,1,0.172413793,1
Cc1nc2c(C(=O)O)cc(-c3ccc(-c4cccc(O)c4)cc3)cc2[nH]1,1045587,55,-7.991747713,-8.864017997,344.37,4.60912,2.24143344,0.506456699,86.21,3,3,3,TRUE,CHEMBL3924809,0.531391201,1045587,1,0.166666667,1
Cc1nc2c(C(=O)O)cc(-c3ccc(-c4ccccc4OCc4ccccc4)cc3)cc2[nH]1,1045588,55,-10.76252678,-9.977601257,434.495,6.48252,2.224299699,0.320576663,75.21,3,2,6,TRUE,753571,0.564129203,1045588,1,0.133333333,1
COc1ccccc1-c1ccc(-c2cc(C(=O)O)c3nc(C)[nH]c3c2)cc1,1045589,55,-8.605090403,-8.640780644,358.397,4.91212,2.160954733,0.543296158,75.21,3,2,4,TRUE,CHEMBL3924809,0.569553806,1045589,1,0.158536585,1
COc1cccc(-c2ccc(-c3cc(C(=O)O)c4nc(C)[nH]c4c3)cc2)c1F,1045591,55,-8.703460315,-9.409026212,376.387,5.05122,2.317604624,0.522510389,75.21,3,2,4,TRUE,669143,0.539235826,1045591,1,0.117647059,1
Cc1nc2c(C(=O)O)cc(-c3ccc(-c4ccccc4O)cc3)cc2[nH]1,1045592,55,-7.000715416,-8.518704352,344.37,4.60912,2.239826163,0.506456699,86.21,3,3,3,TRUE,CHEMBL3924809,0.549187237,1045592,1,0.166666667,1
Cc1nc2c(C(=O)O)cc(-c3ccc(-c4cccc(CN5CCS(=O)(=O)CC5)c4)cc3)cc2[nH]1,1045594,55,-10.21434834,-9.329097193,475.57,4.13392,2.60844501,0.44982323,103.36,5,2,5,TRUE,766139,0.55297466,1045594,1,0.169811321,1
Cc1nc2c(C(=O)O)cc(-c3ccc(-c4cccc(CNC(C)(C)C)c4)cc3)cc2[nH]1,1045595,55,-5.071885482,-6.04715235,413.521,5.79162,2.40241617,0.386811001,78.01,3,3,5,TRUE,51267457,0.562517993,1045595,1,0.12962963,1
Cc1nc2c(C(=O)O)cc(-c3ccc(-c4ccccc4CN4CCCCC4)cc3)cc2[nH]1,1045596,55,-7.297597132,-9.735733085,425.532,5.88942,2.339490775,0.418299653,69.22,3,2,5,TRUE,669291,0.545605631,1045596,1,0.116504854,1
Cc1nc2c(C(=O)O)cc(-c3ccc(-c4ccccc4CN4CCOCC4)cc3)cc2[nH]1,1045597,55,-9.992642912,-9.071350466,427.504,4.73572,2.388245613,0.481189384,78.45,4,2,5,TRUE,50748436,0.560627407,1045597,1,0.153846154,1
Cc1nc2c(C(=O)O)cc(-c3c(F)c(F)c(-c4cccc(CNC(C)C)c4)c(F)c3F)cc2[nH]1,1045603,55,-6.523561954,-8.961596734,471.454,5.95792,2.861187048,0.23963989,78.01,3,3,6,TRUE,51267457,0.5408665,1045603,1,0.105263158,1
Cc1nc2c(C(=O)O)cc(-c3c(F)c(F)c(-c4ccc(CN5CCCC5)cc4)c(F)c3F)cc2[nH]1,1045606,55,-8.383614348,-9.392544869,483.465,6.05572,2.766350797,0.267676305,69.22,3,2,5,TRUE,50092387,0.549679027,1045606,1,0.133333333,1
Cc1nc2c(C(=O)O)cc(-c3ccc(-c4cccc(CO)c4)cc3)cc2[nH]1,1045612,55,-8.793419086,-9.629121269,358.397,4.39582,2.254310178,0.504718064,86.21,3,3,4,TRUE,50082665,0.525596113,1045612,1,0.147727273,1
Cc1nc2c(C(=O)O)cc(-c3ccc(-c4c(C)cccc4C)cc3)cc2[nH]1,1045615,55,-9.1269933,-9.002923956,356.425,5.52036,2.283070901,0.507764037,65.98,2,2,3,TRUE,CHEMBL3982626,0.562893789,1045615,1,0.219178082,1
CCCC(C)Oc1cc(-n2nc(C(C)O)n(C)c2=O)c(F)cc1C(=O)NC(CC)CC,1098791,55,-7.674212621,-11.30930761,436.528,3.2492,3.664383736,0.595774893,98.38,7,2,10,TRUE,668639,0.504756523,1098791,1,0.12,1
Cc1cc(C(=O)O)c2nc(-c3c(F)c(F)c(-c4ccc(NC(=O)C5CCCN5)cc4)c(F)c3F)[nH]c2c1,297787,56,-9.020314065,-9.741643381,512.463,5.15042,3.345543929,0.218625352,107.11,4,4,5,TRUE,1133003,0.481797397,297787,1,0.176470588,1
O=C1c2ccccc2C(=O)c2c1nnn2-c1ccc(-c2cccc(F)c2)cc1,51338189,56,-8.875948872,-8.171634501,369.355,3.8488,2.275274211,0.474112683,64.85,5,0,2,FALSE,558766,0.524896498,51338189,1,0.078651685,1
CCCC(C)Oc1cc(-n2nc(CC)n(C)c2=O)c(F)cc1C(=O)Nc1cccc(C(F)(F)F)c1,1098624,56.8,-11.28174485,-13.78196677,494.489,5.111,3.198492599,0.441681515,78.15,6,1,8,TRUE,50529301,0.524507558,1098624,1,0.161904762,1
O=C(O)c1cc(C2CC2)ccc1Nc1cnc(-c2ccccc2C2CC2)nc1,219981,57,-9.19401401,-8.278018425,371.44,5.3402,2.411073699,0.61158995,75.11,4,2,6,TRUE,669271,0.518481717,219981,1,0.090909091,1
Cc1ccc(Nc2cnc(-c3ccccc3Cl)nc2)c(C(=O)O)c1,220019,57,-8.717443723,-8.897261527,339.782,4.54722,2.086975338,0.729087139,75.11,4,2,4,TRUE,558766,0.558408982,220019,1,0.125,1
O=C(O)c1cc(C2CC2)ccc1Nc1cnc(-c2c(F)cc(O)cc2F)nc1,219978,57,-7.796705531,-8.269819906,383.354,4.4466,2.629893343,0.602637473,95.34,5,3,5,TRUE,51222700,0.55760479,219978,1,0.1125,1
O=C(O)c1cc(-c2ccc(Cl)c(Cl)c2)nc2ccc(Br)cc12,CHEMBL3818640,57.1,-7.834895391,-7.695606128,397.055,5.6693,1.966832815,0.606579043,50.19,2,1,2,TRUE,51109455,0.498920553,CHEMBL3818640,1,0.13253012,1
CCCC(C)Oc1cc(-n2nc3n(c2=O)CCCC3)c(F)cc1C(=O)Nc1ccccc1N,1020400,57.8,-8.315766267,-12.64298255,453.518,3.9113,3.181065704,0.528023939,104.17,7,2,7,TRUE,644807,0.500090139,1020400,1,0.194690265,1
CCOC(=O)c1sc(Nc2ccc(C)c(C)c2)nc1-c1ccccc1,50312271,58,-8.54173551,-6.032624409,352.459,5.34724,2.013757412,0.629162086,51.22,5,1,5,TRUE,50529404,0.557661927,50312271,1,0.108433735,1
O=C(O)C1=C(C(=O)Nc2c(F)c(F)c(-c3cccc(OC(F)(F)F)c3)c(F)c2F)COC1,50319906,58,-10.42115406,-11.32445281,465.277,4.1585,3.036974086,0.512058536,84.86,4,2,5,FALSE,50082594,0.594886364,50319906,1,0.085106383,1
CC(Oc1cc(-n2nc3n(c2=O)CCCN3C)c(F)cc1C(=O)Nc1c(F)cccc1F)C(F)(F)F,1020648,58,-9.626234461,-12.80130538,515.414,3.8731,3.52955814,0.522238952,81.39,7,1,5,TRUE,351299,0.587070472,1020648,1,0.144230769,1
CCN(N=Cc1ccccc1C(=O)O)c1nc(-c2ccccc2Cl)cs1,1001111,58.7,-10.21526116,-10.4907958,385.876,5.0221,2.57968188,0.477457309,65.79,5,1,6,FALSE,50382180,0.562786135,1001111,1,0.189473684,1
CCOc1cccc(-c2ccc(NC(=O)C(C#N)C(=O)CC)cc2C(=O)OC)c1,50707383,59,-7.104687389,-11.19744542,394.427,3.59628,2.790707223,0.541681466,105.49,6,1,8,TRUE,667112,0.557848719,50707383,1,0.13592233,1
CCOc1cccc(-c2ccc(NC(=O)C(C#N)=C(O)CC)cc2C(=O)OC)c1,CHEMBL1929448,59,-6.804264784,-11.46190498,394.427,4.22308,2.480127614,0.314906864,108.65,6,2,7,FALSE,651472,0.525553755,CHEMBL1929448,1,0.162790698,1
Cc1cc(C(=O)O)c2[nH]c(-c3c(F)c(F)c(-c4ccccc4OCc4ccccc4)c(F)c3F)nc2c1,297802,60,-9.742188125,-8.536336417,506.455,7.03892,2.749656264,0.191394038,75.21,3,2,6,TRUE,51107457,0.542126284,297802,1,0.15625,1
Cc1cc(F)ccc1NC(=O)c1cc(F)c(-n2nc3n(c2=O)CCOC3)cc1OC(C)C(F)(F)F,1020583,60,-10.26436073,-13.2316915,498.408,3.73272,3.434109441,0.542123588,87.38,7,1,5,TRUE,50489156,0.57696167,1020583,1,0.141509434,1
CC(Oc1cc(-n2nc3n(c2=O)CCOC3)c(F)cc1C(=O)Nc1ccccc1C(F)F)C(F)(F)F,1020586,60,-12.05687026,-13.45249182,516.398,4.2228,3.592714726,0.496144789,87.38,7,1,6,TRUE,667131,0.601923864,1020586,1,0.180952381,1
Cc1cc(C)c(NC(=O)c2cc(F)c(-n3nc4n(c3=O)CCOC4)cc2OC(C)C(F)(F)F)c(Cl)n1,1020600,60,-10.13202241,-13.00563059,529.878,3.95044,3.675438673,0.396728755,100.27,8,1,5,FALSE,795442,0.556006082,1020600,1,0.128712871,1
CC(Oc1cc(-n2nc3n(c2=O)CCCC3C(=O)O)c(F)cc1C(=O)Nc1c(F)cccc1Cl)C(F)(F)F,1020658,60,-9.886553007,-12.12987821,560.863,4.5095,3.874303709,0.428785,115.45,7,2,6,TRUE,596177,0.53476431,1020658,1,0.198275862,1
CSc1nn(-c2cc(OC(C)C(F)(F)F)c(C(=O)Nc3c(F)cccc3F)cc2F)c(=O)n1C,972557,60,-9.196802375,-11.75412402,506.428,4.2921,3.383568525,0.398830551,78.15,7,1,6,TRUE,51379174,0.516843455,972557,1,0.230769231,1
CCCC(C)Oc1cc(-n2nc(CO)n(C)c2=O)c(F)cc1C(=O)NC(CC)CC,972602,60,-7.40836349,-10.6369428,422.501,2.6882,3.313671121,0.613455396,98.38,7,2,10,TRUE,50529316,0.496379648,972602,1,0.103092784,1
CC(Oc1cc(-n2nc3ccccn3c2=O)c(F)cc1C(=O)Nc1c(F)cccc1F)C(F)(F)F,1020608,61,-11.64927203,-12.06537894,496.367,4.4844,3.264935403,0.413574807,77.63,6,1,5,TRUE,667131,0.588752197,1020608,1,0.156862745,1
Cc1ccc(Nc2cc(Cl)cnc2-c2ccccc2)c(C(=O)O)c1,219983,62,-3.920165416,-6.754138401,338.794,5.15222,2.072998867,0.69000013,62.22,3,2,4,TRUE,795482,0.542723553,219983,1,0.202380952,1
CC(Oc1cc(-n2nc(C(N)=O)n(C)c2=O)c(F)cc1C(=O)Nc1c(F)cccc1F)C(F)(F)F,972689,63,-9.29728771,-12.62676066,503.359,2.6691,3.435276687,0.501421205,121.24,7,2,6,TRUE,51379174,0.514815679,972689,1,0.2125,1
CC(O)=C(C#N)C(=O)Nc1ccc(C(F)(F)F)cc1,306827,64,-8.121008206,-9.291677856,270.21,2.99948,2.267229251,0.492603339,73.12,3,2,2,FALSE,51379169,0.530188057,306827,1,0.177419355,1
CC(Oc1cc(-n2nc3n(c2=O)CCCC3)c(F)cc1C(=O)Nc1cccc(C(F)(F)F)c1)C1CCCCC1,1020542,64,-10.91525847,-14.21615889,546.565,6.1281,3.340504679,0.377670782,78.15,6,1,6,TRUE,651562,0.533224448,1020542,1,0.221238938,1
CCCC(C)Oc1cc(-n2nc(CC)n(C)c2=O)c(F)cc1C(=O)Nc1ccccc1F,1098622,64.3,-11.40314479,-12.55703112,444.482,4.2313,3.085204149,0.564054233,78.15,6,1,8,TRUE,51111947,0.568712274,1098622,1,0.121212121,1
Cc1cnc(NC(=O)c2cc(F)c(-n3nc4n(c3=O)CCCC4)cc2OC(C)C2CCCCC2)c(C)n1,1020510,65,-8.598804509,-11.10615714,508.598,4.51614,3.531622653,0.52525251,103.93,8,1,6,TRUE,651562,0.570866494,1020510,1,0.162393162,1
CCc1nn(-c2cc(OC(C)c3ccccc3)c(C(=O)Nc3cc4cn[nH]c4cc3C)cc2F)c(=O)n1C,972668,65,-10.69982982,-15.04741085,514.561,4.84952,3.324847233,0.322976461,106.83,7,2,7,TRUE,701136,0.586175451,972668,1,0.193277311,1
CC(Oc1cc(-n2nc(Cl)n(C)c2=O)c(F)cc1C(=O)Nc1c(F)cccc1F)C(F)(F)F,972561,65,-10.76176522,-11.98292006,494.779,4.2236,3.381564746,0.538731974,78.15,6,1,5,FALSE,667131,0.581184087,972561,1,0.16,1
Cc1ccc(C(=O)NC2CCCc3c2cnn3-c2ccccc2C)nc1,993092,66,-9.618243727,-10.75498667,346.434,3.69154,2.777768868,0.786668932,59.81,4,1,3,TRUE,50388230,0.578296545,993092,1,0.152173913,1
CCC(=O)C(C#N)C(=O)Nc1ccc(-c2ccc3c(c2)OCCO3)c(C(=O)OC)c1,50707386,66,-10.2352353,-11.79918592,408.41,2.96878,2.944833148,0.577087709,114.72,7,1,6,TRUE,50388230,0.554542529,50707386,1,0.159574468,1
CCC(=O)C(C#N)C(=O)Nc1ccc(-c2ccc(F)cc2OC)c(C(=O)OC)c1,50707382,66,-7.20949932,-11.3846714,398.39,3.34528,2.870337418,0.566396914,105.49,6,1,7,TRUE,667118,0.533209762,50707382,1,0.151515152,1
CCC(O)=C(C#N)C(=O)Nc1ccc(-c2ccc(F)cc2OC)c(C(=O)OC)c1,CHEMBL1929447,66,-8.437184687,-11.48432084,398.39,3.97208,2.561102507,0.329821362,108.65,6,2,6,FALSE,51253482,0.564481309,CHEMBL1929447,1,0.147727273,1
CCC(O)=C(C#N)C(=O)Nc1ccc(-c2ccc3c(c2)OCCO3)c(C(=O)OC)c1,CHEMBL1929451,66,-10.2352353,-12.45638079,408.41,3.59558,2.629194912,0.33583716,117.88,7,2,5,FALSE,50388230,0.554542529,CHEMBL1929451,1,0.159574468,1
Cc1sc(NN=Cc2ccccc2C(=O)O)nc1-c1ccccc1Cl,CHEMBL3891218,66,-8.461033367,-9.759616165,371.849,4.91612,2.278390564,0.492949347,74.58,5,2,5,FALSE,558649,0.510827318,CHEMBL3891218,1,0.125,1
O=C1C(O)=C(CC=C(Cl)Cl)C(=O)c2ccccc21,51338158,67,-8.068460752,-7.774887249,283.11,3.5868,2.794359225,0.901964586,54.37,3,1,2,FALSE,51379177,0.520521173,51338158,1,0.152542373,1
COc1ccc2cccc(CCc3c(C(=O)O)[nH]c(=O)[nH]c3=O)c2c1.NCCO,50555395,68,-8.228715692,-8.040747044,401.419,0.6458,2.565901338,0.405336592,158.5,6,5,6,TRUE,488723,0.552945472,50555395,1,0.168674699,1
CCCC(C)Oc1cc(-n2nc(CC)n(C)c2=O)c(F)cc1C(=O)Nc1ccc(C)cc1,972507,70,-11.1495109,-13.25427089,440.519,4.40062,3.041396806,0.563172135,78.15,6,1,8,TRUE,51111947,0.60414328,972507,1,0.15625,1
O=C(O)C1=C(C(=O)Nc2ccc(-c3ccc(Br)cc3)c(Cl)c2)CCC1,50251718,70,-10.78407649,-10.44656001,420.69,5.2731,2.245492994,0.707589156,66.4,2,2,4,TRUE,51043981,0.515144766,50251718,1,0.12987013,1
CC(Oc1cc(-n2nc3n(c2=O)CCOC3)c(F)cc1C(=O)Nc1c(F)cccc1F)C(F)(F)F,1020576,70,-9.37001502,-12.22294708,502.371,3.5634,3.499262807,0.539617648,87.38,7,1,5,TRUE,651509,0.552749027,1020576,1,0.194444444,1
CCc1nn(-c2cc(OC(C)C3CCCCC3)c(C(=O)Nc3ccnn3C)cc2F)c(=O)n1C,972662,70,-8.766104071,-9.846773591,470.549,3.6059,3.447274447,0.569204925,95.97,8,1,7,TRUE,651533,0.578942298,972662,1,0.137931034,1
CCc1nn(-c2cc(OC(C)c3ccccc3)c(C(=O)Nc3ccccc3C(F)F)cc2F)c(=O)n1C,972667,70,-11.22727366,-14.10060212,510.516,5.6024,3.230770068,0.334692636,78.15,6,1,8,TRUE,644861,0.576732442,972667,1,0.151785714,1
CCn1c(CO)nn(-c2cc3c(C(C)C)cn(-c4nnccc4C)c(=O)c3cc2F)c1=O,1226089,70.7,-6.861602081,-12.88846455,438.463,2.21122,3.234948106,0.511927048,107.83,9,1,5,TRUE,596177,0.539331945,1226089,1,0.104347826,1
CCCC(C)Oc1cc(-n2nc(CC)n(C)c2=O)c(F)cc1C(=O)Nc1ccc(C(F)(F)F)cc1,1098628,71.6,-10.31729494,-13.53753693,494.489,5.111,3.17756596,0.441681515,78.15,6,1,8,TRUE,701136,0.53702854,1098628,1,0.218181818,1
CCNC(=O)Nc1ccc(S(=O)(=O)Oc2ccccc2CC)cc1,51383905,72,-10.05822948,-9.597063694,348.424,3.1581,1.975501461,0.785491842,84.5,4,2,6,TRUE,826818,0.535878868,51383905,1,0.129411765,1
CCC(=O)C(C#N)C(=O)Nc1ccc(-c2ccccc2)c(C(=O)OC)c1,50707369,73,-7.992547206,-13.22413578,350.374,3.19758,2.652786407,0.637336645,96.26,5,1,6,TRUE,795452,0.587309276,50707369,1,0.119047619,1
CCC(O)=C(C#N)C(=O)Nc1ccc(-c2ccccc2)c(C(=O)OC)c1,CHEMBL1929434,73,-7.992547206,-13.22413578,350.374,3.82438,2.354010259,0.369462023,99.42,5,2,5,FALSE,795452,0.587309276,50707369,1,0.119047619,1
Cc1ccc(-c2ccc(-c3nc4ccc(Cl)cc4c(C(=O)O)c3C)cc2)c(Cl)n1,51126194,74,-5.580327406,-9.05996083,423.299,6.58564,2.328680306,0.377989689,63.08,3,1,3,FALSE,668947,0.482973621,51126194,1,0.197674419,1
C=C1CCC(O)C(C)(C)C1CCC(C)=CCc1c(O)c(Cl)c(C)c(C=O)c1O,51423324,74,-10.80898381,-7.807752203,406.95,5.49442,4.155492484,0.430538154,77.76,4,3,6,FALSE,50082663,0.530396285,51423324,1,0.069306931,1
Cc1c(-c2ccc(-c3ccccc3F)cc2)nc2ccc(F)cc2c1C(=O)C(F)(F)F,51370190,74,-9.905694528,-8.178199845,427.372,6.90042,2.334229822,0.262957462,29.96,2,0,3,TRUE,809503,0.515640274,51370190,1,0.094339623,1
Cc1c(-c2ccc(-c3ccccc3)cc2)nc2ccccc2c1C(=O)O,51126188,75,-8.344775956,-10.33643322,339.394,5.57542,1.81696672,0.530258319,50.19,2,1,3,TRUE,50082652,0.571926332,51126188,1,0.102564103,1
Cc1ccc(F)cc1NC(=O)c1cc(F)c(-n2nc3n(c2=O)CCOC3)cc1OC(C)C(F)(F)F,1020584,75,-10.62532303,-12.1495055,498.408,3.73272,3.431191653,0.542123588,87.38,7,1,5,TRUE,51379175,0.503628118,1020584,1,0.193181818,1
CCCC(C)Oc1cc(-n2nc3n(c2=O)CCOC3)c(F)cc1C(=O)Nc1cnc(OC)cc1C,1020604,75,-10.52388004,-9.924076917,485.516,3.23502,3.521697197,0.521673085,109.5,9,1,8,TRUE,351212,0.586348338,1020604,1,0.106796117,1
Cc1ccncc1NC(=O)c1cc(F)c(-n2nc3n(c2=O)CCCC3)cc1OC(C)C(F)(F)F,1020469,75,-9.683243044,-11.65329589,479.434,3.79472,3.39092688,0.562607131,91.04,7,1,5,TRUE,351226,0.55681264,1020469,1,0.169811321,1
Cc1nccnc1NC(=O)c1cc(F)c(-n2nc3n(c2=O)CCCC3)cc1OC(C)C1CCCCC1,1020517,75,-7.164358837,-10.03439482,494.571,4.20772,3.488532921,0.550667695,103.93,8,1,6,TRUE,651509,0.58361933,1020517,1,0.153846154,1
CCn1c(CO)nn(-c2ccc3c(=O)n(-c4cccc(F)c4)cc(C(C)C)c3c2)c1=O,1225991,75.9,-7.760581569,-12.97626354,422.46,3.1128,2.777482237,0.535847864,82.05,7,1,5,TRUE,795460,0.523496241,1225991,1,0.147368421,1
CCC(=O)C(C#N)C(=O)Nc1ccc(-c2ccc3c(c2)OCO3)c(C(=O)OC)c1,50707384,76,-9.517349272,-11.81339368,394.383,2.92628,2.918267138,0.591568005,114.72,7,1,6,TRUE,701355,0.568163729,50707384,1,0.147368421,1
CC(C)c1ccc(-c2c(F)cc(-n3nnc4c3C(=O)c3ccccc3C4=O)cc2F)cc1,51338197,76,-7.867368501,-8.439573377,429.426,5.1113,2.587749435,0.399769818,64.85,5,0,3,FALSE,558814,0.538756797,51338197,1,0.094736842,1
CCC(O)=C(C#N)C(=O)Nc1ccc(-c2ccc3c(c2)OCO3)c(C(=O)OC)c1,CHEMBL1929449,76,-9.517349272,-11.81339368,394.383,3.55308,2.606376033,0.344492222,117.88,7,2,5,FALSE,701355,0.568163729,50707384,1,0.147368421,1
Cc1ccc(Nc2ccc(-c3c(F)ccc(F)c3F)nc2)c(C(=O)O)c1,220028,77,-9.505259382,-9.044463912,358.319,4.91612,2.274164105,0.650297975,62.22,3,2,4,TRUE,50082585,0.564932658,220028,1,0.12195122,1
COC(=O)c1ccc2cc(CCc3c(C(=O)O)[nH]c(=O)[nH]c3=O)ccc2c1.NCCO,CHEMBL3960727,77.5,-9.196164638,-9.758090825,429.429,0.4238,2.583916341,0.350276498,175.57,7,5,6,TRUE,558649,0.560931082,CHEMBL3960727,1,0.127906977,1
CCOc1cccc(-c2cc(C)c(Nc3ccc(C)cc3C(=O)O)cn2)c1,219992,78,-9.213856956,-8.237022352,362.429,5.20594,2.144434464,0.630018581,71.45,4,2,6,TRUE,651472,0.565970218,219992,1,0.182926829,1
Cc1cc(C(=O)O)c2nc(-c3c(F)c(F)c(-c4ccc(CN5CCCCC5)cc4)c(F)c3F)[nH]c2c1,297785,78,-5.737344184,-12.05035813,497.492,6.44582,2.754541725,0.24579221,69.22,3,2,5,TRUE,CHEMBL3924809,0.496114117,297785,1,0.168539326,1
Cc1cc(C(=O)O)c2c(c1)nc(-c1c(F)c(F)c(-c3ccc(O)cc3)c(F)c1F)n2CCO,297796,78,-8.405839047,-8.238380008,460.383,4.63122,2.874210276,0.298210226,95.58,5,3,5,TRUE,669143,0.546601942,297796,1,0.15,1
Cc1c(-c2ccc(-c3cccnc3F)cc2)nc2ccc(F)cc2c1C(=O)O,51126190,79,-8.962018112,-10.8922826,376.362,5.24862,2.25822215,0.496268109,63.08,3,1,3,TRUE,50529312,0.543203082,51126190,1,0.186046512,1
CCCC(C)Oc1cc(-n2nc(CC)n(C)c2=O)c(F)cc1C(=O)NC(C)C1CCCCC1,972487,80,-9.810815089,-12.97543022,460.594,4.5385,3.563699385,0.596018046,78.15,6,1,9,TRUE,651562,0.524560613,972487,1,0.159292035,1
CC(C)(C)c1ccc(-c2ccc(NC(=O)C3=C(C(=O)O)CCC3)cc2Cl)cc1,50251713,80,-10.4406938,-11.02110251,397.902,5.8081,2.314986965,0.683768695,66.4,2,2,4,TRUE,1137258,0.530821918,50251713,1,0.175,1
COc1ncnc(OC)c1NC(=O)c1cc(F)c(-n2nc3n(c2=O)CCCC3)cc1OC(C)C1CCCCC1,1020509,80,-8.078747878,-2.927813516,540.596,3.9165,3.590618177,0.456329434,122.39,10,1,8,TRUE,1156280,0.511390937,1020509,1,0.112903226,1
COc1nccc(C)c1NC(=O)c1cc(F)c(-n2nc(CO)n(C)c2=O)cc1OC(C)C(F)(F)F,972581,80,-8.484462773,-12.68781729,499.421,2.49632,3.527142829,0.479496945,120.5,9,2,7,TRUE,51379174,0.509485714,972581,1,0.204545455,1
COc1nccc(C)c1NC(=O)c1cc(F)c(-n2nc3n(c2=O)CCCC3)cc1OC(C)CN(C)C,1020681,80,-7.718610781,-10.31216785,498.559,2.80262,3.493731103,0.509412424,103.51,9,1,8,TRUE,644807,0.511781584,1020681,1,0.203389831,1
CCn1c(CO)nn(-c2cc3c(C(C)C)cn(-c4cccnc4C)c(=O)c3cc2F)c1=O,1226125,80.4,-6.836468537,-13.44144415,437.475,2.81622,3.05821926,0.518130423,94.94,8,1,5,TRUE,50748338,0.505242528,1226125,1,0.148514851,1
CCc1nn(-c2cc(OC(C)c3ccccc3)c(C(=O)NC(CC)CC)cc2F)c(=O)n1C,972630,80.5,-8.23071303,-10.59782778,454.546,4.3309,3.161897624,0.522038246,78.15,6,1,9,TRUE,651562,0.518960992,972630,1,0.154545455,1
CCn1c(CO)nn(-c2ccc3c(=O)n(-c4cccc(F)c4)nc(C(C)C)c3c2)c1=O,1226007,80.7,-8.077209229,-12.50700634,423.448,2.5078,2.787573829,0.532275656,94.94,8,1,5,TRUE,795460,0.570150862,1226007,1,0.152173913,1
Cc1sc(NN=Cc2ccccc2C(=O)O)nc1-c1ccccc1,CHEMBL3968151,81,-8.428266542,-9.902715528,337.404,4.26272,2.154199359,0.538632954,74.58,5,2,5,FALSE,50387983,0.514235909,CHEMBL3968151,1,0.117647059,1
NCCO.O=C(O)c1[nH]c(=O)[nH]c(=O)c1CCc1ccc(OC(F)(F)F)cc1,50555407,82,-8.059632438,-7.562388733,405.329,0.3826,2.614154114,0.464654674,158.5,6,5,6,TRUE,51085918,0.549967679,50555407,1,0.130434783,1
C=C(C)c1nn(-c2c(F)cccc2Cl)c(=O)c2cc(OC)c(-n3nc(CO)n(CC)c3=O)cc12,1226018,82.6,-8.186334099,-12.6271424,485.903,3.0795,3.136220795,0.449852988,104.17,9,1,6,TRUE,795460,0.55465258,1226018,1,0.181818182,1
CCc1nn(-c2cccc(F)c2)c(=O)c2ccc(-n3nc(CO)n(CC)c3=O)cc12,1226009,83.5,-7.232914415,-12.01913532,409.421,1.9468,2.712108648,0.543680412,94.94,8,1,5,TRUE,CHEMBL3982626,0.517896275,1226009,1,0.1,1
Cc1cc(C(F)(F)F)ccc1NC(=O)c1cc(F)c(-n2nc3n(c2=O)CCCC3)cc1OC(C)C(F)(F)F,1020419,85,-10.68606974,-12.5284997,546.443,5.41852,3.394484744,0.434028876,78.15,6,1,5,FALSE,596218,0.524816573,1020419,1,0.198198198,1
CCCC(C)Oc1cc(-n2nc(CC)n(C)c2=O)c(F)cc1C(=O)Nc1ccc(OC)cc1,1098626,85.7,-10.54960344,-11.85812169,456.518,4.1008,3.040185367,0.523847738,87.38,7,1,9,TRUE,826796,0.552370064,1098626,1,0.087719298,1
CN(N=Cc1ccc(C(F)(F)F)cc1C(=O)O)c1nc(-c2ccccc2Cl)cs1,1001117,86.8,-10.69609374,-10.39591033,439.846,5.6508,2.690206652,0.411786906,65.79,5,1,5,FALSE,766132,0.636435599,1001117,1,0.133333333,1
COc1cccc(-c2cc(F)c(Nc3ncccc3C(=O)O)cc2F)c1,CHEMBL2263628,87.9,-8.534241268,-10.1624614,356.328,4.4772,2.154848457,0.705359808,71.45,4,2,5,TRUE,488718,0.537976219,CHEMBL2263628,1,0.243902439,1
O=C(NC1CCCc2c1cnn2-c1ccccc1F)c1nc2ccccc2o1,993101,88,-11.3089365,-11.303981,376.391,3.96,2.923889978,0.58739502,72.95,5,1,3,TRUE,50415882,0.569751381,993101,1,0.23255814,1
O=C(O)c1cccnc1Nc1c(F)cc(-c2cccc(OC3CCC3)c2)cc1F,CHEMBL2263630,89.95,-10.05702421,-7.456189256,396.393,5.3999,2.370858918,0.583746588,71.45,4,2,6,TRUE,50396826,0.60533449,CHEMBL2263630,1,0.131868132,1
CC(=O)C(C#N)C(=O)Nc1ccc(-c2ccccc2)cc1,52785,90,-8.54886174,-9.18254622,278.311,3.02088,2.328789195,0.873812133,69.96,3,1,4,TRUE,51111964,0.458885644,52785,1,0.178082192,1
Cc1ccc(Nc2ccc(-c3ccncc3F)nc2)c(C(=O)O)c1,220016,90,-8.405492927,-4.824941621,323.327,4.03292,2.204875338,0.757885426,75.11,4,2,4,TRUE,558766,0.572073721,220016,1,0.107526882,1
CC(Oc1cc(-n2nc(C(F)(F)F)n(C)c2=O)c(F)cc1C(=O)Nc1c(F)cccc1F)C(F)(F)F,972525,90,-9.176718177,-11.27163665,528.331,4.589,3.413110707,0.49201775,78.15,6,1,5,FALSE,51379174,0.496244025,972525,1,0.220779221,1
CC(C)c1nn(-c2cc(OC(C)C(F)(F)F)c(C(=O)Nc3ccccc3F)cc2F)c(=O)n1C,972533,90,-9.162666659,-11.76462557,484.425,4.5545,3.268006395,0.520942955,78.15,6,1,6,TRUE,351226,0.581464282,972533,1,0.2,1
COc1ccc(-c2cc(F)c(NC(=O)C3=C(C(=O)O)CCC3)c(F)c2)c(OC)c1,50251712,90,-8.379250279,-9.670570043,403.381,4.1526,2.483559729,0.756914353,84.86,4,2,6,TRUE,795452,0.541427122,50251712,1,0.1625,1
CC(Oc1cc(-n2nc3n(c2=O)CCCC3)c(F)cc1C(=O)NC1CCOCC1)C1CCCCC1,1020556,90,-8.17428769,-8.845939031,486.588,3.7658,3.399218048,0.671820112,87.38,7,1,6,TRUE,945858,0.589685694,1020556,1,0.132743363,1
CC(Oc1cc(-n2nc3n(c2=O)CCCC3)c(F)cc1C(=O)Nc1cccc(C(F)(F)F)c1CO)C1CCCCC1,1020570,90,-12.9772022,-13.09015193,576.591,5.6204,3.571000863,0.356045447,98.38,7,2,7,TRUE,651562,0.552109812,1020570,1,0.24137931,1
Cc1nccc(Cl)c1NC(=O)c1cc(F)c(-n2nc3n(c2=O)CCCOC3)cc1OC(C)C(F)(F)F,1020641,90,-8.547370531,-11.80364824,529.878,4.03212,3.709304936,0.500940118,100.27,8,1,5,TRUE,646385,0.537865446,1020641,1,0.201754386,1
Cc1ccnc(C)c1NC(=O)c1cc(F)c(-n2nc3n(c2=O)CCCC3)cc1OC(C)C(F)(F)F,1020447,90,-8.583442131,-11.71943961,493.461,4.10314,3.493450307,0.540731132,91.04,7,1,5,TRUE,51379174,0.534640826,1020447,1,0.211764706,1
CCCC(C)Oc1cc(-n2nc3n(c2=O)CCCC3)c(F)cc1C(=O)NC1CCN(c2cnccn2)CC1,1020395,90,-8.077405257,-11.08369914,523.613,3.2656,3.452811374,0.4829577,107.17,9,1,8,TRUE,578711,0.558343155,1020395,1,0.147286822,1
CC(O)=C(C#N)C(=O)Nc1ccc(-c2ccccc2)cc1,CHEMBL519160,90,-9.73992126,-12.00006918,278.311,3.64768,1.964063438,0.511074127,73.12,3,2,3,FALSE,667127,0.554774,CHEMBL519160,1,0.12,1
Cc1ccc(Nc2ccc(-c3ccccc3F)nc2)c(C(=O)O)c1,219996,91,-8.648677113,-6.628330202,322.339,4.63792,1.969551809,0.734455064,62.22,3,2,4,TRUE,558766,0.559883862,219996,1,0.10989011,1
CCc1nn(-c2cc(OC(C)C3CCCC3)c(C(=O)NC(CC)CC)cc2F)c(=O)n1C,1098780,92.9,-7.928175518,-10.68456893,446.567,4.1484,3.359745058,0.627745536,78.15,6,1,9,TRUE,644807,0.531439047,1098780,1,0.19047619,1
CCC(=O)C(C#N)C(=O)Nc1ccc(OS(=O)(=O)C(F)(F)F)c(C(=O)OC)c1,50707368,93,-5.967118807,-8.326523945,422.337,1.75898,3.11477658,0.303413796,139.63,8,1,7,TRUE,488739,0.540047048,50707368,1,0.155555556,1
CC(C)N(N=Cc1ccccc1C(=O)O)c1nc(-c2ccccc2Cl)cs1,CHEMBL3937185,93,-9.425733223,-8.003011598,399.903,5.4106,2.647878796,0.444174468,65.79,5,1,6,FALSE,558884,0.560272595,CHEMBL3937185,1,0.166666667,1
CCC(O)=C(C#N)C(=O)Nc1ccc(OS(=O)(=O)C(F)(F)F)c(C(=O)OC)c1,CHEMBL1929433,93,-6.792542586,-9.61845453,422.337,2.38578,2.814383519,0.177650765,142.79,8,2,6,FALSE,819837,0.541524847,CHEMBL1929433,1,0.147727273,1
O=C(NC1CCCc2c1cnn2-c1ccccc1)c1onc2c1CCCC2,51334963,95,-10.6758024,-10.65330251,362.433,3.5465,3.136733648,0.773305154,72.95,5,1,3,TRUE,50415882,0.562406534,51334963,1,0.146067416,1
O=C(O)c1cc(-c2ccc(Oc3ccccc3)cc2)nc2ccc(Cl)cc12,51064008,95,-9.186300475,-4.44281379,375.811,6.0457,1.853637204,0.471632919,59.42,3,1,4,TRUE,558811,0.554779867,51064008,1,0.108695652,1
Cc1cccc(F)c1NC(=O)c1cc(F)c(-n2nc3n(c2=O)CCOC3)cc1OC(C)CN1CCCC1,1020684,95,-9.363763938,-9.313207489,513.545,3.26622,3.487020895,0.521753195,90.62,8,1,7,TRUE,651509,0.572026572,1020684,1,0.159663866,1
Cc1ccccc1-n1ncc2c1CCCC2NC(=O)c1ncccc1C,993094,96,-10.14811383,-9.686174186,346.434,3.69154,2.798183637,0.786668932,59.81,4,1,3,TRUE,766095,0.572678099,993094,1,0.195652174,1
CC(Oc1cc(-n2nc3n(c2=O)CCCC3)c(F)cc1C(=O)Nc1cc(F)ccc1Cl)C(F)(F)F,1020468,96,-10.20283252,-11.02277205,516.854,4.8838,3.302960403,0.490172509,78.15,6,1,5,TRUE,351299,0.556839893,1020468,1,0.173076923,1
COc1ccc(F)c(-c2cc(C)c(Nc3ccc(C)cc3C(=O)O)cn2)c1,220002,97,-8.687345046,-7.496274814,366.392,4.95494,2.218911808,0.668076494,71.45,4,2,5,TRUE,651472,0.57753072,220002,1,0.197530864,1
CCC(=O)C(C#N)C(=O)Nc1ccc(-c2ccc(F)c(F)c2)c(C(=O)OC)c1,50707380,97,-9.207718761,-12.19049777,386.354,3.47578,2.84320596,0.605688512,96.26,5,1,6,TRUE,51253462,0.534865112,50707380,1,0.159090909,1
CCC(O)=C(C#N)C(=O)Nc1ccc(-c2ccc(F)c(F)c2)c(C(=O)OC)c1,CHEMBL1929445,97,-9.277200939,-12.19049777,386.354,4.10258,2.538217464,0.348774753,99.42,5,2,5,FALSE,795466,0.585119944,50707380,1,0.157303371,1
Cc1ccc(Nc2ccc(-c3cccc(C(F)(F)F)c3)nc2)c(C(=O)O)c1,219977,98,-9.950514837,-4.604551257,372.346,5.51762,2.112368423,0.633196252,62.22,3,2,4,TRUE,50082585,0.518714068,219977,1,0.137931034,1
O=C1c2cc(F)ccc2C(=O)c2c1nnn2-c1cc(F)c(-c2ccccc2F)c(F)c1,51338211,98,-9.484669625,-8.424438448,423.325,4.2661,2.681793359,0.398124391,64.85,5,0,2,FALSE,CHEMBL3982626,0.570133275,51338211,1,0.12195122,1
COc1cccc(-c2cc(F)c(Nc3ncccc3C(=O)O)cc2C)c1,51186839,99,-9.452140239,-10.23188698,352.365,4.64652,2.12642401,0.699462217,71.45,4,2,5,TRUE,50082665,0.544337545,51186839,1,0.184782609,1
CN(Cc1cccnc1)c1ccc(NC(=O)C2CC2)c(C(=O)O)c1,50565531,100,-3.642284026,-3.355836657,325.368,2.7647,2.108988717,0.853163249,82.53,4,2,6,TRUE,667143,0.536034999,50565531,1,0.138297872,1
CCCC(C)Oc1cc(-n2nc(CC)n(C)c2=O)c(F)cc1C(=O)Nc1ccccc1OC,972490,100,-9.153853587,-12.01030497,456.518,4.1008,3.068735832,0.523847738,87.38,7,1,9,TRUE,651540,0.508944295,972490,1,0.117117117,1
CCn1c(C2CC2)nn(-c2cc(OC(C)C(F)(F)F)c(C(=O)Nc3ccccc3F)cc2F)c1=O,972521,100,-9.248869237,-12.96296725,496.436,4.7914,3.237387174,0.477420731,78.15,6,1,7,TRUE,648733,0.55483988,972521,1,0.174311927,1
CC(C)=CCC1C(=O)C(=O)c2ccccc2C1=O,51282871,100,-7.789018683,-7.667872751,242.274,2.6072,2.974833097,0.454791321,51.21,3,0,2,FALSE,709045,0.403231431,51282871,1,0.15,1
COc1cccc(-c2ccc(-n3nnc4c3C(=O)c3ccccc3C4=O)cc2)c1,51338193,100,-8.458657949,-8.257864315,381.391,3.7183,2.259117119,0.476195366,74.08,6,0,3,FALSE,558814,0.526147043,51338193,1,0.107526882,1
COc1nccc(C)c1NC(=O)c1cc(F)c(-n2nc3n(c2=O)CCOC3)cc1OC(C)C(F)(F)F,1020597,100,-8.387267568,-12.76485455,511.432,2.99722,3.664172068,0.507042016,109.5,9,1,6,TRUE,646385,0.51232302,1020597,1,0.181034483,1
Cc1ccnc(Cl)c1NC(=O)c1cc(F)c(-n2nc3n(c2=O)CCOC3)cc1OC(C)C(F)(F)F,1020599,100,-9.210408724,-12.95112022,515.851,3.64202,3.629396461,0.41123135,100.27,8,1,5,FALSE,795460,0.550562937,1020599,1,0.163461538,1
CC(Oc1cc(-n2nc3n(c2=O)CCS3)c(F)cc1C(=O)Nc1c(F)cccc1F)C(F)(F)F,1020649,100,-11.3046424,-12.28077497,504.412,4.1389,3.521679697,0.528970073,78.15,7,1,5,TRUE,667131,0.587107472,1020649,1,0.152380952,1
CC(Oc1cc(-n2nc3n(c2=O)CCCC3)c(F)cc1C(=O)Nc1cccc(C(=O)N(C)C)c1)C1CCCCC1,1020503,100,-8.90401893,-13.5137828,549.647,4.8111,3.342609542,0.456156068,98.46,7,1,7,TRUE,51360043,0.567616538,1020503,1,0.150793651,1
COC(=O)c1c(-c2c(Cl)cccc2Cl)noc1-c1cnn(-c2cccc(Cl)c2)c1C(F)(F)F,51292544,103,-7.749250587,-12.13025403,516.69,6.9599,2.718389651,0.274285287,70.15,6,0,4,TRUE,CHEMBL3982626,0.517705242,51292544,1,0.141304348,1
O=C(O)C1=C(C(=O)Nc2cc(Br)c(OCc3c(F)cccc3Cl)c(Br)c2)CSC1,50319879,105,-9.845216996,-9.003840066,565.642,5.6496,2.820852037,0.4737137,75.63,4,2,6,TRUE,50529404,0.538604346,50319879,1,0.272727273,1
O=C(O)c1cc(C2CC2)ccc1Nc1cnc(-c2ccccc2)nc1,219976,105,-8.347692408,-7.740985237,331.375,4.4628,2.13279739,0.721603507,75.11,4,2,5,TRUE,558918,0.550560512,219976,1,0.117021277,1
O=C1C(O)=C(Nc2cccc(C(F)(F)F)c2)C(=O)c2ccccc21,51282849,108,-10.19100915,-8.571417907,333.265,3.9661,2.293014622,0.872735687,66.4,4,2,2,FALSE,51139224,0.502449837,51282849,1,0.104651163,1
Cc1ccc(Nc2ccc(-c3ccncc3Cl)nc2)c(C(=O)O)c1,219989,109,-8.292388953,-6.699467435,339.782,4.54722,2.181357238,0.729087139,75.11,4,2,4,TRUE,558766,0.566338772,219989,1,0.119565217,1
Cc1cnc(Nc2ccc(-c3cccc(OC(F)(F)F)c3)cc2F)c(C(=O)O)c1,CHEMBL2263636,109.9,-9.774828072,-8.660363358,406.335,5.53652,2.321509537,0.544897687,71.45,4,2,5,TRUE,558925,0.553092055,CHEMBL2263636,1,0.108910891,1
CC(Oc1cc(-n2nc3n(c2=O)CCCC3)c(F)cc1C(=O)Nc1ccc(F)cc1C#N)C(F)(F)F,1020429,110,-9.621048825,-13.02111645,507.419,4.10208,3.42923081,0.524287204,101.94,7,1,5,TRUE,50748310,0.520482355,1020429,1,0.161016949,1
Cc1ccc(C)n1-c1c(F)c(F)c(-c2nc3cccc(C(=O)O)c3[nH]2)c(F)c1F,297812,110,-9.5403132,-8.777114501,403.335,4.89204,2.935474464,0.377927052,70.91,3,2,3,FALSE,50489172,0.548245143,297812,1,0.134146341,1
O=C(O)C1=C(C(=O)Nc2cc(Br)c(OCc3c(F)cccc3Cl)c(Br)c2)CCC1,50319901,110,-10.33173101,-11.26264217,547.602,6.0867,2.618564922,0.45933909,75.63,3,2,6,TRUE,50529404,0.565193123,50319901,1,0.276315789,1
O=Cc1ccccc1CN=Nc1nc(-c2ccccc2)cs1,50971948,110,-9.70364698,-8.797483734,307.378,4.9065,2.641565251,0.496669601,54.68,5,0,5,FALSE,50082581,0.532012955,50971948,1,0.08974359,1
CCC(=O)C(C#N)C(=O)Nc1ccc(-c2ccc(F)cc2)c(C(=O)OC)c1,50707370,110,-9.049423455,-13.41763204,368.364,3.33668,2.720054604,0.62306594,96.26,5,1,6,TRUE,51253482,0.541608716,50707370,1,0.139534884,1
CCC(O)=C(C#N)C(=O)Nc1ccc(-c2ccc(F)cc2)c(C(=O)OC)c1,CHEMBL1929435,110,-9.049423455,-13.41763204,368.364,3.96348,2.418088332,0.360075876,99.42,5,2,5,FALSE,51253482,0.541608716,50707370,1,0.139534884,1
CCCc1nn(-c2cc(OC(C)C(F)(F)F)c(C(=O)Nc3c(F)cccc3F)cc2F)c(=O)n1C,1098710,113,-11.62806035,-12.42117666,502.415,4.5227,3.314869507,0.482237881,78.15,6,1,7,TRUE,558879,0.554688262,1098710,1,0.168224299,1
O=C(O)c1cc(C2CC2)ccc1Nc1cncc(-c2ccccc2)c1,219982,113,-6.216429136,-8.62361475,330.387,5.0678,2.081185852,0.68556235,62.22,3,2,5,TRUE,945828,0.501092582,219982,1,0.178571429,1
O=C(O)c1cc(C2CC2)ccc1Nc1cnc(-c2cccc(OC3CC3)c2)nc1,219985,114,-8.999674303,-9.70273674,387.439,5.004,2.407797266,0.593169465,84.34,5,2,7,TRUE,50082585,0.565800116,219985,1,0.120879121,1
Cc1cc(C(=O)O)c2nc(-c3c(F)c(F)c(-c4ccccc4)c(F)c3F)n(C)c2c1,297815,116,-7.780052911,-10.56859481,414.358,5.47032,2.692785102,0.357307951,55.12,3,1,3,TRUE,CHEMBL3924809,0.526062101,297815,1,0.210526316,1
Cc1c(-c2ccc(-c3ccccc3F)cc2)nc2ccc(F)cc2c1C(=O)NC#N,51370194,116,-10.26108701,-8.6712471,399.4,5.3663,2.394836929,0.372220228,65.78,3,1,3,TRUE,50529312,0.554308317,51370194,1,0.129032258,1
N#CC(C(=O)Nc1ccc(C(F)(F)F)cc1)C(=O)C1CC1,52784,117,-8.15307873,-11.79791906,296.248,2.76278,2.759706856,0.86847147,69.96,3,1,4,TRUE,51111986,0.50126369,52784,1,0.242857143,1
N#CC(C(=O)Nc1ccc(C(F)(F)F)cc1)=C(O)C1CC1,CHEMBL141732,117,-8.693691634,-8.464791055,296.248,3.38958,2.42382439,0.509894576,73.12,3,2,3,FALSE,51085908,0.504976427,CHEMBL141732,1,0.130434783,1
Cc1cc(C(=O)O)c2nc(-c3c(F)c(F)c(-c4ccc(F)cc4)c(F)c3F)[nH]c2c1,297836,118,-9.604587484,-10.23357742,418.321,5.59902,2.683975909,0.336328389,65.98,2,2,3,TRUE,795442,0.528835449,297836,1,0.157894737,1
Cc1ccc(Nc2cnc(N3CCCCCC3)c(C)c2)c(C(=O)O)c1,219988,119,-6.107271265,-1.701334271,339.439,4.52064,2.16349284,0.857118671,65.46,4,2,4,TRUE,50388206,0.538167939,219988,1,0.197674419,1
Cc1nn(-c2cc(OC(C)C(F)(F)F)c(C(=O)Nc3c(F)cccc3F)cc2F)c(=O)n1C1CC1,1098676,120,-9.476977769,-12.57046542,500.399,4.67652,3.359888656,0.499152126,78.15,6,1,6,TRUE,51379174,0.511431871,1098676,1,0.222222222,1
CCCn1c(CO)nn(-c2cc(OC(C)C(F)(F)F)c(C(=O)Nc3c(C)ccnc3OC)cc2F)c1=O,972648,120,-9.010598695,-12.57219524,527.475,3.36932,3.558143246,0.409601841,120.5,9,2,9,TRUE,646385,0.509728623,972648,1,0.157024793,1
CC(Oc1cc(-n2nc3n(c2=O)CCCC3)c(F)cc1C(=O)Nc1ccccc1)C(F)(F)F,1020457,120,-9.784445213,-13.05457084,464.419,4.0913,3.159060337,0.577330483,78.15,6,1,5,TRUE,351226,0.567567568,1020457,1,0.216494845,1
CCCn1c(CO)nn(-c2cc(OC(C)C(F)(F)F)c(C(=O)Nc3c(C)ccnc3O)cc2F)c1=O,1098802,120,-9.658987557,-11.91269486,513.448,3.06632,3.633749792,0.394707001,131.5,9,3,8,TRUE,351226,0.570361146,1098802,1,0.155963303,1
Cc1cc(C)c(NC(=O)c2cc(F)c(-n3nc4n(c3=O)CCCC4)cc2OC(C)C(F)(F)F)c(C)n1,1020448,120,-9.91587906,-11.96039495,507.488,4.41156,3.502097543,0.516927751,91.04,7,1,5,TRUE,478124,0.578937381,1020448,1,0.185840708,1
O=C1C(O)=C(Nc2cccc(Cl)c2Cl)C(=O)c2ccccc21,51282851,123,-8.897856675,-7.63159018,334.158,4.2541,2.312469133,0.861413422,66.4,4,2,2,FALSE,1156254,0.547823714,51282851,1,0.094594595,1
Cc1ccccc1-n1ncc2c1CCCC2NC(=O)C1=CC2C=CC=CC2O1,993085,124,-10.95141856,-11.69376648,373.456,3.69922,3.897780478,0.892544496,56.15,4,1,3,TRUE,701355,0.566828255,993085,1,0.153061224,1
CCOc1nn(-c2ncc(CC)cn2)c(C)c1Oc1ccccc1Br,CHEMBL3409306,125.89,-8.501069341,-9.633199085,403.28,4.48662,2.668399665,0.607196751,62.06,6,0,6,TRUE,51139442,0.577145937,CHEMBL3409306,1,0.115384615,1
O=C(O)C1=C(C(=O)Nc2cc(Br)c(OCc3ccccc3)c(Br)c2)CCC1,50319903,127,-9.408950709,-10.00740555,495.167,5.2942,2.392495597,0.571297118,75.63,3,2,6,TRUE,50529404,0.546206897,50319903,1,0.184210526,1
COc1ccccc1-c1ccc(-c2cc(C(=O)O)c3ccccc3n2)cc1,51126199,127,-7.916269292,-9.699304241,355.393,5.2756,1.790670932,0.541253947,59.42,3,1,4,TRUE,CHEMBL3924809,0.598494049,51126199,1,0.181818182,1
CCOC(=O)c1sc(Nc2ccc(Br)c(C(F)(F)F)c2)nc1-c1ccccc1,50312262,128,-9.166723488,-8.535345885,471.298,6.5117,2.310691568,0.431286013,51.22,5,1,5,TRUE,CHEMBL4093539,0.494697565,50312262,1,0.161616162,1
CC(=O)C(C#N)C(=O)Nc1ccc(-c2ccccc2Cl)cc1,52797,130,-5.225532156,-9.287041228,312.756,3.67428,2.460333112,0.87552539,69.96,3,1,4,TRUE,50082577,0.547208122,52797,1,0.109756098,1
CCOc1cccc(-c2ccc(NC(=O)C(C#N)C(C)=O)cc2)c1,52799,130,-7.860061006,-9.96305492,322.364,3.41958,2.487972614,0.826479372,79.19,4,1,6,TRUE,50082579,0.540652892,52799,1,0.104651163,1
CC(Oc1cc(-n2nc3n(c2=O)CCCC3)c(Cl)cc1C(=O)Nc1ccccc1C(F)F)C(F)(F)F,1020690,130,-11.06157611,-13.63118872,530.881,5.5432,3.455899341,0.424326822,78.15,6,1,6,TRUE,945596,0.52666106,1020690,1,0.169642857,1
CC(=O)C(C#N)C(=O)Nc1ccc(C(F)(F)F)cc1,51038861,130,-7.976043038,-7.896891865,270.21,2.37268,2.622579707,0.857041373,69.96,3,1,3,TRUE,51379169,0.519080235,51038861,1,0.177419355,1
CC(C)(C)CCC(=O)C(C#N)C(=O)Nc1ccc(C(F)(F)F)cc1,176941,130,-9.06072905,-12.07038147,340.345,4.17908,2.890977633,0.817595358,69.96,3,1,5,TRUE,675353,0.522365862,176941,1,0.154929577,1
CCOc1cccc(-c2ccc(NC(=O)C(C#N)=C(C)O)cc2)c1,CHEMBL483995,130,-8.193424005,-10.7752534,322.364,4.04638,2.117027752,0.494140245,82.35,4,2,5,FALSE,50082577,0.577154309,CHEMBL483995,1,0.127906977,1
CC(O)=C(C#N)C(=O)Nc1ccc(-c2ccccc2Cl)cc1,CHEMBL484531,130,-10.60813205,-12.6956021,312.756,4.30108,2.09389965,0.503889782,73.12,3,2,3,FALSE,50382180,0.561158672,CHEMBL484531,1,0.186046512,1
COc1cccc(-c2ccc(NC(=O)C3=C(C(=O)O)CSC3)c(F)c2)c1,50319881,131,-10.70963113,-10.02620508,373.405,3.5678,2.440079226,0.838061124,75.63,4,2,5,TRUE,766227,0.547799363,50319881,1,0.134020619,1
CCOC(=O)c1sc(Nc2ccc(Cl)c(C(F)(F)F)c2)nc1-c1ccccc1,50312263,131,-11.16938202,-8.301036081,426.847,6.4026,2.231683284,0.479258964,51.22,5,1,5,TRUE,644856,0.496709585,50312263,1,0.198113208,1
COc1cccc(-c2ccc(NC(=O)C3=C(C(=O)O)CCC3)c(F)c2)c1,50319898,134,-6.052148344,-10.03132259,355.365,4.0049,2.218394716,0.849816797,75.63,3,2,5,TRUE,766227,0.557136505,50319898,1,0.136842105,1
Cc1ccccc1-n1ncc2c1CCCC2NC(=O)c1sccc1C,993087,136,-9.844482198,-10.307467,351.475,4.35804,2.836733153,0.762062963,46.92,4,1,3,TRUE,50265711,0.589509143,993087,1,0.1125,1
CC(C)c1ccc(-c2cc(C(=O)O)c3cc(Br)ccc3n2)cc1,CHEMBL3818257,136.2,-8.055295818,-7.298804318,370.246,5.4859,1.92323785,0.663680825,50.19,2,1,3,TRUE,651584,0.500481541,CHEMBL3818257,1,0.139784946,1
CCC(=O)C(C#N)C(=O)Nc1ccc(-c2cc(F)c(F)c(F)c2)c(C(=O)OC)c1,50707381,137,-7.015635083,-12.5650336,404.344,3.61488,2.992569768,0.450748311,96.26,5,1,6,TRUE,651472,0.549144582,50707381,1,0.170731707,1
CCC(O)=C(C#N)C(=O)Nc1ccc(-c2cc(F)c(F)c(F)c2)c(C(=O)OC)c1,CHEMBL1929446,137,-9.683580228,-12.5650336,404.344,4.24168,2.684714034,0.255302519,99.42,5,2,5,FALSE,651472,0.597459584,50707381,1,0.197530864,1
COc1cccc(-c2ncc(Nc3ccc(C(F)(F)F)cc3C(=O)O)cc2C)c1,219993,138,-8.971085132,-8.120238317,402.372,5.52622,2.273144922,0.587498161,71.45,4,2,5,TRUE,558940,0.538988247,219993,1,0.21875,1
O=C(O)c1ccccc1C=NNc1nc(-c2ccccc2)cs1,CHEMBL3949527,139,-8.535595755,-9.316246102,323.377,3.9543,2.052678464,0.55045571,74.58,5,2,5,FALSE,CHEMBL3907312,0.550811272,CHEMBL3949527,1,0.08974359,1
COc1nccc(C)c1NC(=O)c1cc(F)c(-n2nc(C(C)O)n(C)c2=O)cc1OC(C)C(F)(F)F,1098738,140,-9.050708688,-12.3774444,513.448,3.05732,3.867458654,0.466151247,120.5,9,2,7,TRUE,1036953,0.516010074,1098738,1,0.134453782,1
Cc1ccncc1NC(=O)c1cc(F)c(-n2nc3n(c2=O)CCCC3)cc1OC(C)CN(C)C,1020677,140,-7.529444685,-10.32057075,468.533,2.79402,3.362315904,0.573177042,94.28,8,1,7,TRUE,51111948,0.535682991,1020677,1,0.121495327,1
CC(Oc1cc(-n2nc3n(c2=O)CCCC3)c(F)cc1C(=O)Nc1cccc(C(F)(F)F)c1)C(F)(F)F,1020411,141,-9.911470436,-13.55539597,532.416,5.1101,3.341847007,0.463712005,78.15,6,1,5,FALSE,578673,0.580595389,1020411,1,0.152542373,1
O=C(O)c1cc(Cl)ccc1Nc1ccc(-c2ccccc2Cl)nc1,220014,145,-10.31940233,-8.674295399,359.212,5.4972,1.963787329,0.64595985,62.22,3,2,4,TRUE,50082665,0.563514804,220014,1,0.123595506,1
Cc1ccc(Nc2ccc(-c3ccc(F)cc3F)nc2)c(C(=O)O)c1,17430,146,-8.177635654,-5.720772807,340.329,4.77702,2.072902665,0.717568402,62.22,3,2,4,TRUE,558766,0.516949153,17430,1,0.10989011,1
COC(=O)c1cccc(CCCCc2c(C(=O)O)[nH]c(=O)[nH]c2=O)c1.NCCO,50555420,147,-8.451550518,-9.621553355,407.423,0.0508,2.522437111,0.301067426,175.57,7,5,8,TRUE,651566,0.488269795,50555420,1,0.184782609,1
O=C(O)c1cc(-c2ccc(-c3cccnc3C(F)(F)F)cc2)nc2ccccc12,51126183,148,-10.05854958,-6.502009213,394.352,5.6808,2.193341094,0.485535099,63.08,3,1,3,TRUE,50082665,0.564472191,51126183,1,0.188235294,1
Cc1nn(-c2cc(OC(C)C(F)(F)F)c(C(=O)Nc3ccccc3F)cc2F)c(=O)n1C(C)C,972436,149,-8.980490853,-12.24570329,484.425,4.78342,3.231909015,0.511021687,78.15,6,1,6,TRUE,826805,0.544521154,972436,1,0.133333333,1
COc1cccc(-c2ccc(Nc3ncccc3C(=O)O)c(Cl)c2)c1,CHEMBL2263629,149.97,-8.643965181,-9.723318909,354.793,4.8524,1.969615483,0.684733432,71.45,4,2,5,TRUE,795466,0.553332544,CHEMBL2263629,1,0.222222222,1
CCc1nn(-c2cc(OC(C)C(F)(F)F)c(C(=O)Nc3c(C)cccc3F)cc2F)c(=O)n1C1CC1,1098682,150,-9.737476411,-12.67874705,510.463,5.09982,3.465690315,0.44898099,78.15,6,1,7,TRUE,646385,0.510660426,1098682,1,0.205357143,1
CCn1c(SC)nn(-c2cc(OC(C)C(F)(F)F)c(C(=O)Nc3c(F)cccc3F)cc2F)c1=O,1098727,150,-9.420372507,-12.11196048,520.455,4.775,3.399920243,0.358724519,78.15,7,1,7,TRUE,50916521,0.510131412,1098727,1,0.122641509,1
COc1cc(C)c(NC(=O)c2cc(F)c(-n3nc4n(c3=O)CCCC4)cc2OC(C)CN(C)C)cn1,1020679,150,-7.219815485,-9.044353881,498.559,2.80262,3.456224642,0.509412424,103.51,9,1,8,TRUE,651509,0.559956395,1020679,1,0.136,1
COc1nccnc1NC(=O)c1cc(F)c(-n2nc3n(c2=O)CCCC3)cc1OC(C)C1CCCCC1,1020512,150,-10.94036736,-7.546489063,510.57,3.9079,3.514019029,0.512747458,113.16,9,1,7,TRUE,826887,0.556928807,1020512,1,0.142857143,1
CC(Oc1cc(-n2nc3n(c2=O)CCCC3)c(F)cc1C(=O)Nc1cccc2c1CNC2)C1CCCCC1,1020531,150,-8.197224875,-7.222823563,519.621,4.7125,3.558082954,0.492307933,90.18,7,2,6,TRUE,651548,0.551684192,1020531,1,0.136752137,1
CC(Oc1cc(-n2nc3n(c2=O)CCCC3)c(F)cc1C(=O)Nc1cc(F)cc(F)c1Cl)C(F)(F)F,1020420,150,-10.26199481,-11.46393722,534.844,5.0229,3.498092049,0.368152976,78.15,6,1,5,TRUE,CHEMBL3596636,0.564479638,1020420,1,0.181818182,1
Cc1nn(-c2cc(OC(C)C(F)(F)F)c(C(=O)Nc3c(F)cccc3F)cc2F)c(=O)n1CC1CC1,972562,150,-11.73748961,-12.90619043,514.426,4.75162,3.358592456,0.461951081,78.15,6,1,7,TRUE,667149,0.574827982,972562,1,0.205882353,1
CCc1nn(-c2cc(OC(C)CC3CC3)c(C(=O)NC(CC)CC)cc2F)c(=O)n1C,972624,150,-7.941805521,-10.56578068,432.54,3.7583,3.375794687,0.620132081,78.15,6,1,10,TRUE,644807,0.537909167,972624,1,0.198113208,1
CCCC(C)Oc1cc(-n2nc(CC)n(C)c2=O)c(F)cc1C(=O)Nc1cccc(C)c1,1098633,150,-9.388267102,-13.49994312,440.519,4.40062,3.078940338,0.563172135,78.15,6,1,8,TRUE,945807,0.550577186,1098633,1,0.211538462,1
CC(Oc1cc(-n2nc3n(c2=O)CCCC3)c(F)cc1C(=O)NCC(C)(C)O)C1CCCCC1,1020569,150,-8.60673913,-10.82312903,474.577,3.3577,3.445908779,0.641323852,98.38,7,2,7,TRUE,1156280,0.561015265,1020569,1,0.106557377,1
CC(Oc1cc(-n2nc3n(c2=O)CC(F)(F)CC3)c(F)cc1C(=O)Nc1c(F)cccc1F)C(F)(F)F,1020655,150,-9.76961938,-11.93095888,536.379,4.6147,3.697385708,0.483482665,78.15,6,1,5,FALSE,51111947,0.57915246,1020655,1,0.12745098,1
Cc1cc(-c2cccc(OC(F)(F)F)c2)ccc1NC(=O)C1=C(C(=O)O)CCC1,50251728,150,-7.096619117,-10.5227309,405.372,5.06422,2.410230498,0.728822425,75.63,3,2,5,TRUE,50082594,0.558333333,50251728,1,0.096774194,1
CCC(=O)C(C#N)C(=O)Nc1ccc(OS(=O)(=O)C(F)(F)F)cc1,50707367,150,-6.36845312,-8.55676534,364.301,1.97238,2.977817194,0.468995859,113.33,6,1,6,TRUE,1027770,0.483627204,50707367,1,0.243589744,1
CCC(=O)C(C#N)C(=O)Nc1ccc(-c2ccc(F)nc2)c(C(=O)OC)c1,50707379,150,-9.08073566,-11.12349029,369.352,2.73168,2.988641923,0.476298912,109.15,6,1,6,TRUE,795442,0.533348613,50707379,1,0.111111111,1
CCC(O)=C(C#N)C(=O)Nc1ccc(OS(=O)(=O)C(F)(F)F)cc1,CHEMBL1929432,150,-6.706702006,-9.682816304,364.301,2.59918,2.695903134,0.272690012,116.49,6,2,5,FALSE,50082577,0.493214286,CHEMBL1929432,1,0.119047619,1
CCC(O)=C(C#N)C(=O)Nc1ccc(-c2ccc(F)nc2)c(C(=O)OC)c1,CHEMBL1929444,150,-9.08073566,-11.12349029,369.352,3.35848,2.68667565,0.274725452,112.31,6,2,5,FALSE,795442,0.533348613,50707379,1,0.111111111,1
CCCC(C)Oc1cc(-n2nc(CC)n(C)c2=O)c(F)cc1C(=O)Nc1c(C)cc(C)cc1N,1098664,152,-9.936140412,-13.87211417,469.561,4.29124,3.332870284,0.479083441,104.17,7,2,8,TRUE,651540,0.534039613,1098664,1,0.105263158,1
NCCO.NCCO.O=C(O)c1[nH]c(=O)[nH]c(=O)c1CCCCc1ccc2c(C(=O)O)cccc2c1,50555221,152,-10.21801502,-10.13463601,504.54,0.053,2.784256148,0.182329223,232.82,8,8,9,TRUE,558647,0.531133523,50555221,1,0.130434783,1
O=C1c2ccc(F)cc2C(=O)c2c1nnn2-c1cc(F)c(-c2ccccc2F)c(F)c1,51338212,152,-9.924106955,-7.803668176,423.325,4.2661,2.681793359,0.398124391,64.85,5,0,2,FALSE,51045737,0.555568029,51338212,1,0.096385542,1
Cc1cc(C(=O)O)c2nc(-c3ccc(-c4cnn(Cc5ccccc5)c4)cc3)[nH]c2c1,297813,155,-10.61660477,-9.15030241,408.461,5.14832,2.325963704,0.42129839,83.8,4,2,5,TRUE,CHEMBL4212694,0.548510156,297813,1,0.166666667,1
CCc1nn(-c2cc(OC(C)c3ccccc3)c(C(=O)Nc3cccc4nc(C)ccc34)cc2F)c(=O)n1C,1098819,160,-9.3363692,-14.13484951,525.584,5.52142,3.171717546,0.302131698,91.04,7,1,7,TRUE,488742,0.570364098,1098819,1,0.161290323,1
CCc1nn(-c2cc(OC(C)C(F)(F)F)c(C(=O)Nc3ccccc3F)cc2F)c(=O)n1C,972536,160,-8.734192804,-11.5814597,470.398,3.9935,3.201166934,0.552984593,78.15,6,1,6,TRUE,51359937,0.537907623,972536,1,0.147058824,1
CC(Oc1cc(-n2nc(C3CC3)n(C)c2=O)c(F)cc1C(=O)Nc1ccccc1F)C(F)(F)F,1098669,160,-9.266120016,-12.89281508,482.409,4.3085,3.235053227,0.531595055,78.15,6,1,6,TRUE,351299,0.571653079,1098669,1,0.156862745,1
COC(C)c1nn(-c2cc(OC(C)C(F)(F)F)c(C(=O)Nc3c(F)cccc3F)cc2F)c(=O)n1C,1098728,160,-10.45033516,-12.05313501,518.414,4.2776,3.758544231,0.47229058,87.38,7,1,7,TRUE,645168,0.494888234,1098728,1,0.183486239,1
Cc1nn(C)cc1NC(=O)c1cc(F)c(-n2nc3n(c2=O)CCCC3)cc1OC(C)C1CCCCC1,1020566,160,-8.836687962,-11.6062539,496.587,4.15122,3.474143438,0.553145555,95.97,8,1,6,TRUE,596202,0.523419698,1020566,1,0.175438596,1
CC(Oc1cc(-n2nc3n(c2=O)CCCS3)c(F)cc1C(=O)Nc1c(F)cccc1F)C(F)(F)F,1020653,160,-9.558763119,-11.34164164,518.439,4.529,3.54003973,0.502674039,78.15,7,1,5,TRUE,667068,0.598834746,1020653,1,0.173469388,1
CC(Oc1cc(-n2nc3n(c2=O)CCCC3)c(F)cc1C(=O)Nc1cccc(F)c1C#N)C(F)(F)F,1020465,160,-9.497267181,-13.39341037,507.419,4.10208,3.447237803,0.524287204,101.94,7,1,5,TRUE,478115,0.560964172,1020465,1,0.258928571,1
CC(Oc1cc(-n2nc3n(c2=O)CCCC3)c(F)cc1C(=O)Nc1ccc2c(c1)OCC(=O)N2)C(F)(F)F,1020490,160,-11.36044232,-13.1434245,535.454,3.4222,3.51398882,0.484046775,116.48,8,2,5,TRUE,51423105,0.583599574,1020490,1,0.158333333,1
Cc1c(-c2ccc(-c3ccccc3F)cc2)nc2ccc(F)cc2c1C(F)F,51370188,160,-10.49117038,-9.900184811,381.372,7.09302,2.291517769,0.345188562,12.89,1,0,3,TRUE,668884,0.557994074,51370188,1,0.147727273,1
CCCC(C)Oc1cc(-n2nc(CC)n(C)c2=O)c(F)cc1C(=O)Nc1cccc(OC)c1,972492,160,-10.56760845,-12.85625008,456.518,4.1008,3.077597371,0.523847738,87.38,7,1,9,TRUE,CHEMBL3596636,0.593170445,972492,1,0.162162162,1
COc1ncccc1-c1ccc(-c2cc(C(=O)O)c3ccccc3n2)cc1,51126180,165,-6.333773431,-5.661050126,356.381,4.6706,1.992372116,0.575137054,72.31,4,1,4,TRUE,CHEMBL3924809,0.524941995,51126180,1,0.172839506,1
Cc1c(-c2ccc(-c3cccnc3F)cc2)nc2ccc(Cl)cc2c1C(=O)O,51126172,165,-8.549487674,-7.822615068,392.817,5.76292,2.247951459,0.449859556,63.08,3,1,3,TRUE,CHEMBL3924809,0.540256176,51126172,1,0.207317073,1
Cc1c(-c2ccc(-c3ccccc3F)cc2)nc2ccc(F)cc2c1CO,51370186,166,-10.55954625,-11.54885564,361.391,5.64772,2.178008879,0.511597236,33.12,2,1,3,TRUE,351393,0.567239163,51370186,1,0.1125,1
O=C(NC1CCCc2c1cnn2-c1ccccc1F)c1ccccn1,993072,166,-10.53736175,-9.462848569,336.37,3.2138,2.726867479,0.79882144,59.81,4,1,3,TRUE,766095,0.570567376,993072,1,0.222222222,1
CC(=O)C(C#N)C(=O)Nc1ccc(-c2ccccc2Cl)cc1C(F)(F)F,52788,170,-8.794122493,-8.414607122,380.753,4.69308,2.783448824,0.781891203,69.96,3,1,4,TRUE,50382180,0.556811883,52788,1,0.261363636,1
CCn1c(C(O)C(F)(F)F)nn(-c2cc(OC(C)C(F)(F)F)c(C(=O)Nc3c(C)ccnc3OC)cc2F)c1=O,1098851,170,-8.976594473,-14.19361087,581.445,4.08262,4.032426857,0.384916063,120.5,9,2,8,FALSE,644781,0.503441017,1098851,1,0.162393162,1
Cc1cccnc1NC(=O)c1cc(F)c(-n2nc3n(c2=O)CCCC3)cc1OC(C)C(F)(F)F,1020461,170,-9.266301362,-10.29302294,479.434,3.79472,3.378020497,0.562607131,91.04,7,1,5,TRUE,CHEMBL3596636,0.558638693,1020461,1,0.189189189,1
Cc1nccc(Cl)c1NC(=O)c1cc(F)c(-n2nc3n(c2=O)CCOC3)cc1OC(C)C(F)(F)F,1020598,170,-8.754965694,-12.13639389,515.851,3.64202,3.684871941,0.5207917,100.27,8,1,5,TRUE,795442,0.547866324,1020598,1,0.153061224,1
COc1cccc(-c2ccc(NC(=O)C3=C(C(=O)O)CCC3)c(OC)c2)c1,50251714,170,-8.157566323,-9.981983995,367.401,3.8744,2.205853087,0.809433236,84.86,4,2,6,TRUE,50388321,0.599337017,50251714,1,0.183908046,1
CCc1nn(-c2cc(OC(C)C3CCCCC3)c(C(=O)NC(CC)Cc3ccccc3)cc2F)c(=O)n1C,972660,170,-11.56880557,-12.98682214,522.665,5.3712,3.568761658,0.388305226,78.15,6,1,10,TRUE,644806,0.587978951,972660,1,0.219298246,1
CCCC(C)Oc1cc(-n2nc3n(c2=O)CCCC3)c(F)cc1C(=O)Nc1ccncc1Cl,1020380,170,-10.30778607,-12.03663329,473.936,4.3775,3.303629476,0.549603704,91.04,7,1,7,TRUE,351299,0.57793671,1020380,1,0.144144144,1
Cc1noc(C)c1NC(=O)c1cc(F)c(-n2nc3n(c2=O)CCCC3)cc1OC(C)C(F)(F)F,1020421,170,-10.29481565,-8.957863662,483.422,3.69614,3.491316421,0.555395331,104.18,8,1,5,TRUE,50387873,0.580092355,1020421,1,0.119266055,1
CC(O)=C(C#N)C(=O)Nc1ccc(-c2ccccc2Cl)cc1C(F)(F)F,CHEMBL520306,170,-8.386594773,-11.96542714,380.753,5.31988,2.419358281,0.429715235,73.12,3,2,3,FALSE,50382180,0.551276408,CHEMBL520306,1,0.261363636,1
Cc1cc(C(=O)O)c2[nH]c(-c3ccc(-c4ccccc4F)cc3F)nc2c1,297757,172,-9.915007135,-10.53903867,364.351,5.18172,2.331574342,0.526230207,65.98,2,2,3,TRUE,766093,0.593180482,297757,1,0.184782609,1
O=C(O)C1=C(C(=O)Nc2cc(Br)c(OCc3ccccc3)c(Br)c2)CSC1,50319877,173,-9.807882163,-8.159478258,513.207,4.8571,2.605429403,0.577815326,75.63,4,2,6,TRUE,488739,0.553339211,50319877,1,0.152941176,1
CCOC(=O)c1sc(Nc2ccc(Cl)c(Cl)c2)nc1-c1ccccc1,50312261,174,-8.453831032,-6.762224237,393.295,6.0372,2.041061637,0.537406898,51.22,5,1,5,TRUE,51085916,0.576663669,50312261,1,0.133333333,1
COC(=O)c1cccc(C)c1NC(=O)c1cc(F)c(-n2nc3n(c2=O)CCCC3)cc1OC(C)C1CCCCC1,1020530,175,-9.669571381,-11.36111358,550.631,5.20432,3.385978636,0.405506412,104.45,8,1,7,TRUE,708932,0.547925487,1020530,1,0.191304348,1
CCn1c(CO)nn(-c2ccc3c(=O)n(-c4cccc(F)c4)cc(-c4ccccc4)c3c2)c1=O,1225993,177,-7.547104081,-13.10398544,456.477,3.6564,2.628638983,0.437729077,82.05,7,1,5,TRUE,51340263,0.510490708,1225993,1,0.107142857,1
Cc1cc(C(=O)O)c2nc(-c3c(F)cc(-c4ccccc4)cc3F)[nH]c2c1,297769,177,-9.499687479,-9.889086279,364.351,5.18172,2.331969687,0.526230207,65.98,2,2,3,TRUE,667068,0.589584329,297769,1,0.172839506,1
COc1ccccc1NC(=O)c1cccc2nc(-c3cc(Br)nn3-c3ncccc3Cl)[nH]c12,50499499,178,-8.790854947,-10.56455431,523.778,5.4874,2.694910033,0.31753432,97.72,6,2,5,FALSE,1156214,0.570012141,50499499,1,0.10619469,1
CC(=O)C(C#N)C(=O)Nc1ccc(-c2ccccc2Cl)cc1Cl,52787,180,-9.280946223,-9.61764222,347.201,4.32768,2.619172514,0.83725581,69.96,3,1,4,TRUE,766156,0.571650718,52787,1,0.09375,1
CC(Oc1cc(-n2nc3n(c2=O)CCCC3)c(F)cc1C(=O)Nc1ccc(F)cc1F)C1CCCCC1,1020552,180,-10.67508729,-13.60038144,514.548,5.3875,3.297521114,0.478745622,78.15,6,1,6,TRUE,651548,0.568967097,1020552,1,0.116071429,1
Cc1ccccc1NC(=O)c1cc(Cl)c(-n2nc3n(c2=O)CCCC3)cc1OC(C)C(F)(F)F,1020695,180,-9.598292352,-12.83773578,494.901,4.91402,3.21281526,0.546211723,78.15,6,1,5,TRUE,50492393,0.539976599,1020695,1,0.126213592,1
Cc1ncncc1NC(=O)c1cc(F)c(-n2nc3n(c2=O)CCCC3)cc1OC(C)C1CCCCC1,1020515,180,-7.548139215,-12.41843327,494.571,4.20772,3.51240611,0.550667695,103.93,8,1,6,TRUE,651548,0.54814074,1020515,1,0.112068966,1
COc1cccc(NC(=O)c2cc(F)c(-n3nc4n(c3=O)CCCC4)cc2OC(C)C(F)(F)F)c1OC,1020491,180,-10.16562003,-11.7174813,524.471,4.1085,3.355002278,0.467719647,96.61,8,1,7,TRUE,51109452,0.56076972,1020491,1,0.219047619,1
O=C(O)C1=C(C(=O)Nc2ccc(-c3cccc4ccccc34)cc2C(F)(F)F)CCC1,50251708,180,-9.35167989,-12.38319043,425.406,6.0292,2.404095216,0.536467348,66.4,2,2,4,TRUE,CHEMBL3598040,0.570231893,50251708,1,0.197916667,1
CC(O)=C(C#N)C(=O)Nc1ccc(-c2ccccc2Cl)cc1Cl,CHEMBL483552,180,-10.64564506,-12.50503699,347.201,4.95448,2.260939773,0.468457826,73.12,3,2,3,FALSE,50082594,0.538722579,CHEMBL483552,1,0.158536585,1
CCn1c(CO)nn(-c2cc3c(C(C)C)cn(C4CCCC(OC)C4)c(=O)c3cc2F)c1=O,1226116,181,-9.862413479,-12.94225523,458.534,3.2537,3.817184423,0.612350638,91.28,8,1,6,TRUE,651472,0.576643872,1226116,1,0.131313131,1
Cc1ccc(-c2ccc(-c3nc4ccccc4c(C(=O)O)c3C)cc2)c(Cl)n1,51126189,184,-8.188815919,-9.918501931,388.854,5.93224,2.219225071,0.441456186,63.08,3,1,3,FALSE,CHEMBL3982626,0.554015714,51126189,1,0.243243243,1
CC(=O)C(C#N)C(=O)Nc1ccc(-c2cccc(Cl)c2)c(Cl)c1,52795,190,-9.747976823,-9.829152184,347.201,4.32768,2.626702185,0.83725581,69.96,3,1,4,TRUE,558886,0.575109383,52795,1,0.088888889,1
Cc1ccc(Nc2cnc(-c3cccc(C(N)=O)c3)c(C)c2)c(C(=O)O)c1,220001,190,-9.430434585,-7.687466433,361.401,3.90614,2.196914885,0.638904388,105.31,4,3,5,TRUE,51253481,0.542584178,220001,1,0.214285714,1
CCCC(C)Oc1cc(-n2nc3n(c2=O)CCCC3)c(F)cc1C(=O)Nc1ncncc1C,1020389,190,-10.49430973,-12.44336647,454.506,3.42752,3.389666201,0.586650482,103.93,8,1,7,TRUE,826886,0.567260796,1020389,1,0.147540984,1
CCOc1cccc(-c2ccc(Nc3ccc(C)cc3C(=O)O)cn2)c1,219990,190,-8.427663183,-5.44919005,348.402,4.89752,2.006829074,0.662960422,71.45,4,2,6,TRUE,50388206,0.547932548,219990,1,0.136842105,1
CC(Oc1cc(-n2nc3n(c2=O)CCCC3)c(F)cc1C(=O)Nc1ncncc1F)C1CCCCC1,1020520,190,-8.555653504,-8.856465473,498.534,4.0384,3.502408649,0.550268578,103.93,8,1,6,TRUE,651543,0.541076487,1020520,1,0.118181818,1
Cc1c(F)cccc1NC(=O)c1cc(F)c(-n2nc3n(c2=O)CCOC3)cc1OC(C)C(F)(F)F,1020588,190,-9.806851539,-13.38198524,498.408,3.73272,3.475919057,0.542123588,87.38,7,1,5,TRUE,795460,0.510948182,1020588,1,0.181818182,1
CC(O)=C(C#N)C(=O)Nc1ccc(-c2cccc(Cl)c2)c(Cl)c1,CHEMBL520008,190,-10.23913786,-13.24393143,347.201,4.95448,2.258669443,0.468457826,73.12,3,2,3,FALSE,766227,0.53811406,CHEMBL520008,1,0.103092784,1
CCC(=O)C(C#N)C(=O)Nc1ccc(-c2cccc(F)c2)c(C(=O)OC)c1,50707375,198,-8.036017911,-12.24427605,368.364,3.33668,2.775377474,0.62306594,96.26,5,1,6,TRUE,51253462,0.576236917,50707375,1,0.170454545,1
CCC(O)=C(C#N)C(=O)Nc1ccc(-c2cccc(F)c2)c(C(=O)OC)c1,CHEMBL1929440,198,-8.036017911,-12.24427605,368.364,3.96348,2.473411201,0.360075876,99.42,5,2,5,FALSE,51253462,0.576236917,50707375,1,0.170454545,1
O=C([O-])c1ccncc1Nc1ccc(-c2cccc(OC(F)(F)F)c2)cc1F.[Li+],CHEMBL2263635,199.99,-9.230685819,-9.993578125,398.241,0.8974,2.758121007,0.510829649,74.28,5,1,5,FALSE,667128,0.558685446,CHEMBL2263635,1,0.142857143,1
CCOc1cccc(-c2ccc(Nc3ncccc3C(=O)O)c(F)c2)c1,CHEMBL2263627,199.99,-9.409005482,-9.820991008,352.365,4.7282,2.017965872,0.671063532,71.45,4,2,6,TRUE,669181,0.553100499,CHEMBL2263627,1,0.1,1
COc1ccccc1-c1ccc(NC(=O)C(C#N)C(C)=O)c(Cl)c1,52789,200,-9.901738524,-11.54986988,342.782,3.68288,2.591931679,0.840411561,79.19,4,1,5,TRUE,766156,0.534921369,52789,1,0.111111111,1
CC(=O)C(C#N)C(=O)Nc1ccc(-c2cccc(Cl)c2Cl)cc1,52796,200,-9.145236062,-9.444232623,347.201,4.32768,2.607214272,0.83725581,69.96,3,1,4,TRUE,50082577,0.544603253,52796,1,0.120481928,1
[Li]OC(=O)c1ccncc1Nc1ccc(-c2cccc(OC(F)(F)F)c2)cc1F,246908,200,,,398.241,4.7702,2.784480306,0.495703661,60.45,5,1,5,FALSE,,,,,,
N#Cc1c(-c2ccc(-c3ccccc3OC(F)(F)F)cc2)nc2ccncc2c1O,50720827,200,-8.621165528,-10.61438357,407.351,5.43968,2.564546793,0.489266332,79.03,5,1,3,TRUE,50388258,0.589289666,50720827,1,0.11827957,1
Cc1ncc(NC(=O)c2cc(F)c(-n3nc4n(c3=O)CCCC4)cc2OC(C)C2CCCCC2)c(C)n1,1020516,200,-7.342432798,-11.29990619,508.598,4.51614,3.52593518,0.52525251,103.93,8,1,6,TRUE,645021,0.569151305,1020516,1,0.156521739,1
COc1nccc(C)c1NC(=O)c1cc(Cl)c(-n2nc3n(c2=O)CCCC3)cc1OC(C)C(F)(F)F,1020693,200,-9.004063929,-12.35032544,525.915,4.31762,3.527356684,0.51437537,100.27,8,1,6,TRUE,351240,0.584357006,1020693,1,0.139130435,1
CC(Oc1cc(-n2nc3n(c2=O)CCCC3)c(F)cc1C(=O)Nc1cccc(F)c1Cl)C1CCCCC1,1020565,200,-10.60978396,-13.57793717,531.003,5.9018,3.370078917,0.430084295,78.15,6,1,6,TRUE,651548,0.540053286,1020565,1,0.153153153,1
CC(Oc1cc(-n2nc3cnccn3c2=O)c(F)cc1C(=O)Nc1c(F)cccc1F)C(F)(F)F,1020652,200,-11.20345023,-11.63759161,497.355,3.8794,3.380966172,0.423040011,90.52,7,1,5,TRUE,667131,0.580841411,1020652,1,0.141509434,1
CC(Oc1cc(-n2nc3n(c2=O)CCCC3C(=O)O)c(F)cc1C(=O)Nc1c(F)cccc1F)C(F)(F)F,1020657,200,-9.852391415,-12.06781666,544.408,3.9952,3.846357331,0.453815068,115.45,7,2,6,TRUE,50916521,0.517457401,1020657,1,0.144144144,1
Cc1cnccc1NC(=O)c1cc(F)c(-n2nc3n(c2=O)CCCC3)cc1OC(C)C(F)(F)F,1020471,200,-9.441953444,-11.61356541,479.434,3.79472,3.390570415,0.562607131,91.04,7,1,5,TRUE,667068,0.58031746,1020471,1,0.168316832,1
COc1ccccc1-c1ccc(NC(=O)C(C#N)=C(C)O)c(Cl)c1,CHEMBL483161,200,-9.901738524,-7.580863669,342.782,4.30968,2.2310363,0.492471948,82.35,4,2,4,FALSE,766156,0.534921369,CHEMBL483161,1,0.111111111,1
CC(O)=C(C#N)C(=O)Nc1ccc(-c2cccc(Cl)c2Cl)cc1,CHEMBL505315,200,-10.72920917,-12.98899268,347.201,4.95448,2.239181531,0.468457826,73.12,3,2,3,FALSE,50489171,0.543024619,CHEMBL505315,1,0.133333333,1
Cc1c(-c2ccc(-c3cccnc3Cl)cc2)nc2cnc(C(F)(F)F)cc2c1C(=O)O,51126205,201,-6.981645355,-5.334075545,443.812,6.03762,2.631249142,0.390668841,75.97,4,1,3,FALSE,51099337,0.515909826,51126205,1,0.161290323,1
COC(=O)c1ccccc1CCCCc1c(C(=O)O)[nH]c(=O)[nH]c1=O.NCCO,50555220,204,-8.167140896,-9.411017244,407.423,0.0508,2.565873206,0.301067426,175.57,7,5,8,TRUE,51245358,0.474194251,50555220,1,0.095744681,1
O=C(O)C1=C(C(=O)Nc2c(F)cc(-c3cccc(OC(F)(F)F)c3)cc2F)COC1,50319904,205,-8.790453494,-11.24936558,429.297,3.8803,2.790368404,0.705205712,84.86,4,2,5,TRUE,50387987,0.541270362,50319904,1,0.147727273,1
O=C(O)c1cccc2[nH]c(-c3c(F)c(F)c(-c4cccc(F)c4F)c(F)c3F)nc12,297830,209,-10.41345095,-10.35495109,422.284,5.4297,2.740827879,0.341901543,65.98,2,2,3,TRUE,795466,0.611734152,297830,1,0.24,1
Cc1cnoc1NC(=O)c1cc(F)c(-n2nc3n(c2=O)CCCC3)cc1OC(C)C(F)(F)F,1020422,210,-9.621621329,-12.66439516,469.395,3.38772,3.714164404,0.574863956,104.18,8,1,5,TRUE,50387841,0.568021465,1020422,1,0.172727273,1
CC(Oc1cc(-n2nc3n(c2=O)CCOC3)c(F)cc1C(=O)Nc1c(F)cc(F)cc1F)C(F)(F)F,1020589,210,-11.80293406,-12.71771653,520.361,3.7025,3.5855404,0.518949578,87.38,7,1,5,FALSE,667131,0.592421915,1020589,1,0.145631068,1
CC(=O)Nc1ccc(-c2ccc(-c3nc4c(C(=O)O)cc(C)cc4[nH]3)cc2)cc1,50358203,210,-3.763724875,-10.88057736,385.423,4.86192,2.147756854,0.467343574,95.08,3,3,4,TRUE,CHEMBL3924809,0.519305664,50358203,1,0.108433735,1
O=C(O)c1c(O)c(-c2ccc(Cl)cc2)nc2ccc(Br)cc12,50841882,211,-8.316179457,-7.400478544,378.609,4.7215,2.104057279,0.676625274,70.42,3,2,2,TRUE,558766,0.531219865,50841882,1,0.094117647,1
CCCC(C)Oc1cc(-n2nc(CC)n(C)c2=O)c(F)cc1C(=O)NCC(C)(C)C,972481,213,-8.288910473,-11.30349577,420.529,3.6158,3.303885181,0.707589256,78.15,6,1,8,TRUE,51044689,0.522188755,972481,1,0.15,1
Cc1ccc2nc(-c3ccc(Cl)cc3)c(O)c(C(=O)O)c2c1,50841929,217,-7.606361546,-7.833961516,313.74,4.26742,2.033798263,0.740994047,70.42,3,2,2,TRUE,50529312,0.530312018,50841929,1,0.207792208,1
O=C(O)c1cccc2[nH]c(-c3c(F)c(F)c(-c4cccc(OC(F)(F)F)c4)c(F)c3F)nc12,297850,218,-9.66018841,-10.38509549,470.3,6.0501,2.788125661,0.28138527,75.21,3,2,4,FALSE,667118,0.566886191,297850,1,0.15625,1
CCCC(C)Oc1cc(-n2nc(CC)n(C)c2=O)c(F)cc1C(=O)Nc1ccc(C(C)C)cc1,1098657,219,-9.220888412,-13.71708693,468.573,5.2156,3.114869275,0.467301828,78.15,6,1,9,TRUE,50092332,0.587428238,1098657,1,0.12371134,1
CCn1c(C(=O)NC2CC2)nn(-c2cc(OC(C)C(F)(F)F)c(C(=O)Nc3c(F)cccc3F)cc2F)c1=O,1098845,220,-10.63262097,-11.69880579,557.451,3.9453,3.471694649,0.408360395,107.25,7,2,8,TRUE,51343050,0.566295904,1098845,1,0.203703704,1
CCc1nn(-c2cc(OC(C)C3CCCCC3)c(C(=O)Nc3ccc(SC)cc3)cc2F)c(=O)n1C,1098817,220,-8.753304187,-11.73546851,512.651,5.5943,3.278364065,0.39800955,78.15,7,1,8,TRUE,651564,0.550399588,1098817,1,0.17699115,1
Cc1ccc2c(NC(=O)c3cc(F)c(-n4nc5n(c4=O)CCCC5)cc3OC(C)C(F)(F)F)cccc2n1,1020483,220,-10.14002445,-13.69317991,529.494,4.94792,3.369403624,0.369791609,91.04,7,1,5,TRUE,945760,0.56723806,1020483,1,0.191304348,1
CC(Oc1cc(-n2nc3n(c2=O)CCCC3)c(F)cc1C(=O)NC1CCC(F)(F)CC1)C(F)(F)F,1020438,220,-10.28170633,-11.66644392,506.447,4.1467,3.613434441,0.618693435,78.15,6,1,5,TRUE,478124,0.562847822,1020438,1,0.17699115,1
CC(Oc1cc(-n2nc3n(c2=O)CCCC3)c(F)cc1C(=O)Nc1cc(F)ccc1C#N)C(F)(F)F,1020430,220,-10.03141309,-12.55830068,507.419,4.10208,3.43176088,0.524287204,101.94,7,1,5,TRUE,478115,0.538440214,1020430,1,0.236842105,1
CC(Oc1cc(-n2nc3n(c2=O)CCCC3)c(F)cc1C(=O)Nc1ccc(N2CCOCC2)nn1)C1CCCCC1,1020506,220,-8.688862881,-11.21792548,565.65,3.7359,3.543245127,0.460779108,116.4,10,1,7,TRUE,945671,0.556982976,1020506,1,0.135338346,1
O=C(NC1CCCc2c1cnn2-c1cccc(C(=O)N2CCOCC2)c1)c1noc2c1CCCC2,993121,220,-12.0932836,-10.18477589,475.549,3.0189,3.230134535,0.622398058,102.49,7,1,4,TRUE,CHEMBL4441614,0.582251502,993121,1,0.221153846,1
Cc1c(-c2ccc(-c3ccccc3F)cc2)nc2ccc(F)cc2c1-c1nnn[nH]1,51370191,223,-9.402306697,-8.068193755,399.404,5.33552,2.54279764,0.444942422,67.35,4,1,3,TRUE,50529312,0.524723247,51370191,1,0.095744681,1
COc1cc(-c2ccccc2Cl)ccc1NC(=O)C1=C(C(=O)O)CCC1,50251715,225,-6.176220381,-10.40533535,371.82,4.5192,2.224456676,0.809795321,75.63,3,2,5,TRUE,50082594,0.57514313,50251715,1,0.149425287,1
COc1ncc(NC(=O)c2cc(F)c(-n3nc4n(c3=O)CCCC4)cc2OC(C)C2CCCCC2)cn1,1020508,230,-6.304395572,-11.67708522,510.57,3.9079,3.48610466,0.512747458,113.16,9,1,7,TRUE,645021,0.599872484,1020508,1,0.18018018,1
O=C1c2ccccc2C(=O)c2c1nnn2-c1ccc(-c2ccccc2O)cc1,51338183,230,-7.169265611,-6.814177877,367.364,3.4153,2.327400707,0.516736942,85.08,6,1,2,FALSE,50082661,0.600509523,51338183,1,0.183098592,1
Cc1cc(F)c(F)cc1NC(=O)c1cc(F)c(-n2nc3n(c2=O)CCOC3)cc1OC(C)C(F)(F)F,1020591,230,-11.78066801,-13.43881454,516.398,3.87182,3.5403977,0.520736183,87.38,7,1,5,TRUE,667131,0.599592045,1020591,1,0.144230769,1
O=C(O)c1c(F)cccc1C=NNc1nc(-c2ccccc2Cl)cs1,1001133,234,-8.365639428,-9.376731732,375.812,4.7468,2.360201832,0.498309947,74.58,5,2,5,FALSE,708914,0.57879286,1001133,1,0.227272727,1
Cc1ccc(-c2ccc(-c3cc(C(=O)O)c4ccccc4n3)cc2)c(Cl)n1,51126187,235,-8.113493337,-9.613094315,374.827,5.62382,2.082889398,0.472273223,63.08,3,1,3,FALSE,51253462,0.520356816,51126187,1,0.253333333,1
CC(Oc1cc(-n2nc3n(c2=O)CCCC3)c(F)cc1C(=O)Nc1ccccc1F)C(F)(F)F,1020456,235,-10.17818133,-11.4676977,482.409,4.2304,3.234409368,0.552536232,78.15,6,1,5,TRUE,667068,0.599011497,1020456,1,0.189473684,1
CCOC(=O)c1sc(Nc2ccc(Cl)cc2)nc1-c1ccccc1,50312266,239,-9.043078843,-8.532264714,358.85,5.3838,1.931785981,0.621582854,51.22,5,1,5,TRUE,351213,0.557156243,50312266,1,0.12345679,1
COc1nn(-c2cc(OC(C)C(F)(F)F)c(C(=O)Nc3c(F)cccc3F)cc2F)c(=O)n1C1CC1,1098722,240,-8.500610847,-11.87341043,516.398,4.3767,3.479919023,0.471500298,87.38,7,1,7,TRUE,596177,0.498895872,1098722,1,0.172727273,1
CCn1c(CO)nn(-c2nc3c(C)nn(-c4ccccc4C)c(=O)c3cc2F)c1=O,1226022,240,-8.326799792,-12.11610445,410.409,1.39624,2.90160508,0.544883922,107.83,9,1,4,TRUE,766076,0.546025105,1226022,1,0.188118812,1
CC(Oc1cc(-n2nc3n(c2=O)CCCC3)c(Cl)cc1C(=O)Nc1c(F)cccc1F)C(F)(F)F,1020687,240,-9.873691995,-13.25203121,516.854,4.8838,3.358171941,0.490172509,78.15,6,1,5,TRUE,351240,0.572920734,1020687,1,0.169811321,1
CCc1nn(-c2cc(OC(C)C(CC)CC)c(C(=O)NC(CC)CC)cc2F)c(=O)n1C,972632,246,-7.643454198,-10.49888356,448.583,4.3944,3.479483955,0.552861378,78.15,6,1,11,TRUE,651504,0.554828457,972632,1,0.144230769,1
CCn1c(CO)nn(-c2ccc(C(=O)Nc3c(F)cccc3Cl)c(OC(C)C(F)(F)F)c2F)c1=O,1098803,250,-9.365922023,-13.5424283,520.842,4.0597,3.495181782,0.457908085,98.38,7,2,7,TRUE,1036953,0.531075002,1098803,1,0.145299145,1
O=C(O)c1cc(-c2ccc(C3CCCCC3)cc2)nc2ccccc12,51126168,250,-8.378058201,-5.115795864,331.415,5.6477,1.890548602,0.674648432,50.19,2,1,3,TRUE,51340260,0.50273619,51126168,1,0.129032258,1
CC(Oc1cc(-n2nc3n(c2=O)CCOC3)c(F)cc1C(=O)Nc1ccc(F)cc1Cl)C(F)(F)F,1020595,250,-10.48710926,-11.52057181,518.826,4.0777,3.459717614,0.514455466,87.38,7,1,5,TRUE,645168,0.521785714,1020595,1,0.173913043,1
Cc1ccnc(C)c1NC(=O)c1cc(F)c(-n2nc3n(c2=O)CCCOC3)cc1OC(C)C(F)(F)F,1020644,250,-9.718799419,-12.55107093,509.46,3.68714,3.666275565,0.527028212,100.27,8,1,5,TRUE,351240,0.587170252,1020644,1,0.154545455,1
Cc1ncccc1NC(=O)c1cc(F)c(-n2nc3n(c2=O)CCCC3)cc1OC(C)C(F)(F)F,1020475,250,-9.928761711,-12.85049286,479.434,3.79472,3.392124425,0.562607131,91.04,7,1,5,TRUE,667068,0.593026975,1020475,1,0.168316832,1
CCCC(C)Oc1cc(-n2nc(CC)n(C)c2=O)c(F)cc1C(=O)NCC1CCCCC1,972486,252,-9.811406589,-12.56811176,446.567,4.15,3.216931192,0.627699861,78.15,6,1,9,TRUE,709019,0.535477237,972486,1,0.140350877,1
Cc1c(-c2ccc(-c3cccnc3Cl)cc2)nc2cnccc2c1C(=O)O,51126196,259,-10.44720769,-8.746799424,375.815,5.01882,2.371533155,0.508684052,75.97,4,1,3,FALSE,766156,0.607201119,51126196,1,0.111111111,1
CCCOc1ccc(-c2cc(C(=O)O)c3cc(Cl)ccc3n2)cc1,51064012,260,-7.059416794,-4.774784753,341.794,5.0422,1.871498641,0.705682341,59.42,3,1,5,TRUE,51267465,0.553129221,51064012,1,0.186813187,1
O=C(O)c1c(O)c(-c2ccc(Cl)cc2)nc2ccc(C(F)(F)F)cc12,50841919,270,-8.654293826,-7.726072378,367.71,4.9778,2.209677707,0.669977339,70.42,3,2,2,TRUE,558766,0.508083141,50841919,1,0.102272727,1
O=C(O)c1cc(F)cc2[nH]c(-c3c(F)cc(-c4ccccc4)cc3F)nc12,297780,276,-9.646442022,-10.41587255,368.314,5.0124,2.363930618,0.534054696,65.98,2,2,3,TRUE,667068,0.589820359,297780,1,0.148148148,1
COCOc1ccc2cc(CCc3c(C(=O)O)[nH]c(=O)[nH]c3=O)ccc2c1.NCCO,50555218,277,-8.110577763,-10.04700669,431.445,0.6199,2.694529948,0.323466877,167.73,7,5,8,FALSE,50082577,0.509300982,50555218,1,0.101123596,1
O=C(O)C1=C(C(=O)Nc2ccc(-c3cccc(OC(F)(F)F)c3)cc2F)CCC1,28076,280,-5.906094906,-10.77869552,409.335,4.8949,2.440773383,0.689507921,75.63,3,2,5,TRUE,50082594,0.582082606,28076,1,0.10989011,1
Cc1cc(F)ccc1NC(=O)c1cc(Cl)c(-n2nc3n(c2=O)CCCC3)cc1OC(C)C(F)(F)F,1020694,280,-10.2863601,-12.51075413,512.891,5.05312,3.293018576,0.485114787,78.15,6,1,5,TRUE,558949,0.572393539,1020694,1,0.181818182,1
O=C(O)c1cccc2[nH]c(-c3c(F)c(F)c(-c4cccnc4)c(F)c3F)nc12,297838,282,-8.709111983,-11.09467361,387.292,4.5465,2.686630622,0.399452576,78.87,3,2,3,TRUE,CHEMBL3982626,0.528606411,297838,1,0.164556962,1
CCOC(=O)c1sc(Nc2ccc(C(C)(C)C)cc2)nc1-c1ccccc1,50312264,284,-9.056970853,-4.40788411,380.513,6.0279,2.075254707,0.549283308,51.22,5,1,5,TRUE,51109454,0.584080127,50312264,1,0.197530864,1
NCCO.O=C(O)c1[nH]c(=O)[nH]c(=O)c1CCc1cccc(C(F)(F)F)c1,50555334,284,-8.768771953,-8.518152002,389.33,0.5028,2.599117728,0.502760036,149.27,5,5,5,TRUE,51139441,0.536180146,50555334,1,0.130434783,1
CC(Oc1cc(-n2nc3n(c2=O)CCCC3)c(F)cc1C(=O)Nc1ccccc1F)c1ccccc1,1020665,285,-9.035435742,-12.44260938,490.51,5.0408,3.053984153,0.410821597,78.15,6,1,6,TRUE,644807,0.547830018,1020665,1,0.18018018,1
O=C(O)C1=C(C(=O)Nc2ccc(-c3cccc(OC(F)(F)F)c3)cc2Cl)CCC1,50251709,290,-6.2193813,-10.63985731,425.79,5.4092,2.442801845,0.67131484,75.63,3,2,5,TRUE,50082594,0.587406124,50251709,1,0.120879121,1
O=C(NC1CCCc2c1cnn2-c1ccc(F)cc1F)c1onc2c1CCCC2,993074,290,-10.51821692,-11.20873701,398.413,3.8247,3.29548063,0.727945697,72.95,5,1,3,TRUE,558913,0.601895194,993074,1,0.117647059,1
COc1ccc(NC(=O)c2cc(F)c(-n3nc4n(c3=O)CCCC4)cc2OC(C)C(F)(F)F)c(C)n1,1020434,290,-10.21767574,-10.01463303,509.46,3.80332,3.474211229,0.507728775,100.27,8,1,6,TRUE,51109452,0.552843299,1020434,1,0.203703704,1
Cc1cc(CCc2c(C(=O)O)[nH]c(=O)[nH]c2=O)ccc1F.NCCO,50555392,293,-6.095837661,-8.600262506,353.35,-0.06848,2.595331656,0.507863431,149.27,5,5,5,TRUE,51379169,0.53646652,50555392,1,0.161764706,1
CNC(=O)c1cccc2cc(CCc3c(C(=O)O)[nH]c(=O)[nH]c3=O)ccc12.NCCO,50555391,297,-5.26363407,-10.00088667,428.445,-0.0032,2.644249308,0.319598961,178.37,6,6,6,TRUE,667135,0.552790264,50555391,1,0.14893617,1
CC(=O)Nc1ccccc1COc1ccc(-c2ccc(-c3nc4c(C(=O)O)cc(C)cc4[nH]3)cc2)cc1,50358206,300,-6.375727177,-10.81238954,491.547,6.44092,2.368478657,0.242981455,104.31,4,3,7,TRUE,668971,0.458359822,50358206,1,0.114035088,1
COc1cncc(NC(=O)c2cc(F)c(-n3nc4n(c3=O)CCCC4)cc2OC(C)C2CCCCC2)n1,1020511,300,-6.878438473,-10.44135871,510.57,3.9079,3.52924196,0.512747458,113.16,9,1,7,TRUE,50529301,0.562779655,1020511,1,0.144144144,1
CCn1c(C(=O)O)nn(-c2ccc(C(=O)Nc3c(F)cccc3Cl)c(OC(C)C(F)(F)F)c2F)c1=O,972678,300,-9.65227991,-13.55181622,534.825,4.2656,3.547549603,0.437601649,115.45,7,2,7,TRUE,651509,0.512990503,972678,1,0.23853211,1
CC(Oc1cc(-n2nc3n(c2=O)CCCO3)c(F)cc1C(=O)Nc1c(F)cccc1F)C(F)(F)F,1020647,300,-11.37792345,-12.07806358,502.371,3.8157,3.52548973,0.536592095,87.38,7,1,5,TRUE,558913,0.598921434,1020647,1,0.165048544,1
Cc1cn(C)nc1NC(=O)c1cc(F)c(-n2nc3n(c2=O)CCCC3)cc1OC(C)C(F)(F)F,1020474,300,-9.151312317,-11.16148729,482.438,3.13322,3.592326347,0.564118503,95.97,8,1,5,TRUE,50387841,0.599581548,1020474,1,0.162162162,1
Cc1c(NC(=O)c2cc(F)c(-n3nc4n(c3=O)CCCC4)cc2OC(C)C(F)(F)F)cccc1C(N)=O,1020496,300,-11.26860399,-13.90858418,521.471,3.49862,3.345760945,0.481285606,121.24,7,2,6,TRUE,CHEMBL3596636,0.563892255,1020496,1,0.218181818,1
COc1cc(-c2cc(C(=O)O)c3ccccc3n2)ccc1OCC(=O)Nc1ccccc1C(F)(F)F,51406351,300,-10.08828745,-3.5913842,496.441,5.6449,2.215150407,0.343504468,97.75,5,2,7,TRUE,50387876,0.579097931,51406351,1,0.165048544,1
O=C(Nc1ccc(-c2ccccc2)cc1)c1ccsc1C(=O)O,CHEMBL381043,303,-9.122344837,-9.748395655,323.373,4.3656,1.843870542,0.749186205,66.4,3,2,4,TRUE,50387987,0.607147304,CHEMBL381043,1,0.12987013,1
Cc1cc(C(=O)O)c2nc(-c3ccc(-c4ccccc4)cc3)[nH]c2c1,297749,304,-8.000626449,-10.16782583,328.371,4.90352,2.004907005,0.561733988,65.98,2,2,3,TRUE,795442,0.492102207,297749,1,0.164383562,1
COc1ccccc1-c1ccc(NC(=O)C2=C(C(=O)O)CCC2)c(Cl)c1,50251721,310,-7.262098087,-9.721719919,371.82,4.5192,2.222933599,0.809795321,75.63,3,2,5,TRUE,50387983,0.581587523,50251721,1,0.207317073,1
COc1cc2c(cc1C(=O)Nc1ccc(C(C)(C)C#N)cc1)CCCCC2,51425975,310,-11.56796964,-9.939917206,362.473,5.01758,2.241761994,0.777094299,62.12,3,1,4,TRUE,51423082,0.575763896,51425975,1,0.204819277,1
O=C(O)c1cc(-c2ccc(OC(F)(F)F)cc2)nc2ccc(Cl)cc12,51064011,310,-6.738468978,-8.0729623,367.71,5.152,2.030231169,0.694962163,59.42,3,1,3,TRUE,651540,0.49989418,51064011,1,0.220930233,1
CCCC(C)Oc1cc(-n2nc3n(c2=O)CCCC3)c(F)cc1C(=O)Nc1ncncc1Cl,1020393,310,-9.127343446,-11.72914571,474.924,3.7725,3.390282578,0.55861385,103.93,8,1,7,TRUE,826890,0.558289923,1020393,1,0.106557377,1
CCOC(=O)c1sc(Nc2c(F)cc(-c3cccc(OC)c3)cc2F)nc1-c1ccccc1,50312496,311,-10.51728136,-8.765776559,466.509,6.6842,2.359047756,0.307803485,60.45,6,1,7,TRUE,CHEMBL3605081,0.557228629,50312496,1,0.320987654,1
O=C(O)c1c(O)c(-c2ccc(Cl)cc2)nc2ccc(F)cc12,50841910,312,-7.619179143,-7.537258182,317.703,4.0981,2.061944543,0.746270202,70.42,3,2,2,TRUE,50529384,0.516159361,50841910,1,0.155844156,1
Cc1cc(C(=O)O)c2nc(-c3c(F)c(F)c(-c4ccc(F)c(F)c4)c(F)c3F)[nH]c2c1,297847,314,-9.402107967,-10.10439308,436.311,5.73812,2.792599308,0.318126716,65.98,2,2,3,TRUE,795442,0.502599653,297847,1,0.151898734,1
COc1cc(C)c(NC(=O)c2cc(F)c(-n3nc4n(c3=O)CCOC4)cc2OC(C)C(F)(F)F)cn1,1020574,315,-9.698522142,-11.19465152,511.432,2.99722,3.626286754,0.507042016,109.5,9,1,6,TRUE,478124,0.58480208,1020574,1,0.223214286,1
CC(=O)C(C#N)C(=O)Nc1ccc(-c2ccccc2)cc1Cl,52798,320,-7.845050531,-9.438733816,312.756,3.67428,2.489441813,0.87552539,69.96,3,1,4,TRUE,50082577,0.536200807,52798,1,0.095238095,1
CC(O)=C(C#N)C(=O)Nc1ccc(-c2ccccc2)cc1Cl,CHEMBL483994,320,-10.66827655,-11.40188166,312.756,4.30108,2.133129662,0.503889782,73.12,3,2,3,FALSE,50082594,0.563509218,CHEMBL483994,1,0.134146341,1
CCOC(=O)c1sc(Nc2ccc(C)c(C)c2)nc1C1CC1,50312277,325,-8.164445238,-6.370711416,316.426,4.55764,2.2837168,0.821724061,51.22,5,1,5,TRUE,1156131,0.478840791,50312277,1,0.159090909,1
CC(=O)C(C#N)C(=O)Nc1ccc(-c2cccc(Cl)c2Cl)cc1Cl,52790,330,-6.488240422,-10.35888637,381.646,4.98108,2.758723804,0.759166103,69.96,3,1,4,TRUE,50082665,0.532596176,52790,1,0.120879121,1
O=C1C(O)=C(Nc2ccc(F)cc2)C(=O)c2ccccc21,51282858,330,-9.962546586,-9.001381077,283.258,3.0864,2.115085081,0.888465083,66.4,4,2,2,FALSE,51379170,0.593081007,51282858,1,0.079365079,1
CC(O)=C(C#N)C(=O)Nc1ccc(-c2cccc(Cl)c2Cl)cc1Cl,CHEMBL520999,330,-7.213047384,-11.97918256,381.646,5.60788,2.398688662,0.412228271,73.12,3,2,3,FALSE,766227,0.537480765,CHEMBL520999,1,0.091836735,1
O=C(Nc1nc2ccccc2s1)c1cccc(C(Cl)(Cl)Cl)c1,50971946,340,-9.21388167,-9.658455544,371.676,5.3753,2.128098295,0.614827869,41.99,3,1,2,TRUE,50082652,0.547012856,50971946,1,0.081395349,1
COc1cccc(-c2ccc(NC(=O)c3cocc3C(=O)O)c(F)c2)c1,CHEMBL370228,340,-8.903441878,-10.7799265,355.321,4.0448,2.277343293,0.720836629,88.77,4,2,5,TRUE,50082579,0.534366739,CHEMBL370228,1,0.103448276,1
Cc1cc(C(=O)O)c2[nH]c(-c3ccc(-c4c(F)cccc4F)cc3)nc2c1,297783,344,-8.327932243,-10.2795363,364.351,5.18172,2.316973938,0.526230207,65.98,2,2,3,TRUE,CHEMBL3982626,0.517584605,297783,1,0.184210526,1
CCn1c(CO)nn(-c2ccc3c(=O)n(-c4c(F)cccc4Cl)ccc3c2)c1=O,1225999,344,-9.173485222,-12.44886883,414.824,2.6428,2.783757229,0.556275887,82.05,7,1,4,TRUE,50387983,0.627839592,1225999,1,0.188888889,1
Cc1ncnc(NC(=O)c2cc(F)c(-n3nc4n(c3=O)CCCC4)cc2OC(C)C2CCCCC2)c1C,1020514,350,-8.563543431,-10.52904994,508.598,4.51614,3.515054741,0.52525251,103.93,8,1,6,TRUE,651509,0.565315113,1020514,1,0.141666667,1
CC(Oc1cc(-n2nc3ccccn3c2=O)c(F)cc1C(=O)Nc1ccccc1F)C(F)(F)F,1020607,350,-11.40517866,-11.60573243,478.377,4.3453,3.145272543,0.433131767,77.63,6,1,5,TRUE,558954,0.569271383,1020607,1,0.15,1
Cc1cc(C(=O)O)c2nc(-c3ccc(-c4ccc(O)cc4)cc3)[nH]c2c1,297819,350,-6.392407948,-10.56595746,344.37,4.60912,2.139205789,0.506456699,86.21,3,3,3,TRUE,51107485,0.514917364,297819,1,0.130952381,1
CCCC(C)Oc1cc(-n2nc3ccccn3c2=O)c(F)cc1C(=O)Nc1ccccc1F,1020613,355,-11.68101363,-11.91512428,452.461,4.5831,3.032703422,0.445235555,77.63,6,1,7,TRUE,51111947,0.603010444,1020613,1,0.118811881,1
Cc1ccccc1-n1ncc2c1CCCC2NC(=O)c1ccccn1,993088,355,-9.936381875,-10.11419951,332.407,3.38312,2.697189291,0.799679153,59.81,4,1,3,TRUE,51139410,0.603730234,993088,1,0.104651163,1
CCc1sc(NN=Cc2ccccc2C(=O)O)nc1-c1ccccc1Cl,1001123,356,-9.260585138,-9.115808831,385.876,5.1701,2.392266704,0.453073054,74.58,5,2,6,FALSE,669335,0.570233937,1001123,1,0.131313131,1
COc1cccc(-c2ccc(NC(=O)C3=C(C(=O)O)COC3)c(F)c2)c1,50319894,360,-11.37872115,-10.9512133,357.337,2.8512,2.422822746,0.859535311,84.86,4,2,5,TRUE,50489171,0.569949994,50319894,1,0.1375,1
COc1cccc(-c2ccc(-c3nc4c(C(=O)O)cccc4[nH]3)c(F)c2)c1,297744,368,-8.38815231,-10.54777298,362.36,4.7428,2.138169718,0.549645692,75.21,3,2,4,TRUE,50388206,0.518200317,297744,1,0.188888889,1
N#Cc1cc(-c2cccc(OC(F)(F)F)c2)ccc1NC(=O)C1=C(C(=O)O)CCC1,50251723,370,-9.655125662,-10.93365092,416.355,4.62748,2.582933347,0.740588743,99.42,4,2,5,TRUE,50388230,0.545464328,50251723,1,0.202247191,1
CCOC(=O)c1sc(Nc2ccc(C)c(Cl)c2)nc1C1CC1,50312275,372,-8.671192971,-8.686726632,336.844,4.90262,2.318761188,0.788631225,51.22,5,1,5,TRUE,51085866,0.533430233,50312275,1,0.082352941,1
Cc1ccncc1-c1ccc(-c2cc(C(=O)O)c3ccccc3n2)cc1,51126210,373,-9.334587592,-6.490294018,340.382,4.97042,1.973937797,0.57173847,63.08,3,1,3,TRUE,50082577,0.534828244,51126210,1,0.202531646,1
Cc1cc(C(=O)O)c2[nH]c(-c3ccc(-c4ccccc4F)cc3)nc2c1,297758,373,-9.404053463,-11.46416095,346.361,5.04262,2.175580009,0.545862818,65.98,2,2,3,TRUE,667068,0.56342218,297758,1,0.158536585,1
O=C(O)c1cccc2[nH]c(-c3c(F)c(F)c(-c4ccc(OCc5ccccc5)cc4)c(F)c3F)nc12,297834,378,-10.34233284,-9.9622575,492.428,6.7305,2.562568874,0.20361204,75.21,3,2,6,TRUE,50092384,0.541115312,297834,1,0.130434783,1
CC(C)(C)OC(=O)N1CCc2cc(CCc3c(C(=O)O)[nH]c(=O)[nH]c3=O)ccc21.NCCO,50555225,389,-9.109672598,-9.018141957,462.503,0.7816,2.837992444,0.432331817,178.81,7,5,5,TRUE,50252869,0.54123251,50555225,1,0.114583333,1
C=C(C)C(O)CCC(C)=CCCC(C)=CCc1c(O)c(Cl)c(C)c(C=O)c1O,51423342,390,-11.43047062,-10.09943338,406.95,5.80462,3.811463214,0.338403277,77.76,4,3,10,FALSE,CHEMBL4212694,0.542168675,51423342,1,0.086021505,1
O=C(O)C1=C(C(=O)Nc2ccc(-c3cccc(OC(F)(F)F)c3)cc2[N+](=O)[O-])CCC1,50251710,390,-9.414018352,-8.371334097,436.342,4.664,2.555657912,0.502066925,118.77,5,2,6,FALSE,753642,0.539103733,50251710,1,0.201923077,1
O=C(O)c1cc(-c2ccc(-c3cccnc3)cc2)nc2ccccc12,51126209,391,-9.164292553,-7.931714283,326.355,4.662,1.842946284,0.594445381,63.08,3,1,3,TRUE,50082665,0.509687899,51126209,1,0.114942529,1
CCOC(=O)c1sc(Nc2cc(Cl)cc(Cl)c2)nc1-c1ccccc1,50312260,393,-7.937553233,-6.924731876,393.295,6.0372,2.135441702,0.537406898,51.22,5,1,5,TRUE,50492395,0.534169208,50312260,1,0.13253012,1
O=C(O)c1cccnc1Nc1ccc(Cl)cc1,50527775,400,-6.578702337,-6.94369464,248.669,3.1768,1.705563697,0.87579192,62.22,3,2,3,TRUE,51379169,0.457887917,50527775,1,0.203389831,1
CC(Oc1cc(-n2nc(C3CCC3)n(C)c2=O)c(F)cc1C(=O)Nc1ccccc1F)C(F)(F)F,972518,400,-9.965345157,-12.88277089,496.436,4.6986,3.255411952,0.502285016,78.15,6,1,6,TRUE,351212,0.578277471,972518,1,0.138297872,1
CC(Oc1cc(-n2nc(C(F)(F)F)n(C)c2=O)c(F)cc1C(=O)Nc1ccccc1F)C(F)(F)F,972527,400,-8.901963425,-11.09250047,510.341,4.4499,3.294799268,0.515035442,78.15,6,1,5,FALSE,795460,0.513268999,972527,1,0.195652174,1
CC(Oc1cc(-n2nc3n(c2=O)CCCC3)c(F)cc1C(=O)NCCN(C)C)C1CCCCC1,1020553,400,-5.905469243,-9.437553843,473.593,3.1484,3.343257721,0.637116461,81.39,7,1,8,TRUE,596202,0.543395244,1020553,1,0.198198198,1
Cc1cc(C(=O)O)c2[nH]c(-c3ccc(-n4c(C)ccc4C)cc3)nc2c1,297823,401,-6.856925685,-9.570488193,345.402,4.64406,2.427708731,0.567895104,70.91,3,2,3,FALSE,CHEMBL3924809,0.563276632,297823,1,0.12195122,1
Cc1cc(C(=O)O)c2[nH]c(-c3ccc(-c4ccccc4)cc3F)nc2c1,297760,403,-9.433119412,-9.974781746,346.361,5.04262,2.222033855,0.545862818,65.98,2,2,3,TRUE,667068,0.595506982,297760,1,0.168674699,1
Cc1cc(C(=O)O)c2nc(-c3ccc(-c4cccnc4)cc3)[nH]c2c1,297776,407,-6.936752988,-9.612382262,329.359,4.29852,2.184337775,0.587213303,78.87,3,2,3,TRUE,CHEMBL3924809,0.587297603,297776,1,0.160493827,1
CCOC(=O)c1sc(Nc2ccc(C(F)(F)F)cc2)nc1-c1ccccc1,50312265,408,-10.0878567,-8.71696419,392.402,5.7492,2.101170699,0.561965066,51.22,5,1,5,TRUE,50492380,0.517111898,50312265,1,0.151162791,1
O=C(O)C1=C(C(=O)Nc2ccc(-c3ccccc3)cc2)CCC1,50319887,410,-5.241735966,-9.926174645,307.349,3.8572,1.971229983,0.901108688,66.4,2,2,4,TRUE,51085909,0.549337834,50319887,1,0.15625,1
CCc1nn(-c2cc(OC(C)C3CCCCC3)c(C(=O)NC3CCOCC3)cc2F)c(=O)n1C,1098813,420,-8.85997043,-10.05346785,474.577,3.5289,3.372817817,0.663468756,87.38,7,1,7,TRUE,651498,0.591801716,1098813,1,0.172727273,1
O=C(O)c1ccccc1Nc1ccc(Cl)cc1,50527774,420,-4.913720164,-7.067772513,247.681,3.7818,1.484884851,0.867788943,49.33,2,2,3,TRUE,51379169,0.47973749,50527774,1,0.288461538,1
O=C1c2ccccc2C(=O)c2c1nnn2-c1ccc(-c2cccnc2)cc1,51338177,422,-6.730270929,-7.361361347,352.353,3.1047,2.325547968,0.487766395,77.74,6,0,2,FALSE,50082661,0.61804175,51338177,1,0.157894737,1
O=C(O)c1ccccc1C=NN(CCO)c1nc(-c2ccccc2Cl)cs1,1001116,425,-9.772266411,-9.917962049,401.875,3.9945,2.637129358,0.46139941,86.02,6,2,7,FALSE,50387987,0.59119212,1001116,1,0.181818182,1
Cc1nn(C)c(C)c1NC(=O)c1cc(F)c(-n2nc3n(c2=O)CCCC3)cc1OC(C)C(F)(F)F,1020415,430,-9.47984641,-11.8049683,496.465,3.44164,3.469505555,0.546338121,95.97,8,1,5,TRUE,478124,0.548601233,1020415,1,0.1875,1
COC(=O)c1ccc(CCCCc2c(C(=O)O)[nH]c(=O)[nH]c2=O)cc1.NCCO,50555399,434,-7.035515296,-9.705904075,407.423,0.0508,2.470569064,0.301067426,175.57,7,5,8,TRUE,651566,0.53070459,50555399,1,0.153846154,1
NCCO.O=C(O)c1[nH]c(=O)[nH]c(=O)c1CCc1cccc2ccccc12,50555412,434,-8.793460942,-9.470403714,371.393,0.6372,2.467593945,0.444113415,149.27,5,5,5,TRUE,558803,0.512140235,50555412,1,0.107142857,1
CCCCc1ccc(-c2cc(C(=O)O)c3ccccc3n2)cc1,CHEMBL3818502,436.7,-8.539234788,-6.370790624,305.377,4.9426,1.734492221,0.725824093,50.19,2,1,5,TRUE,50082577,0.554898011,CHEMBL3818502,1,0.148148148,1
O=C(O)c1cc(F)cc2[nH]c(-c3ccc(-c4cccnc4)cc3)nc12,297775,437,-8.948987634,-7.515399195,333.322,4.1292,2.218074313,0.590719364,78.87,3,2,3,TRUE,667068,0.560845276,297775,1,0.104651163,1
O=C(O)c1cccc2[nH]c(-c3c(F)c(F)c(-c4ccsc4)c(F)c3F)nc12,297846,441,-9.885957717,-9.379563514,392.333,5.213,2.818367193,0.371441274,65.98,3,2,3,TRUE,795466,0.556653724,297846,1,0.220779221,1
Cc1ccnc(C(=O)NC2CCCc3c2cnn3-c2ccccc2)c1,993111,441,-9.709256351,-10.05052534,332.407,3.38312,2.719737658,0.799679153,59.81,4,1,3,TRUE,558884,0.578126874,993111,1,0.152173913,1
Cc1cc(C(N)=O)c2nc(-c3c(F)c(F)c(-c4ccccc4)c(F)c3F)[nH]c2c1,297804,446,-10.69990802,-10.58595231,399.347,4.86062,2.649197806,0.381488487,71.77,2,2,3,TRUE,667125,0.56865056,297804,1,0.25,1
CCCC(C)Oc1cc(-n2nc3n(c2=O)CCCC3)c(F)cc1C(=O)NC1CCN(C(=O)C2CC2)CC1,1020396,450,-12.65442885,-12.99611646,513.614,3.2076,3.342606081,0.58464338,98.46,7,1,8,TRUE,820625,0.560745955,1020396,1,0.189189189,1
CCc1nn(-c2cc(OC(C)C(F)(F)F)c(C(=O)Nc3c(F)cccc3F)cc2F)c(=O)n1C1CC1,972529,450,-9.109489068,-12.55094268,514.426,4.9305,3.433899831,0.453921483,78.15,6,1,7,TRUE,596202,0.506214594,972529,1,0.211009174,1
CC(Oc1cc(-n2nc3n(c2=O)CCOC3)c(F)cc1C(=O)Nc1cc(F)ccc1Cl)C(F)(F)F,1020593,450,-10.03373271,-12.43371375,518.826,4.0777,3.450007999,0.514455466,87.38,7,1,5,TRUE,351299,0.596660118,1020593,1,0.165048544,1
CCOC(=O)c1sc(Nc2ccc3cc4ccccc4cc3c2)nc1-c1ccccc1,50312491,453,-10.42294819,-4.758771853,424.525,7.0368,2.199118412,0.24285264,51.22,5,1,5,TRUE,51044541,0.588228999,50312491,1,0.127906977,1
CC1=C(C(=O)NC2CCCc3c2cnn3-c2ccccc2C)OC2C=CC=CC12,993086,459,-10.93330365,-12.15192828,387.483,4.08932,3.932343041,0.863057379,56.15,4,1,3,TRUE,50388230,0.589069948,993086,1,0.121212121,1
Cc1nc[nH]c1NC(=O)c1cc(F)c(-n2nc3n(c2=O)CCCC3)cc1OC(C)C(F)(F)F,1020423,460,-9.127533344,-12.19108399,468.411,3.12282,3.712012924,0.559948639,106.83,7,2,5,TRUE,351226,0.558556763,1020423,1,0.160377358,1
CCNC(=O)c1ccc2cc(CCc3c(C(=O)O)[nH]c(=O)[nH]c3=O)ccc2c1.NCCO,50555393,472,-5.342468342,-7.731935841,442.472,0.3869,2.615182432,0.30612758,178.37,6,6,7,TRUE,558967,0.543123039,50555393,1,0.139784946,1
Cc1cc(NC(=O)c2c(O)nn3ccccc23)ccc1Oc1ccccc1,50990481,480,-10.8805531,-10.20365666,359.385,4.39292,2.285546672,0.566443626,75.86,5,2,4,TRUE,50082581,0.526925304,50990481,1,0.189873418,1
O=C(O)c1cccc2[nH]c(-c3ccc(-c4ccccc4F)cc3)nc12,297750,490,-9.282435291,-10.03030377,332.334,4.7342,1.986633928,0.569607908,65.98,2,2,3,TRUE,795466,0.563507572,297750,1,0.226666667,1
CCc1ccc(CCc2c(C(=O)O)[nH]c(=O)[nH]c2=O)cc1.NCCO,50555332,496,-8.374348423,-8.787757139,349.387,0.0464,2.453614267,0.497126083,149.27,5,5,6,TRUE,51139442,0.537889828,50555332,1,0.1,1
O=C(O)c1cccc2nc(-c3c(F)c(F)c(-c4cccs4)c(F)c3F)[nH]c12,297826,500,-9.672186176,-9.001549042,392.333,5.213,2.8041075,0.371441274,65.98,3,2,3,TRUE,795466,0.555189068,297826,1,0.202531646,1
O=C(O)c1cccnc1Nc1ccc(OC(F)(F)F)cc1,50527778,500,-2.673953518,-6.587063375,298.22,3.422,1.977635663,0.904575956,71.45,4,2,4,TRUE,CHEMBL3218923,0.516326531,50527778,1,0.1,1
Cc1n[nH]c(Nc2ccc(OC(F)(F)F)cc2)c1C#N,50786766,500,-7.368979223,-8.771972578,282.225,3.232,2.636768103,0.905970213,73.73,4,2,3,TRUE,51085909,0.511175099,50786766,1,0.111111111,1
O=C(O)c1ccccc1N=NCc1ccc(-c2ccccc2Cl)o1,50565529,500,-9.952411809,-10.54162139,340.766,5.5821,2.49714451,0.615607451,75.16,4,1,5,FALSE,558766,0.511404423,50565529,1,0.129411765,1
Cc1nn(-c2cc(OC(C)C(F)(F)F)c(C(=O)Nc3ccccc3F)cc2F)c(=O)n1C1CC1,972524,500,-8.677534328,-12.37498212,482.409,4.53742,3.240379481,0.523793756,78.15,6,1,6,TRUE,51379174,0.499710548,972524,1,0.176470588,1
CC(Oc1cc(-n2nc3n(c2=O)CCCC3)c(F)cc1C(=O)Nc1nccnc1N1CCOCC1)C1CCCCC1,1020521,500,-8.30016293,-6.579747563,565.65,3.7359,3.620081973,0.460779108,116.4,10,1,7,TRUE,651519,0.570219691,1020521,1,0.163934426,1
CCC(C)n1c(C)nn(-c2cc(OC(C)C(F)(F)F)c(C(=O)Nc3c(F)cccc3F)cc2F)c1=O,972571,500,-9.143849162,-12.85144696,516.442,5.31262,3.652048558,0.431947434,78.15,6,1,7,TRUE,596202,0.497649824,972571,1,0.174311927,1
CC(Oc1cc(-n2nc3n(c2=O)CCCC3)c(F)cc1C(=O)NC1c2ccccc2CC1O)C(F)(F)F,1020495,500,-10.73592862,-13.74486823,520.483,3.2271,3.938368882,0.503837072,98.38,7,2,5,TRUE,51139258,0.584991472,1020495,1,0.166666667,1
COc1cc(-c2cc(C(=O)O)c3ccccc3n2)ccc1OCC(=O)Nc1ccccc1F,51406345,500,-10.26644791,-2.938380775,446.434,4.7652,2.035925661,0.424645857,97.75,5,2,7,TRUE,558900,0.584766073,51406345,1,0.098039216,1
COc1cc(-c2cc(C(=O)O)c3ccccc3n2)ccc1OCC(=O)Nc1cccc(Cl)c1,51406349,500,-9.85261552,-3.36849345,462.889,5.2795,2.043043173,0.387529861,97.75,5,2,7,TRUE,51099405,0.585360738,51406349,1,0.193548387,1
COc1cc(-c2cc(C(=O)O)c3ccccc3n2)ccc1OCC(=O)Nc1ccc(Cl)cc1,51406350,500,-10.10809075,-7.016954941,462.889,5.2795,2.006627788,0.387529861,97.75,5,2,7,TRUE,51099405,0.585417104,51406350,1,0.197802198,1
COc1cc(-c2cc(C(=O)O)c3ccccc3n2)ccc1OCC(=O)Nc1cccc(C(F)(F)F)c1,51406352,500,-12.03437511,-8.755341787,496.441,5.6449,2.195972799,0.343504468,97.75,5,2,7,TRUE,1137255,0.566278528,51406352,1,0.156862745,1
CC(Oc1cc(-n2nc3n(c2=O)CCCC3)c(Cl)cc1C(=O)NC1(c2ccc(F)cc2)CC1)C(F)(F)F,1020689,500,-9.970416292,-14.01558262,538.929,4.9115,3.529776034,0.452374918,78.15,6,1,6,TRUE,646385,0.544729542,1020689,1,0.227272727,1
O=C(O)c1ccccc1NN=Cc1ccc(-c2ccccc2Cl)o1,CHEMBL1088743,500,-9.473992051,-10.70538166,340.766,4.7442,2.101383306,0.519134163,74.83,4,2,5,FALSE,50082585,0.514602093,CHEMBL1088743,1,0.1625,1
Cc1c(-c2ccc(-c3cccnc3F)cc2)nc2ccccc2c1C(=O)O,51126202,504,-10.26289733,-10.83878035,358.372,5.10952,2.135389698,0.517038082,63.08,3,1,3,TRUE,766156,0.59451895,51126202,1,0.150537634,1
CCOC(=O)c1sc(Nc2ccc(C)c(C)c2)nc1C(C)(C)C,50312274,515,-9.424551495,-7.71434513,332.469,4.97774,2.2884095,0.802477877,51.22,5,1,4,TRUE,51085917,0.555213999,50312274,1,0.092105263,1
CC(C)C1CC(=O)c2nnn(-c3cc(F)c(-c4ccccc4F)c(F)c3)c2C1,51338215,520,-10.80069902,-8.145780657,385.389,4.7527,3.32988458,0.653566394,47.78,4,0,3,TRUE,766130,0.592696002,51338215,1,0.179775281,1
NCCO.O=C(Nc1cccc2ccc(CCc3c(C(=O)O)[nH]c(=O)[nH]c3=O)cc12)c1ccccc1,50555290,524,-6.513238657,-6.528540443,490.516,1.8895,2.556300802,0.228858762,178.37,6,6,7,TRUE,1156159,0.5576046,50555290,1,0.116504854,1
O=C1C(O)=C(Nc2ccc(Cl)cc2)C(=O)c2ccccc21,51282854,541,-9.491778413,-9.365220823,299.713,3.6007,2.109025628,0.888906578,66.4,4,2,2,FALSE,51139441,0.50826674,51282854,1,0.203703704,1
Cn1nnc2cc(-c3ccc(-c4ccccc4)cc3)cc(C(=O)O)c21,1100164,550,-9.494897873,-9.021619668,329.359,4.0005,2.179514698,0.616683134,68.01,4,1,3,TRUE,720137,0.481778593,1100164,1,0.168831169,1
Cn1nc2cc(-c3ccc(-c4ccccc4)cc3)cc(C(=O)O)c2n1,1100165,550,-8.312627915,-8.2386603,329.359,4.0005,2.243282005,0.616683134,68.01,4,1,3,TRUE,CHEMBL3924809,0.536502547,1100165,1,0.180555556,1
Cc1ccccc1-c1ccc(-c2cc(C(N)=O)c3nn(C)nc3c2)cc1,1100166,550,-9.960810924,-8.182681141,342.402,3.70962,2.357490404,0.616632976,73.8,4,1,3,TRUE,766090,0.602450017,1100166,1,0.168539326,1
Cc1ccc(C)n1-c1ccc(-c2cc(C(=O)O)c3nn(C)nc3c2)cc1,1100167,550,-7.378227038,-3.80119718,346.39,3.74104,2.603285548,0.613190974,72.94,5,1,3,FALSE,50082577,0.508092892,1100167,1,0.082352941,1
Cn1nnc2cc(-c3ccc(-c4ccccc4CN4CCOCC4)cc3)cc(C(=O)O)c21,1100168,550,-8.21837174,-9.669919123,428.492,3.8327,2.47994735,0.520382496,80.48,6,1,5,TRUE,51122326,0.560004203,1100168,1,0.139534884,1
CN1CCN(Cc2ccccc2-c2ccc(C3=CC4N=NN(C)C4C(C(=O)O)=C3)cc2)CC1,1100169,550,-7.901368861,-8.441663436,443.551,3.5588,3.773645212,0.765188186,71.74,6,1,5,TRUE,51122326,0.55752303,1100169,1,0.137931034,1
Cn1nnc2cc(-c3c(F)c(F)c(-c4cccc(CN5CCOCC5)c4)c(F)c3F)cc(C(=O)O)c21,1100170,550,-11.20651747,-11.81110822,500.452,4.3891,2.946400065,0.323570465,80.48,6,1,5,TRUE,1137212,0.543085996,1100170,1,0.18556701,1
Cn1nnc2cc(-c3c(F)c(F)c(-c4cccc(CN5CCCCC5)c4)c(F)c3F)cc(C(=O)O)c21,1100171,550,-8.905705827,-8.638337058,498.48,5.5428,2.901506995,0.288955892,71.25,5,1,5,TRUE,667118,0.57901403,1100171,1,0.191919192,1
CC(C)NCc1cccc(-c2c(F)c(F)c(-c3cc(C(=O)O)c4c(c3)nnn4C)c(F)c2F)c1,1100172,550,-7.092094123,-7.03008245,472.442,5.0549,2.952888785,0.303163388,80.04,5,2,6,TRUE,50082658,0.547669717,1100172,1,0.150537634,1
Cn1nc2cc(-c3c(F)c(F)c(-c4cccc(CN5CCCCC5)c4)c(F)c3F)cc(C(=O)O)c2n1,1100173,550,-8.601198471,-11.35946755,498.48,5.5428,2.946964878,0.288955892,71.25,5,1,5,TRUE,50489173,0.568636447,1100173,1,0.202020202,1
Cn1nc2cc(-c3c(F)c(F)c(-c4cccc(CN5CCOCC5)c4)c(F)c3F)cc(C(=O)O)c2n1,1100174,550,-8.744619057,-10.47256598,500.452,4.3891,2.991857947,0.323570465,80.48,6,1,5,TRUE,667059,0.557192919,1100174,1,0.205882353,1
CN(C)Cc1cccc(-c2c(F)c(F)c(-c3cc(C(=O)O)c4c(c3)nnn4C)c(F)c2F)c1,1100175,550,-8.883111088,-8.699005779,458.415,4.6185,2.946237968,0.349213074,71.25,5,1,5,TRUE,51122326,0.520814156,1100175,1,0.144578313,1
COC(=O)c1cccc(-c2ccc(-n3nnc4c3C(=O)c3ccccc3C4=O)cc2)c1,51338190,550,-7.895964692,-9.685445543,409.401,3.4963,2.329953488,0.423766629,91.15,7,0,3,FALSE,50082575,0.618043939,51338190,1,0.2,1
CCc1cccc(NC(=O)C=Cc2ccc(Cl)c(Cl)c2)c1,50971945,550,-10.10322455,-8.795742797,320.219,5.2077,1.849410244,0.770088076,29.1,1,1,4,FALSE,51085909,0.545975514,50971945,1,0.108108108,1
CCOC(=O)c1sc(Nc2ccc(C)c(Cl)c2)nc1C(C)(C)C,50312272,552,-9.326804508,-7.943204401,352.887,5.32272,2.322888656,0.756080686,51.22,5,1,4,TRUE,51085917,0.545560884,50312272,1,0.088607595,1
O=C(CCNC(=O)c1ccc(OC(F)(F)F)cc1)NC1CCCc2ccccc21,50527793,560,-9.838820081,-11.39370888,406.404,3.8989,2.543943602,0.764764042,67.43,3,2,6,TRUE,51045736,0.549591222,50527793,1,0.180722892,1
Cc1ccnc(C)c1NC(=O)c1cc(F)c(-n2nc3n(c2=O)CCOC3)cc1OC(C)C(F)(F)F,1020601,560,-8.388813841,-12.83183939,495.433,3.29704,3.640497903,0.545638906,100.27,8,1,5,TRUE,51379174,0.496010032,1020601,1,0.214285714,1
CC(C)c1ccc(-n2nnc3c2C(=O)c2ccccc2C3=O)cc1,51338167,560,-9.749809703,-7.786034157,317.348,3.1661,2.287500225,0.569442008,64.85,5,0,2,FALSE,CHEMBL3917365,0.56735655,51338167,1,0.115942029,1
CC(Oc1cc(-n2nc3n(c2=O)CCCC3)c(F)cc1C(=O)Nc1cccc(C(F)(F)F)c1)c1ccccc1,1020628,561,-10.16867937,-14.07307397,540.517,5.9205,3.177185518,0.308177167,78.15,6,1,6,TRUE,488742,0.563507028,1020628,1,0.198347107,1
CC(=O)c1sc(Nc2ccc3ccccc3c2)nc1C,50312476,562,-8.984269207,-9.100744862,282.368,4.55092,1.978404864,0.716440819,41.99,4,1,3,TRUE,51085918,0.529066667,50312476,1,0.121212121,1
CCn1c(CO)nn(-c2cc3c(C(C)C)cn(-c4cncnc4C)c(=O)c3cc2F)c1=O,1226083,566,-7.531561615,-12.58033399,438.463,2.21122,3.21560912,0.511927048,107.83,9,1,5,TRUE,50382207,0.487535613,1226083,1,0.130434783,1
O=C(O)c1cc(Br)cc2[nH]c(-c3ccc(-c4ccccc4)cc3)nc12,297745,574,-7.368835393,-10.19086684,393.24,5.3576,2.068016621,0.492719603,65.98,2,2,3,TRUE,668947,0.485444939,297745,1,0.103448276,1
O=C(O)c1cccc2cc(-c3ccc(-c4ccccc4)cc3)[nH]c12,297777,595,-9.502665386,-8.269289476,313.356,5.2001,1.915913903,0.545938783,53.09,1,2,3,TRUE,667068,0.552347446,297777,1,0.105263158,1
N#Cc1ccc(NC(=O)C(C#N)C(=O)C2CC2)cc1,176942,600,-6.516560675,-8.025909421,253.261,1.61566,2.793767695,0.824677007,93.75,4,1,4,TRUE,50252866,0.481091371,176942,1,0.142857143,1
CC(Oc1cc(-n2nc(C3CCCC3)n(C)c2=O)c(F)cc1C(=O)Nc1c(F)cccc1F)C(F)(F)F,972570,600,-8.967689163,-12.01293755,528.453,5.2278,3.382157137,0.444965758,78.15,6,1,6,TRUE,351242,0.559594986,972570,1,0.12244898,1
CC(Oc1cc(-n2nc3n(c2=O)CCCC3)c(F)cc1C(=O)Nc1ccc(C(F)(F)F)cc1)C(F)(F)F,1020427,600,-10.05155794,-13.46983969,532.416,5.1101,3.322163534,0.463712005,78.15,6,1,5,FALSE,596147,0.51612633,1020427,1,0.144144144,1
Cc1cc(C(F)(F)F)ccc1NC(=O)c1cc(F)c(-n2nc3n(c2=O)CCOC3)cc1OC(C)C(F)(F)F,1020592,600,-10.52773146,-12.37843204,548.415,4.61242,3.531538814,0.470968982,87.38,7,1,5,FALSE,596253,0.531878767,1020592,1,0.205357143,1
O=C(O)C1=C(C(=O)Nc2ccc(-c3cccc(O)c3)cc2F)CCC1,50251725,610,-6.499998623,-10.27467763,341.338,3.7019,2.306809698,0.791232484,86.63,3,3,4,TRUE,50082594,0.575481006,50251725,1,0.117647059,1
CN(C)c1ccc(-c2cc(F)c(NC(=O)C3=C(C(=O)O)CCC3)c(F)c2)cc1,50251704,610,-9.352616768,-9.727985639,386.398,4.2014,2.490464488,0.808064999,69.64,3,2,5,TRUE,51122315,0.52536628,50251704,1,0.13253012,1
O=C(O)c1cc(F)cc2[nH]c(-c3ccc(-c4ccccc4)cc3F)nc12,CHEMBL3677744,623,-9.56987275,-10.89272402,350.324,4.8733,2.196130321,0.553709365,65.98,2,2,3,TRUE,667068,0.604694028,CHEMBL3677744,1,0.144578313,1
NCCO.NCCO.O=C(O)c1ccccc1CCCCc1c(C(=O)O)[nH]c(=O)[nH]c1=O,50555380,638,-7.777760033,-7.142166438,454.48,-1.1002,2.714624929,0.212896114,232.82,8,8,9,TRUE,51245358,0.508621674,50555380,1,0.114942529,1
CCOC(=O)c1sc(Nc2ccc(C)c(F)c2)nc1C1CC1,50312276,645,-8.255303526,-8.334322355,320.389,4.38832,2.33067796,0.83025927,51.22,5,1,5,TRUE,558766,0.515176765,50312276,1,0.142857143,1
Cc1cc(C(=O)O)c2[nH]c(-c3ccc(-c4ccc(O)c(O)c4)cc3)nc2c1,297793,645,-8.036168075,-10.57797764,360.369,4.31472,2.338941954,0.407279404,106.44,4,4,3,FALSE,CHEMBL3982626,0.570270579,297793,1,0.153846154,1
CCCC(C)Oc1cc(-n2nc3n(c2=O)CCCC3)c(F)cc1C(=O)Nc1ncc(C)nc1C,1020388,650,-10.27566063,-13.05517946,468.533,3.73594,3.454158171,0.566614698,103.93,8,1,7,TRUE,351212,0.596201309,1020388,1,0.144329897,1
CCc1nn(-c2cc(OC(C)C3CCCCC3)c(C(=O)Nc3ccc(S(C)(=N)=O)cc3)cc2F)c(=O)n1C,1098825,650,-8.764553311,-12.32639095,543.665,4.90787,3.694976825,0.418560176,119.07,8,2,8,TRUE,644859,0.558506576,1098825,1,0.221238938,1
CCOC(=O)c1sc(Nc2ccc(C)c(F)c2)nc1C(C)(C)C,50312273,652,-9.343525194,-7.84444543,336.432,4.80842,2.334613222,0.814251785,51.22,5,1,4,TRUE,51085917,0.554163684,50312273,1,0.102564103,1
O=C(O)c1cc(Cl)cc2[nH]c(-c3ccc(-c4ccccc4)cc3F)nc12,297766,659,-8.410802587,-10.1449479,366.779,5.3876,2.177198512,0.510698571,65.98,2,2,3,TRUE,50529312,0.508293969,297766,1,0.162790698,1
CCCC(C)Oc1cc(-n2nc(C)n(C(C)C)c2=O)c(F)cc1C(=O)Nc1ccccc1F,1098614,665,-9.800771364,-12.80294921,458.509,5.02122,3.117602578,0.514118774,78.15,6,1,8,TRUE,CHEMBL3596636,0.552505738,1098614,1,0.169811321,1
O=C(O)c1cc(-c2ccc(Cl)cc2Cl)nc2ccc(Br)cc12,CHEMBL3819188,666.2,-6.029500483,-6.832771114,397.055,5.6693,1.994289057,0.606579043,50.19,2,1,2,TRUE,651566,0.495518842,CHEMBL3819188,1,0.209302326,1
O=C(O)C1=C(C(=O)Nc2ccc(-c3ccccc3)cc2)CSC1,50319902,667,-10.25966929,-9.559352906,325.389,3.4201,2.216426486,0.903755947,66.4,3,2,4,TRUE,50387987,0.575024319,50319902,1,0.116883117,1
Cc1ccccc1NC(=O)c1cccc2nc(-c3cc(Br)nn3-c3ncccc3Cl)[nH]c12,50499496,676,-9.642681038,-8.383947164,507.779,5.78722,2.682421441,0.322314645,88.49,5,2,4,FALSE,544129,0.543595464,50499496,1,0.119266055,1
COc1cccc(-c2ccc(NC(=O)C3=C(C(=O)O)C(O)CC3)c(F)c2)c1,50319888,680,-9.540725407,-11.23663896,371.364,2.9757,2.862901033,0.750977852,95.86,4,3,5,TRUE,651475,0.555751588,50319888,1,0.197674419,1
CC(CNC(=O)OC(C)(C)C)Oc1cc(-n2nc3n(c2=O)CCCC3)c(F)cc1C(=O)Nc1c(F)cccc1Cl,1020703,680,-9.802022435,-12.83488674,578.016,4.8462,3.434753579,0.414767726,116.48,8,2,7,TRUE,651513,0.560389777,1020703,1,0.224137931,1
Cc1cc(C(=O)O)c2nc(-c3ccc(-c4ccc(NC(=O)C5CCCN5)cc4)cc3)[nH]c2c1,297791,692,-7.88082027,-9.847882727,440.503,4.59402,2.841905898,0.363005526,107.11,4,4,5,TRUE,1133003,0.484261723,297791,1,0.173469388,1
O=C(Nc1cc(Cl)cc(Cl)c1)Nc1ccccc1C(=O)O,50565528,700,-7.311434924,-6.329541463,325.151,4.3356,1.779857679,0.785494534,78.43,2,3,3,TRUE,668661,0.539290638,50565528,1,0.098765432,1
CCc1oncc1C(=S)Nc1ccc(OC(F)(F)F)cc1,50123301,700,-6.615701972,-7.69734965,316.304,3.9232,2.647689244,0.866293153,47.29,4,1,4,TRUE,1156143,0.501020269,50123301,1,0.058139535,1
CNc1nn(-c2cc(OC(C)C(F)(F)F)c(C(=O)Nc3c(F)cccc3F)cc2F)c(=O)n1C,972559,700,-9.905182578,-12.68713748,489.376,3.6119,3.428401154,0.516787937,90.18,7,2,6,TRUE,667131,0.587619245,972559,1,0.147058824,1
CCCC(C)Oc1cc(-n2nc(CC)n(C)c2=O)c(F)cc1C(=O)Nc1ccc(CN)c(C)c1,972511,700,-9.446858612,-11.97281881,469.561,3.85932,3.255762079,0.495263378,104.17,7,2,9,TRUE,51109452,0.546600877,972511,1,0.175925926,1
COc1ccc(NC(=O)c2cc(F)c(-n3nc4n(c3=O)CCCC4)cc2OC(C)C2CCCCC2)nn1,1020513,700,-7.068502977,-10.13858013,510.57,3.9079,3.471669391,0.512747458,113.16,9,1,7,TRUE,651534,0.569025678,1020513,1,0.12295082,1
COc1cc(C)c(NC(=O)c2cc(Cl)c(-n3nc4n(c3=O)CCCC4)cc2OC(C)C(F)(F)F)cn1,1020692,700,-9.665704876,-10.53719663,525.915,4.31762,3.489471369,0.51437537,100.27,8,1,6,TRUE,478124,0.581142425,1020692,1,0.221238938,1
Cc1ccncc1NC(=O)c1cc(F)c(-n2nc3n(c2=O)CCOC3)cc1OC(C)C(F)(F)F,1020575,700,-11.4240951,-11.45803361,481.406,2.98862,3.541103149,0.562824643,100.27,8,1,5,TRUE,667131,0.609794629,1020575,1,0.146788991,1
COc1cc(-c2cc(C(=O)O)c3ccccc3n2)ccc1OCC(=O)NCc1cccnc1,51406355,700,-10.34325147,-9.385363181,443.459,3.6988,2.134946794,0.427162765,110.64,6,2,8,TRUE,CHEMBL4439289,0.608892083,51406355,1,0.095238095,1
CCc1oncc1C(S)=Nc1ccc(OC(F)(F)F)cc1,CHEMBL306784,700,-6.615701972,-7.759663874,316.304,4.1437,3.08844813,0.52365742,47.62,4,1,4,TRUE,1156143,0.501020269,CHEMBL306784,1,0.058139535,1
O=C(O)c1cccc2nc(-c3c(F)c(F)c(-c4ccccc4OCc4ccccc4)c(F)c3F)[nH]c12,297803,707,-11.21743331,-7.983160448,492.428,6.7305,2.657987879,0.20361204,75.21,3,2,6,TRUE,351241,0.602706027,297803,1,0.130434783,1
CC(C)CCC1=C(O)C(=O)c2ccccc2C1=O,51282831,709,-7.663985066,-8.197096259,244.29,3.3139,2.350265034,0.886966787,54.37,3,1,3,FALSE,51236259,0.482581967,51282831,1,0.136363636,1
NCCO.O=C(O)c1[nH]c(=O)[nH]c(=O)c1CCc1ccc(C(F)(F)F)cc1,50555335,719,-8.949196018,-8.534788481,389.33,0.5028,2.565879158,0.502760036,149.27,5,5,5,TRUE,667123,0.5182295,50555335,1,0.105263158,1
CC(=CCc1c(O)c(Cl)c(C)c(C=O)c1O)CCC=C(C)C1CC(O)C(C)(C)O1,51423339,720,-11.24127807,-9.757364154,422.949,5.01582,4.286078567,0.424069761,86.99,5,3,7,FALSE,51122320,0.516601013,51423339,1,0.079207921,1
Cc1cnc(C(=O)NC2CCCc3c2cnn3-c2ccccc2F)cn1,993083,735,-9.293016614,-9.731993071,351.385,2.91722,2.91550856,0.787422397,72.7,5,1,3,TRUE,766132,0.563770795,993083,1,0.263736264,1
O=C(O)C1=C(C(=O)Nc2ccc(-c3ccc(Br)cc3)cc2F)CCC1,50251702,735,-8.856870216,-10.70548996,404.235,4.7588,2.239060467,0.772553289,66.4,2,2,4,TRUE,51044442,0.552441954,50251702,1,0.16,1
CCCC(C)Oc1cc(-n2nc(C)n(C(C)C)c2=O)c(F)cc1C(=O)Nc1cccc(C(F)(F)F)c1,1098612,738,-11.07234074,-12.83477421,508.516,5.90092,3.23105796,0.384468578,78.15,6,1,8,TRUE,578603,0.519076133,1098612,1,0.129032258,1
O=C(O)c1cccc2[nH]c(-c3ccc(-c4ccccc4)cc3)nc12,50358230,750,-9.323815975,-9.903647724,314.344,4.5951,1.86974687,0.580767804,65.98,2,2,3,TRUE,50082652,0.553254438,50358230,1,0.101265823,1
CNC(=O)c1nn(-c2cc(OC(C)C(F)(F)F)c(C(=O)Nc3c(F)cccc3F)cc2F)c(=O)n1C,1098846,750,-9.21861435,-12.43973651,517.386,2.9298,3.468009219,0.48943829,107.25,7,2,6,TRUE,CHEMBL3924809,0.509881423,1098846,1,0.112244898,1
CC(Oc1cc(-n2nc3n(c2=O)CCCC3)c(F)cc1C(=O)NC1CCN(C)CC1)C1CCCCC1,1020567,750,-8.6798993,-7.424220162,499.631,3.681,3.383165035,0.655891914,81.39,7,1,6,TRUE,701071,0.519914768,1020567,1,0.15,1
CCCC(C)Oc1cc(-n2nc(CC)n(C)c2=O)c(F)cc1C(=O)Nc1ccccc1O,1098638,750,-9.190682313,-13.29534001,442.491,3.7978,3.144434219,0.517321405,98.38,7,2,8,TRUE,651513,0.555248092,1098638,1,0.142857143,1
Cc1cc(C(=O)O)c2nc(-c3ccc(-c4ccc(OCc5cccnc5)cc4)cc3)[nH]c2c1,297822,755,-7.080343346,-8.983236937,435.483,5.87752,2.284102103,0.347821626,88.1,4,2,6,TRUE,50252878,0.485858972,297822,1,0.142857143,1
Cc1nn(-c2cc(OC(C)c3ccccc3)c(C(=O)Nc3ccccc3F)cc2F)c(=O)n1C(C)C,1098596,755,-11.23420936,-13.64845646,492.526,5.59382,3.044383257,0.364667274,78.15,6,1,7,TRUE,651533,0.568183942,1098596,1,0.136363636,1
O=C(Nc1ccc(Oc2ccccc2)cc1)c1c(O)nn2ccccc12,50990478,760,-10.24512911,-9.677190288,345.358,4.0845,2.177037991,0.584147207,75.86,5,2,4,TRUE,50082581,0.548676805,50990478,1,0.246376812,1
COC(=O)c1cccc(CCc2c(C(=O)O)[nH]c(=O)[nH]c2=O)c1.NCCO,50555410,764,-7.468856831,-7.880936903,379.369,-0.7294,2.512685577,0.408025717,175.57,7,5,6,TRUE,50082594,0.510328811,50555410,1,0.129411765,1
O=C1NC(Cc2ccccc2)C(=O)N2CC(O)CC12,306822,773,-9.31801157,-8.050800228,260.293,-0.3107,3.097149957,0.766076034,69.64,3,2,2,TRUE,667125,0.487718376,306822,1,0.197183099,1
Oc1ccc(C=Nc2cccc3ccccc23)c(O)c1,50971943,780,-9.665090716,-9.792711305,263.296,4.0016,2.1906837,0.686439797,52.82,3,2,2,TRUE,50243457,0.517841601,50971943,1,0.058823529,1
CCOC(=O)c1sc(Nc2ccccc2)nc1-c1ccccc1,50312268,784,-8.412770447,-7.890750974,324.405,4.7304,1.868235295,0.689333062,51.22,5,1,5,TRUE,50082581,0.529296875,50312268,1,0.133333333,1
FC(F)(F)Oc1ccc(NC(=S)c2cnoc2C2CC2)cc1,50123295,800,-7.216651648,-8.23857875,328.315,4.2382,2.63995564,0.850855448,47.29,4,1,4,TRUE,CHEMBL3218923,0.546358934,50123295,1,0.078125,1
CC(=O)C(C#N)C(=S)Nc1ccc(C(F)(F)F)cc1,50123314,800,-8.228412631,-8.317597096,286.278,3.17348,2.90502463,0.867080566,52.89,3,1,3,TRUE,51379169,0.530582524,50123314,1,0.140625,1
COc1cncnc1NC(=O)c1cc(F)c(-n2nc3n(c2=O)CCCC3)cc1OC(C)C1CCCCC1,1020507,800,-8.932304359,-9.833601488,510.57,3.9079,3.494245153,0.512747458,113.16,9,1,7,TRUE,916439,0.566397964,1020507,1,0.12,1
Cc1oncc1C(=O)Nc1ccc(C(F)(F)F)cc1,51406361,800,-9.374782429,-7.619780563,270.21,3.25412,2.078015807,0.910822991,55.13,3,1,2,TRUE,51379172,0.456358704,51406361,1,0.193548387,1
CC(=O)C(C#N)=C(S)Nc1ccc(C(F)(F)F)cc1,CHEMBL70544,800,-8.009958791,-8.189405158,286.278,3.37128,2.630521867,0.508646275,52.89,4,2,3,FALSE,675357,0.511606314,CHEMBL70544,1,0.19047619,1
O=C(O)c1cccc2[nH]c(-c3c(F)c(F)c(-c4ccc(F)cc4)c(F)c3F)nc12,297835,808,-9.238244807,-10.51410702,404.294,5.2906,2.573933575,0.36023166,65.98,2,2,3,TRUE,50388312,0.603156708,297835,1,0.142857143,1
Cc1c(-c2ccc(-c3ccccc3F)cc2)nc2ccc(F)cc2c1C(O)C(F)(F)F,51370189,808,-11.17705385,-8.888676042,429.388,6.75112,2.898043268,0.365545377,33.12,2,1,3,TRUE,766101,0.578981027,51370189,1,0.135416667,1
O=C1C(O)=C(Nc2ccccc2Cl)C(=O)c2ccccc21,51282827,808,-9.790988907,-8.364123157,299.713,3.6007,2.164642577,0.888906578,66.4,4,2,2,FALSE,51346716,0.525018129,51282827,1,0.068493151,1
Cc1cc(C(=O)O)c2nc(-c3c(F)c(F)c(-c4cccc(NC(=O)C5CCCN5)c4)c(F)c3F)[nH]c2c1,297788,815,-9.366682327,-8.290167366,512.463,5.15042,3.381365139,0.218625352,107.11,4,4,5,TRUE,753571,0.577733016,297788,1,0.137931034,1
COC(=O)c1ccc(-n2cc(-c3c(C(=O)O)[nH]c(=O)[nH]c3=O)nn2)cc1.NCCO,50555295,839,-7.117897314,-6.89324035,418.366,-1.2669,2.7475954,0.31047293,206.28,10,5,5,TRUE,651540,0.498841618,50555295,1,0.14893617,1
O=C(O)C1=C(C(=O)Nc2ccc(-c3cccc(OC(F)(F)F)c3)cc2C(F)(F)F)CCC1,50251724,840,-9.597034187,-7.838235515,459.342,5.7746,2.591860416,0.5566528,75.63,3,2,5,TRUE,840287,0.546398692,50251724,1,0.12244898,1
CCc1nn(-c2cc(OC(C)C3CCCCC3)c(C(=O)Nc3cccc(S(C)(=O)=O)c3)cc2F)c(=O)n1C,1098815,850,-9.914154812,-12.06919458,544.649,4.2759,3.307026291,0.453199532,112.29,8,1,8,TRUE,709128,0.54051775,1098815,1,0.234782609,1
CCCC(C)Oc1cc(-n2nc3n(c2=O)CCCC3)c(F)cc1C(=O)NC1CCN(S(C)(=O)=O)CC1,1020397,850,-7.692846281,-11.15441203,523.631,2.2306,3.385501257,0.567483273,115.53,8,1,8,TRUE,945671,0.526069032,1020397,1,0.1640625,1
CC(Oc1cc(-n2nc3n(c2=O)CCCC3)c(F)cc1C(=O)Nc1ncnc2[nH]ccc12)C(F)(F)F,1020486,850,-10.86619793,-13.56923414,505.432,3.3626,3.603817225,0.401676095,119.72,8,2,5,TRUE,CHEMBL3596636,0.60109343,1020486,1,0.182608696,1
Cc1cc(C(=O)O)c2nc(-c3ccc(-c4cccc(O)c4)cc3)[nH]c2c1,297818,862,-7.024449606,-10.07036703,344.37,4.60912,2.186791652,0.506456699,86.21,3,3,3,TRUE,CHEMBL3924809,0.544942474,297818,1,0.1625,1
C=CCC(C)Oc1cc(-n2nc(CC)n(C)c2=O)c(F)cc1C(=O)Nc1c(C)cccc1N,1098699,867,-9.290111175,-13.68112662,453.518,3.75882,3.408594886,0.399241157,104.17,7,2,8,TRUE,651513,0.56664776,1098699,1,0.152542373,1
Cc1ccccc1-n1ncc2c1CCCC2NC(=O)c1cccnc1O,993089,881,-10.40787769,-10.74337299,348.406,3.08872,2.969275945,0.76215946,80.04,5,2,3,TRUE,766078,0.598671174,993089,1,0.173469388,1
CCOC(=O)c1sc(Nc2ccc3ccccc3c2)nc1C,50312470,887,-10.72950447,-9.792507787,312.394,4.52502,1.964424456,0.719359309,51.22,5,1,4,TRUE,50082585,0.557548387,50312470,1,0.166666667,1
Cc1cc(C(=O)O)c2nc(-c3ccc(-c4cccc(F)c4F)cc3)[nH]c2c1,297771,898,-9.07800086,-11.16265718,364.351,5.18172,2.248246002,0.526230207,65.98,2,2,3,TRUE,50082665,0.525253677,297771,1,0.155555556,1
CCN(C)c1nn(-c2cc(OC(C)C(F)(F)F)c(C(=O)Nc3c(F)cccc3F)cc2F)c(=O)n1C,972551,900,-8.911597218,-11.51910887,517.43,4.0263,3.506556334,0.479149763,81.39,7,1,7,TRUE,351226,0.558017881,972551,1,0.19,1
CC(Oc1cc(-n2nc(C(C)(C)C)n(C)c2=O)c(F)cc1C(=O)Nc1c(F)cccc1F)C(F)(F)F,972560,900,-9.030364329,-11.87657054,516.442,4.8677,3.411096456,0.491373201,78.15,6,1,5,TRUE,709051,0.498749777,972560,1,0.19,1
CCCC(C)Oc1cc(-n2nc(CC)n(C)c2=O)c(F)cc1C(=O)NC1Cc2ccccc2C1,972504,900,-10.20096192,-12.46547182,466.557,3.7371,3.282669912,0.548728859,78.15,6,1,8,TRUE,708914,0.553553453,972504,1,0.163461538,1
CC(Oc1cc(-n2nc3n(c2=O)CCCC3)c(F)cc1C(=O)Nc1ccnn1C)C(F)(F)F,1020466,900,-8.697053358,-10.18431862,468.411,2.8248,3.505662629,0.581375747,95.97,8,1,5,TRUE,CHEMBL3596636,0.586262302,1020466,1,0.171171171,1
O=C(CCNC(=O)c1ccc(C(F)(F)F)cc1)NC1CCCc2ccccc21,50527783,910,-10.34332566,-11.04766079,390.405,4.0191,2.477599028,0.810285946,58.2,2,2,5,TRUE,51045736,0.613633777,50527783,1,0.1875,1
O=C1C(O)=C(Nc2cccc(Cl)c2)C(=O)c2ccccc21,51282870,911,-9.185809159,-8.54366002,299.713,3.6007,2.170279605,0.888906578,66.4,4,2,2,FALSE,CHEMBL3218923,0.549123522,51282870,1,0.156862745,1
O=C(O)c1cccc2nc(-c3ccc(-c4ccccc4)cc3F)[nH]c12,297759,922,-9.608855096,-10.38825541,332.334,4.7342,2.102962775,0.569607908,65.98,2,2,3,TRUE,50082652,0.587289235,297759,1,0.090909091,1
CC(=O)c1sc(Nc2ccc(C)c(Cl)c2)nc1C,50971942,930,-8.057486977,-7.523506616,280.78,4.35954,2.079366446,0.849566303,41.99,4,1,3,TRUE,675352,0.498166182,50971942,1,0.070422535,1
COc1ccc2nc(C(=O)Nc3c(F)cc(-c4cccc(F)c4)cc3F)c(C)c(O)c2c1,50107530,940,-9.681136823,-11.73503808,438.405,5.59402,2.485338233,0.435552025,71.45,4,2,4,TRUE,50265770,0.544587885,50107530,1,0.105263158,1
O=C(O)c1cc(Cl)cc2[nH]c(-c3ccc(-c4ccccc4F)cc3)nc12,297767,949,-9.085821502,-10.30922425,366.779,5.3876,2.130744666,0.510698571,65.98,2,2,3,TRUE,50529312,0.524771256,297767,1,0.166666667,1
O=C(O)c1cccc2nc(-c3ccc(-c4ccccc4F)cc3F)[nH]c12,297756,965,-10.24805478,-10.76876809,350.324,4.8733,2.216800383,0.553709365,65.98,2,2,3,TRUE,795466,0.582408198,297756,1,0.230769231,1
COc1cccc(CCc2c(C(=O)O)[nH]c(=O)[nH]c2=O)c1.NCCO,50555408,968,-7.40491535,-7.200826323,351.359,-0.5074,2.462763062,0.468633944,158.5,6,5,6,TRUE,51379169,0.559892115,50555408,1,0.142857143,1
CCOC(=O)c1sc(Nc2ccc(C)c(Cl)c2)nc1C,50312471,969,-9.044963264,-6.413143121,310.806,4.33364,2.036688383,0.853771035,51.22,5,1,4,TRUE,51085909,0.493410853,50312471,1,0.090909091,1
COc1cc(-c2nc3c(C(=O)O)cccc3[nH]2)cc(OC)c1-c1ccccc1,297754,975,-8.999076611,-10.09343413,374.396,4.6123,2.187489468,0.532739399,84.44,4,2,5,TRUE,809492,0.559981892,297754,1,0.155555556,1
O=C(O)c1cc(Cl)cc2nc(-c3ccc(-c4ccccc4)cc3)[nH]c12,297764,994,-8.469334595,-10.16404111,348.789,5.2485,2.072962775,0.531156919,65.98,2,2,3,TRUE,795442,0.489774816,297764,1,0.180555556,1
C=C(C)c1cn(-c2ccccc2F)c(=O)c2cc(F)c(-n3nc(CO)n(CC)c3=O)cc12,1226055,0.169,-8.055613821,-13.41949908,438.434,3.1616,2.996359994,0.519066884,82.05,7,1,5,TRUE,795460,0.559047619,1226055,1,0.147368421,1
Cc1ccccc1-c1ccc(-c2cc(C(=O)O)c3c(c2)nnn3C)cc1,1100158,100,-9.098652981,-8.77889379,343.386,4.30892,2.271363585,0.601769942,68.01,4,1,3,TRUE,CHEMBL3924809,0.54990426,1100158,1,0.15,1
Cc1ccccc1-c1ccc(-c2cc(C(N)=O)c3c(c2)nnn3C)cc1,1100159,100,-10.50912953,-9.323416887,342.402,3.70962,2.330297681,0.616632976,73.8,4,1,3,TRUE,50382180,0.582900384,1100159,1,0.183908046,1
Cc1ccccc1-c1ccc(-c2cc(C(=O)O)c3nn(C)nc3c2)cc1,1100160,100,-8.57465309,-9.256200299,343.386,4.30892,2.333407452,0.601769942,68.01,4,1,3,TRUE,CHEMBL3924809,0.534037002,1100160,1,0.151898734,1
Cc1ccc(C)n1-c1ccc(-c2cc(C(=O)O)c3c(c2)nnn3C)cc1,1100161,100,-6.703745685,-7.272926131,346.39,3.74104,2.540391766,0.613190974,72.94,5,1,3,FALSE,CHEMBL3924809,0.580672783,1100161,1,0.12345679,1
Cn1nnc2cc(-c3c(F)c(F)c(-c4ccccc4)c(F)c3F)cc(C(=O)O)c21,1100162,100,-8.573492278,-9.680229674,401.319,4.5569,2.762827998,0.40383705,68.01,4,1,3,TRUE,CHEMBL3982626,0.541845376,1100162,1,0.216216216,1
Cn1nc2cc(-c3c(F)c(F)c(-c4ccccc4)c(F)c3F)cc(C(=O)O)c2n1,1100163,100,-8.973687659,-9.327791562,401.319,4.5569,2.820218575,0.40383705,68.01,4,1,3,TRUE,50529312,0.531850244,1100163,1,0.202531646,1
CC(Oc1cc(-n2nc3n(c2=O)CCCC3)c(F)cc1C(=O)Nc1c(Cl)cccc1Cl)C1CCCCC1,1020550,5,-10.59704572,-13.43169945,547.458,6.4161,3.335497818,0.386718706,78.15,6,1,6,TRUE,651509,0.596932293,1020550,1,0.207207207,1
Cc1cc(F)ccc1NC(=O)c1cc(F)c(-n2nc3n(c2=O)CCCC3)cc1OC(C)C1CCCCC1,1020545,5,-10.5093945,-13.34770561,510.585,5.55682,3.280994081,0.471267779,78.15,6,1,6,TRUE,651562,0.568157424,1020545,1,0.172413793,1
Cc1cccc(C(F)(F)F)c1NC(=O)c1cc(F)c(-n2nc3n(c2=O)CCCC3)cc1OC(C)C(F)(F)F,1020472,5,-10.68984164,-13.67035118,546.443,5.41852,3.477245759,0.434028876,78.15,6,1,5,FALSE,646385,0.544367856,1020472,1,0.247706422,1
CC(Oc1cc(-n2nc3n(c2=O)CCCC3)c(F)cc1C(=O)Nc1c(Cl)cccc1Cl)C(F)(F)F,1020463,5,-10.4790556,-13.07425625,533.309,5.3981,3.346675307,0.446132636,78.15,6,1,5,TRUE,351240,0.595497887,1020463,1,0.171428571,1
CC(Oc1cc(-n2nc3n(c2=O)CCCC3)c(F)cc1C(=O)Nc1c(F)cccc1Cl)C1CCCCC1,1020562,5,-9.567690111,-13.53845012,531.003,5.9018,3.367976939,0.430084295,78.15,6,1,6,TRUE,645021,0.580041208,1020562,1,0.2,1
Cc1ccncc1NC(=O)c1cc(F)c(-n2nc3n(c2=O)CCCC3)cc1OC(C)C1CCCCC1,1020559,5,-8.387400793,-12.33310274,493.583,4.81272,3.3712439,0.532066757,91.04,7,1,6,TRUE,651543,0.583031317,1020559,1,0.126126126,1
